node_id,lat_index,lon_index,latitude,longitude
0,0,0,8.0,65.0
1,0,1,8.0,65.083336
2,0,2,8.0,65.166664
3,0,3,8.0,65.25
4,0,4,8.0,65.333336
5,0,5,8.0,65.416664
6,0,6,8.0,65.5
7,0,7,8.0,65.583336
8,0,8,8.0,65.666664
9,0,9,8.0,65.75
10,0,10,8.0,65.833336
11,0,11,8.0,65.916664
12,0,12,8.0,66.0
13,0,13,8.0,66.083336
14,0,14,8.0,66.166664
15,0,15,8.0,66.25
16,0,16,8.0,66.333336
17,0,17,8.0,66.416664
18,0,18,8.0,66.5
19,0,19,8.0,66.583336
20,0,20,8.0,66.666664
21,0,21,8.0,66.75
22,0,22,8.0,66.833336
23,0,23,8.0,66.916664
24,0,24,8.0,67.0
25,0,25,8.0,67.083336
26,0,26,8.0,67.166664
27,0,27,8.0,67.25
28,0,28,8.0,67.333336
29,0,29,8.0,67.416664
30,0,30,8.0,67.5
31,0,31,8.0,67.583336
32,0,32,8.0,67.666664
33,0,33,8.0,67.75
34,0,34,8.0,67.833336
35,0,35,8.0,67.916664
36,0,36,8.0,68.0
37,0,37,8.0,68.083336
38,0,38,8.0,68.166664
39,0,39,8.0,68.25
40,0,40,8.0,68.333336
41,0,41,8.0,68.416664
42,0,42,8.0,68.5
43,0,43,8.0,68.583336
44,0,44,8.0,68.666664
45,0,45,8.0,68.75
46,0,46,8.0,68.833336
47,0,47,8.0,68.916664
48,0,48,8.0,69.0
49,0,49,8.0,69.083336
50,0,50,8.0,69.166664
51,0,51,8.0,69.25
52,0,52,8.0,69.333336
53,0,53,8.0,69.416664
54,0,54,8.0,69.5
55,0,55,8.0,69.583336
56,0,56,8.0,69.666664
57,0,57,8.0,69.75
58,0,58,8.0,69.833336
59,0,59,8.0,69.916664
60,0,60,8.0,70.0
61,0,61,8.0,70.083336
62,0,62,8.0,70.166664
63,0,63,8.0,70.25
64,0,64,8.0,70.333336
65,0,65,8.0,70.416664
66,0,66,8.0,70.5
67,0,67,8.0,70.583336
68,0,68,8.0,70.666664
69,0,69,8.0,70.75
70,0,70,8.0,70.833336
71,0,71,8.0,70.916664
72,0,72,8.0,71.0
73,0,73,8.0,71.083336
74,0,74,8.0,71.166664
75,0,75,8.0,71.25
76,0,76,8.0,71.333336
77,0,77,8.0,71.416664
78,0,78,8.0,71.5
79,0,79,8.0,71.583336
80,0,80,8.0,71.666664
81,0,81,8.0,71.75
82,0,82,8.0,71.833336
83,0,83,8.0,71.916664
84,0,84,8.0,72.0
85,0,85,8.0,72.083336
86,0,86,8.0,72.166664
87,0,87,8.0,72.25
88,0,88,8.0,72.333336
89,0,89,8.0,72.416664
90,0,90,8.0,72.5
91,0,91,8.0,72.583336
92,0,92,8.0,72.666664
93,0,93,8.0,72.75
94,0,94,8.0,72.833336
95,0,95,8.0,72.916664
96,0,96,8.0,73.0
97,0,97,8.0,73.083336
98,0,98,8.0,73.166664
99,0,99,8.0,73.25
100,0,100,8.0,73.333336
101,0,101,8.0,73.416664
102,0,102,8.0,73.5
103,0,103,8.0,73.583336
104,0,104,8.0,73.666664
105,0,105,8.0,73.75
106,0,106,8.0,73.833336
107,0,107,8.0,73.916664
108,0,108,8.0,74.0
109,0,109,8.0,74.083336
110,0,110,8.0,74.166664
111,0,111,8.0,74.25
112,0,112,8.0,74.333336
113,0,113,8.0,74.416664
114,0,114,8.0,74.5
115,0,115,8.0,74.583336
116,0,116,8.0,74.666664
117,0,117,8.0,74.75
118,0,118,8.0,74.833336
119,0,119,8.0,74.916664
120,0,120,8.0,75.0
121,1,0,8.083333,65.0
122,1,1,8.083333,65.083336
123,1,2,8.083333,65.166664
124,1,3,8.083333,65.25
125,1,4,8.083333,65.333336
126,1,5,8.083333,65.416664
127,1,6,8.083333,65.5
128,1,7,8.083333,65.583336
129,1,8,8.083333,65.666664
130,1,9,8.083333,65.75
131,1,10,8.083333,65.833336
132,1,11,8.083333,65.916664
133,1,12,8.083333,66.0
134,1,13,8.083333,66.083336
135,1,14,8.083333,66.166664
136,1,15,8.083333,66.25
137,1,16,8.083333,66.333336
138,1,17,8.083333,66.416664
139,1,18,8.083333,66.5
140,1,19,8.083333,66.583336
141,1,20,8.083333,66.666664
142,1,21,8.083333,66.75
143,1,22,8.083333,66.833336
144,1,23,8.083333,66.916664
145,1,24,8.083333,67.0
146,1,25,8.083333,67.083336
147,1,26,8.083333,67.166664
148,1,27,8.083333,67.25
149,1,28,8.083333,67.333336
150,1,29,8.083333,67.416664
151,1,30,8.083333,67.5
152,1,31,8.083333,67.583336
153,1,32,8.083333,67.666664
154,1,33,8.083333,67.75
155,1,34,8.083333,67.833336
156,1,35,8.083333,67.916664
157,1,36,8.083333,68.0
158,1,37,8.083333,68.083336
159,1,38,8.083333,68.166664
160,1,39,8.083333,68.25
161,1,40,8.083333,68.333336
162,1,41,8.083333,68.416664
163,1,42,8.083333,68.5
164,1,43,8.083333,68.583336
165,1,44,8.083333,68.666664
166,1,45,8.083333,68.75
167,1,46,8.083333,68.833336
168,1,47,8.083333,68.916664
169,1,48,8.083333,69.0
170,1,49,8.083333,69.083336
171,1,50,8.083333,69.166664
172,1,51,8.083333,69.25
173,1,52,8.083333,69.333336
174,1,53,8.083333,69.416664
175,1,54,8.083333,69.5
176,1,55,8.083333,69.583336
177,1,56,8.083333,69.666664
178,1,57,8.083333,69.75
179,1,58,8.083333,69.833336
180,1,59,8.083333,69.916664
181,1,60,8.083333,70.0
182,1,61,8.083333,70.083336
183,1,62,8.083333,70.166664
184,1,63,8.083333,70.25
185,1,64,8.083333,70.333336
186,1,65,8.083333,70.416664
187,1,66,8.083333,70.5
188,1,67,8.083333,70.583336
189,1,68,8.083333,70.666664
190,1,69,8.083333,70.75
191,1,70,8.083333,70.833336
192,1,71,8.083333,70.916664
193,1,72,8.083333,71.0
194,1,73,8.083333,71.083336
195,1,74,8.083333,71.166664
196,1,75,8.083333,71.25
197,1,76,8.083333,71.333336
198,1,77,8.083333,71.416664
199,1,78,8.083333,71.5
200,1,79,8.083333,71.583336
201,1,80,8.083333,71.666664
202,1,81,8.083333,71.75
203,1,82,8.083333,71.833336
204,1,83,8.083333,71.916664
205,1,84,8.083333,72.0
206,1,85,8.083333,72.083336
207,1,86,8.083333,72.166664
208,1,87,8.083333,72.25
209,1,88,8.083333,72.333336
210,1,89,8.083333,72.416664
211,1,90,8.083333,72.5
212,1,91,8.083333,72.583336
213,1,92,8.083333,72.666664
214,1,93,8.083333,72.75
215,1,94,8.083333,72.833336
216,1,95,8.083333,72.916664
217,1,96,8.083333,73.0
218,1,97,8.083333,73.083336
219,1,98,8.083333,73.166664
220,1,99,8.083333,73.25
221,1,100,8.083333,73.333336
222,1,101,8.083333,73.416664
223,1,102,8.083333,73.5
224,1,103,8.083333,73.583336
225,1,104,8.083333,73.666664
226,1,105,8.083333,73.75
227,1,106,8.083333,73.833336
228,1,107,8.083333,73.916664
229,1,108,8.083333,74.0
230,1,109,8.083333,74.083336
231,1,110,8.083333,74.166664
232,1,111,8.083333,74.25
233,1,112,8.083333,74.333336
234,1,113,8.083333,74.416664
235,1,114,8.083333,74.5
236,1,115,8.083333,74.583336
237,1,116,8.083333,74.666664
238,1,117,8.083333,74.75
239,1,118,8.083333,74.833336
240,1,119,8.083333,74.916664
241,1,120,8.083333,75.0
242,2,0,8.166667,65.0
243,2,1,8.166667,65.083336
244,2,2,8.166667,65.166664
245,2,3,8.166667,65.25
246,2,4,8.166667,65.333336
247,2,5,8.166667,65.416664
248,2,6,8.166667,65.5
249,2,7,8.166667,65.583336
250,2,8,8.166667,65.666664
251,2,9,8.166667,65.75
252,2,10,8.166667,65.833336
253,2,11,8.166667,65.916664
254,2,12,8.166667,66.0
255,2,13,8.166667,66.083336
256,2,14,8.166667,66.166664
257,2,15,8.166667,66.25
258,2,16,8.166667,66.333336
259,2,17,8.166667,66.416664
260,2,18,8.166667,66.5
261,2,19,8.166667,66.583336
262,2,20,8.166667,66.666664
263,2,21,8.166667,66.75
264,2,22,8.166667,66.833336
265,2,23,8.166667,66.916664
266,2,24,8.166667,67.0
267,2,25,8.166667,67.083336
268,2,26,8.166667,67.166664
269,2,27,8.166667,67.25
270,2,28,8.166667,67.333336
271,2,29,8.166667,67.416664
272,2,30,8.166667,67.5
273,2,31,8.166667,67.583336
274,2,32,8.166667,67.666664
275,2,33,8.166667,67.75
276,2,34,8.166667,67.833336
277,2,35,8.166667,67.916664
278,2,36,8.166667,68.0
279,2,37,8.166667,68.083336
280,2,38,8.166667,68.166664
281,2,39,8.166667,68.25
282,2,40,8.166667,68.333336
283,2,41,8.166667,68.416664
284,2,42,8.166667,68.5
285,2,43,8.166667,68.583336
286,2,44,8.166667,68.666664
287,2,45,8.166667,68.75
288,2,46,8.166667,68.833336
289,2,47,8.166667,68.916664
290,2,48,8.166667,69.0
291,2,49,8.166667,69.083336
292,2,50,8.166667,69.166664
293,2,51,8.166667,69.25
294,2,52,8.166667,69.333336
295,2,53,8.166667,69.416664
296,2,54,8.166667,69.5
297,2,55,8.166667,69.583336
298,2,56,8.166667,69.666664
299,2,57,8.166667,69.75
300,2,58,8.166667,69.833336
301,2,59,8.166667,69.916664
302,2,60,8.166667,70.0
303,2,61,8.166667,70.083336
304,2,62,8.166667,70.166664
305,2,63,8.166667,70.25
306,2,64,8.166667,70.333336
307,2,65,8.166667,70.416664
308,2,66,8.166667,70.5
309,2,67,8.166667,70.583336
310,2,68,8.166667,70.666664
311,2,69,8.166667,70.75
312,2,70,8.166667,70.833336
313,2,71,8.166667,70.916664
314,2,72,8.166667,71.0
315,2,73,8.166667,71.083336
316,2,74,8.166667,71.166664
317,2,75,8.166667,71.25
318,2,76,8.166667,71.333336
319,2,77,8.166667,71.416664
320,2,78,8.166667,71.5
321,2,79,8.166667,71.583336
322,2,80,8.166667,71.666664
323,2,81,8.166667,71.75
324,2,82,8.166667,71.833336
325,2,83,8.166667,71.916664
326,2,84,8.166667,72.0
327,2,85,8.166667,72.083336
328,2,86,8.166667,72.166664
329,2,87,8.166667,72.25
330,2,88,8.166667,72.333336
331,2,89,8.166667,72.416664
332,2,90,8.166667,72.5
333,2,91,8.166667,72.583336
334,2,92,8.166667,72.666664
335,2,93,8.166667,72.75
336,2,94,8.166667,72.833336
337,2,95,8.166667,72.916664
338,2,96,8.166667,73.0
339,2,97,8.166667,73.083336
340,2,98,8.166667,73.166664
341,2,99,8.166667,73.25
342,2,100,8.166667,73.333336
343,2,101,8.166667,73.416664
344,2,102,8.166667,73.5
345,2,103,8.166667,73.583336
346,2,104,8.166667,73.666664
347,2,105,8.166667,73.75
348,2,106,8.166667,73.833336
349,2,107,8.166667,73.916664
350,2,108,8.166667,74.0
351,2,109,8.166667,74.083336
352,2,110,8.166667,74.166664
353,2,111,8.166667,74.25
354,2,112,8.166667,74.333336
355,2,113,8.166667,74.416664
356,2,114,8.166667,74.5
357,2,115,8.166667,74.583336
358,2,116,8.166667,74.666664
359,2,117,8.166667,74.75
360,2,118,8.166667,74.833336
361,2,119,8.166667,74.916664
362,2,120,8.166667,75.0
363,3,0,8.25,65.0
364,3,1,8.25,65.083336
365,3,2,8.25,65.166664
366,3,3,8.25,65.25
367,3,4,8.25,65.333336
368,3,5,8.25,65.416664
369,3,6,8.25,65.5
370,3,7,8.25,65.583336
371,3,8,8.25,65.666664
372,3,9,8.25,65.75
373,3,10,8.25,65.833336
374,3,11,8.25,65.916664
375,3,12,8.25,66.0
376,3,13,8.25,66.083336
377,3,14,8.25,66.166664
378,3,15,8.25,66.25
379,3,16,8.25,66.333336
380,3,17,8.25,66.416664
381,3,18,8.25,66.5
382,3,19,8.25,66.583336
383,3,20,8.25,66.666664
384,3,21,8.25,66.75
385,3,22,8.25,66.833336
386,3,23,8.25,66.916664
387,3,24,8.25,67.0
388,3,25,8.25,67.083336
389,3,26,8.25,67.166664
390,3,27,8.25,67.25
391,3,28,8.25,67.333336
392,3,29,8.25,67.416664
393,3,30,8.25,67.5
394,3,31,8.25,67.583336
395,3,32,8.25,67.666664
396,3,33,8.25,67.75
397,3,34,8.25,67.833336
398,3,35,8.25,67.916664
399,3,36,8.25,68.0
400,3,37,8.25,68.083336
401,3,38,8.25,68.166664
402,3,39,8.25,68.25
403,3,40,8.25,68.333336
404,3,41,8.25,68.416664
405,3,42,8.25,68.5
406,3,43,8.25,68.583336
407,3,44,8.25,68.666664
408,3,45,8.25,68.75
409,3,46,8.25,68.833336
410,3,47,8.25,68.916664
411,3,48,8.25,69.0
412,3,49,8.25,69.083336
413,3,50,8.25,69.166664
414,3,51,8.25,69.25
415,3,52,8.25,69.333336
416,3,53,8.25,69.416664
417,3,54,8.25,69.5
418,3,55,8.25,69.583336
419,3,56,8.25,69.666664
420,3,57,8.25,69.75
421,3,58,8.25,69.833336
422,3,59,8.25,69.916664
423,3,60,8.25,70.0
424,3,61,8.25,70.083336
425,3,62,8.25,70.166664
426,3,63,8.25,70.25
427,3,64,8.25,70.333336
428,3,65,8.25,70.416664
429,3,66,8.25,70.5
430,3,67,8.25,70.583336
431,3,68,8.25,70.666664
432,3,69,8.25,70.75
433,3,70,8.25,70.833336
434,3,71,8.25,70.916664
435,3,72,8.25,71.0
436,3,73,8.25,71.083336
437,3,74,8.25,71.166664
438,3,75,8.25,71.25
439,3,76,8.25,71.333336
440,3,77,8.25,71.416664
441,3,78,8.25,71.5
442,3,79,8.25,71.583336
443,3,80,8.25,71.666664
444,3,81,8.25,71.75
445,3,82,8.25,71.833336
446,3,83,8.25,71.916664
447,3,84,8.25,72.0
448,3,85,8.25,72.083336
449,3,86,8.25,72.166664
450,3,87,8.25,72.25
451,3,88,8.25,72.333336
452,3,89,8.25,72.416664
453,3,90,8.25,72.5
454,3,91,8.25,72.583336
455,3,92,8.25,72.666664
456,3,93,8.25,72.75
457,3,94,8.25,72.833336
458,3,95,8.25,72.916664
459,3,96,8.25,73.0
460,3,97,8.25,73.083336
461,3,98,8.25,73.166664
462,3,99,8.25,73.25
463,3,100,8.25,73.333336
464,3,101,8.25,73.416664
465,3,102,8.25,73.5
466,3,103,8.25,73.583336
467,3,104,8.25,73.666664
468,3,105,8.25,73.75
469,3,106,8.25,73.833336
470,3,107,8.25,73.916664
471,3,108,8.25,74.0
472,3,109,8.25,74.083336
473,3,110,8.25,74.166664
474,3,111,8.25,74.25
475,3,112,8.25,74.333336
476,3,113,8.25,74.416664
477,3,114,8.25,74.5
478,3,115,8.25,74.583336
479,3,116,8.25,74.666664
480,3,117,8.25,74.75
481,3,118,8.25,74.833336
482,3,119,8.25,74.916664
483,3,120,8.25,75.0
484,4,0,8.333333,65.0
485,4,1,8.333333,65.083336
486,4,2,8.333333,65.166664
487,4,3,8.333333,65.25
488,4,4,8.333333,65.333336
489,4,5,8.333333,65.416664
490,4,6,8.333333,65.5
491,4,7,8.333333,65.583336
492,4,8,8.333333,65.666664
493,4,9,8.333333,65.75
494,4,10,8.333333,65.833336
495,4,11,8.333333,65.916664
496,4,12,8.333333,66.0
497,4,13,8.333333,66.083336
498,4,14,8.333333,66.166664
499,4,15,8.333333,66.25
500,4,16,8.333333,66.333336
501,4,17,8.333333,66.416664
502,4,18,8.333333,66.5
503,4,19,8.333333,66.583336
504,4,20,8.333333,66.666664
505,4,21,8.333333,66.75
506,4,22,8.333333,66.833336
507,4,23,8.333333,66.916664
508,4,24,8.333333,67.0
509,4,25,8.333333,67.083336
510,4,26,8.333333,67.166664
511,4,27,8.333333,67.25
512,4,28,8.333333,67.333336
513,4,29,8.333333,67.416664
514,4,30,8.333333,67.5
515,4,31,8.333333,67.583336
516,4,32,8.333333,67.666664
517,4,33,8.333333,67.75
518,4,34,8.333333,67.833336
519,4,35,8.333333,67.916664
520,4,36,8.333333,68.0
521,4,37,8.333333,68.083336
522,4,38,8.333333,68.166664
523,4,39,8.333333,68.25
524,4,40,8.333333,68.333336
525,4,41,8.333333,68.416664
526,4,42,8.333333,68.5
527,4,43,8.333333,68.583336
528,4,44,8.333333,68.666664
529,4,45,8.333333,68.75
530,4,46,8.333333,68.833336
531,4,47,8.333333,68.916664
532,4,48,8.333333,69.0
533,4,49,8.333333,69.083336
534,4,50,8.333333,69.166664
535,4,51,8.333333,69.25
536,4,52,8.333333,69.333336
537,4,53,8.333333,69.416664
538,4,54,8.333333,69.5
539,4,55,8.333333,69.583336
540,4,56,8.333333,69.666664
541,4,57,8.333333,69.75
542,4,58,8.333333,69.833336
543,4,59,8.333333,69.916664
544,4,60,8.333333,70.0
545,4,61,8.333333,70.083336
546,4,62,8.333333,70.166664
547,4,63,8.333333,70.25
548,4,64,8.333333,70.333336
549,4,65,8.333333,70.416664
550,4,66,8.333333,70.5
551,4,67,8.333333,70.583336
552,4,68,8.333333,70.666664
553,4,69,8.333333,70.75
554,4,70,8.333333,70.833336
555,4,71,8.333333,70.916664
556,4,72,8.333333,71.0
557,4,73,8.333333,71.083336
558,4,74,8.333333,71.166664
559,4,75,8.333333,71.25
560,4,76,8.333333,71.333336
561,4,77,8.333333,71.416664
562,4,78,8.333333,71.5
563,4,79,8.333333,71.583336
564,4,80,8.333333,71.666664
565,4,81,8.333333,71.75
566,4,82,8.333333,71.833336
567,4,83,8.333333,71.916664
568,4,84,8.333333,72.0
569,4,85,8.333333,72.083336
570,4,86,8.333333,72.166664
571,4,87,8.333333,72.25
572,4,88,8.333333,72.333336
573,4,89,8.333333,72.416664
574,4,90,8.333333,72.5
575,4,91,8.333333,72.583336
576,4,92,8.333333,72.666664
577,4,93,8.333333,72.75
578,4,94,8.333333,72.833336
579,4,95,8.333333,72.916664
580,4,97,8.333333,73.083336
581,4,98,8.333333,73.166664
582,4,99,8.333333,73.25
583,4,100,8.333333,73.333336
584,4,101,8.333333,73.416664
585,4,102,8.333333,73.5
586,4,103,8.333333,73.583336
587,4,104,8.333333,73.666664
588,4,105,8.333333,73.75
589,4,106,8.333333,73.833336
590,4,107,8.333333,73.916664
591,4,108,8.333333,74.0
592,4,109,8.333333,74.083336
593,4,110,8.333333,74.166664
594,4,111,8.333333,74.25
595,4,112,8.333333,74.333336
596,4,113,8.333333,74.416664
597,4,114,8.333333,74.5
598,4,115,8.333333,74.583336
599,4,116,8.333333,74.666664
600,4,117,8.333333,74.75
601,4,118,8.333333,74.833336
602,4,119,8.333333,74.916664
603,4,120,8.333333,75.0
604,5,0,8.416667,65.0
605,5,1,8.416667,65.083336
606,5,2,8.416667,65.166664
607,5,3,8.416667,65.25
608,5,4,8.416667,65.333336
609,5,5,8.416667,65.416664
610,5,6,8.416667,65.5
611,5,7,8.416667,65.583336
612,5,8,8.416667,65.666664
613,5,9,8.416667,65.75
614,5,10,8.416667,65.833336
615,5,11,8.416667,65.916664
616,5,12,8.416667,66.0
617,5,13,8.416667,66.083336
618,5,14,8.416667,66.166664
619,5,15,8.416667,66.25
620,5,16,8.416667,66.333336
621,5,17,8.416667,66.416664
622,5,18,8.416667,66.5
623,5,19,8.416667,66.583336
624,5,20,8.416667,66.666664
625,5,21,8.416667,66.75
626,5,22,8.416667,66.833336
627,5,23,8.416667,66.916664
628,5,24,8.416667,67.0
629,5,25,8.416667,67.083336
630,5,26,8.416667,67.166664
631,5,27,8.416667,67.25
632,5,28,8.416667,67.333336
633,5,29,8.416667,67.416664
634,5,30,8.416667,67.5
635,5,31,8.416667,67.583336
636,5,32,8.416667,67.666664
637,5,33,8.416667,67.75
638,5,34,8.416667,67.833336
639,5,35,8.416667,67.916664
640,5,36,8.416667,68.0
641,5,37,8.416667,68.083336
642,5,38,8.416667,68.166664
643,5,39,8.416667,68.25
644,5,40,8.416667,68.333336
645,5,41,8.416667,68.416664
646,5,42,8.416667,68.5
647,5,43,8.416667,68.583336
648,5,44,8.416667,68.666664
649,5,45,8.416667,68.75
650,5,46,8.416667,68.833336
651,5,47,8.416667,68.916664
652,5,48,8.416667,69.0
653,5,49,8.416667,69.083336
654,5,50,8.416667,69.166664
655,5,51,8.416667,69.25
656,5,52,8.416667,69.333336
657,5,53,8.416667,69.416664
658,5,54,8.416667,69.5
659,5,55,8.416667,69.583336
660,5,56,8.416667,69.666664
661,5,57,8.416667,69.75
662,5,58,8.416667,69.833336
663,5,59,8.416667,69.916664
664,5,60,8.416667,70.0
665,5,61,8.416667,70.083336
666,5,62,8.416667,70.166664
667,5,63,8.416667,70.25
668,5,64,8.416667,70.333336
669,5,65,8.416667,70.416664
670,5,66,8.416667,70.5
671,5,67,8.416667,70.583336
672,5,68,8.416667,70.666664
673,5,69,8.416667,70.75
674,5,70,8.416667,70.833336
675,5,71,8.416667,70.916664
676,5,72,8.416667,71.0
677,5,73,8.416667,71.083336
678,5,74,8.416667,71.166664
679,5,75,8.416667,71.25
680,5,76,8.416667,71.333336
681,5,77,8.416667,71.416664
682,5,78,8.416667,71.5
683,5,79,8.416667,71.583336
684,5,80,8.416667,71.666664
685,5,81,8.416667,71.75
686,5,82,8.416667,71.833336
687,5,83,8.416667,71.916664
688,5,84,8.416667,72.0
689,5,85,8.416667,72.083336
690,5,86,8.416667,72.166664
691,5,87,8.416667,72.25
692,5,88,8.416667,72.333336
693,5,89,8.416667,72.416664
694,5,90,8.416667,72.5
695,5,91,8.416667,72.583336
696,5,92,8.416667,72.666664
697,5,93,8.416667,72.75
698,5,94,8.416667,72.833336
699,5,95,8.416667,72.916664
700,5,96,8.416667,73.0
701,5,97,8.416667,73.083336
702,5,98,8.416667,73.166664
703,5,99,8.416667,73.25
704,5,100,8.416667,73.333336
705,5,101,8.416667,73.416664
706,5,102,8.416667,73.5
707,5,103,8.416667,73.583336
708,5,104,8.416667,73.666664
709,5,105,8.416667,73.75
710,5,106,8.416667,73.833336
711,5,107,8.416667,73.916664
712,5,108,8.416667,74.0
713,5,109,8.416667,74.083336
714,5,110,8.416667,74.166664
715,5,111,8.416667,74.25
716,5,112,8.416667,74.333336
717,5,113,8.416667,74.416664
718,5,114,8.416667,74.5
719,5,115,8.416667,74.583336
720,5,116,8.416667,74.666664
721,5,117,8.416667,74.75
722,5,118,8.416667,74.833336
723,5,119,8.416667,74.916664
724,5,120,8.416667,75.0
725,6,0,8.5,65.0
726,6,1,8.5,65.083336
727,6,2,8.5,65.166664
728,6,3,8.5,65.25
729,6,4,8.5,65.333336
730,6,5,8.5,65.416664
731,6,6,8.5,65.5
732,6,7,8.5,65.583336
733,6,8,8.5,65.666664
734,6,9,8.5,65.75
735,6,10,8.5,65.833336
736,6,11,8.5,65.916664
737,6,12,8.5,66.0
738,6,13,8.5,66.083336
739,6,14,8.5,66.166664
740,6,15,8.5,66.25
741,6,16,8.5,66.333336
742,6,17,8.5,66.416664
743,6,18,8.5,66.5
744,6,19,8.5,66.583336
745,6,20,8.5,66.666664
746,6,21,8.5,66.75
747,6,22,8.5,66.833336
748,6,23,8.5,66.916664
749,6,24,8.5,67.0
750,6,25,8.5,67.083336
751,6,26,8.5,67.166664
752,6,27,8.5,67.25
753,6,28,8.5,67.333336
754,6,29,8.5,67.416664
755,6,30,8.5,67.5
756,6,31,8.5,67.583336
757,6,32,8.5,67.666664
758,6,33,8.5,67.75
759,6,34,8.5,67.833336
760,6,35,8.5,67.916664
761,6,36,8.5,68.0
762,6,37,8.5,68.083336
763,6,38,8.5,68.166664
764,6,39,8.5,68.25
765,6,40,8.5,68.333336
766,6,41,8.5,68.416664
767,6,42,8.5,68.5
768,6,43,8.5,68.583336
769,6,44,8.5,68.666664
770,6,45,8.5,68.75
771,6,46,8.5,68.833336
772,6,47,8.5,68.916664
773,6,48,8.5,69.0
774,6,49,8.5,69.083336
775,6,50,8.5,69.166664
776,6,51,8.5,69.25
777,6,52,8.5,69.333336
778,6,53,8.5,69.416664
779,6,54,8.5,69.5
780,6,55,8.5,69.583336
781,6,56,8.5,69.666664
782,6,57,8.5,69.75
783,6,58,8.5,69.833336
784,6,59,8.5,69.916664
785,6,60,8.5,70.0
786,6,61,8.5,70.083336
787,6,62,8.5,70.166664
788,6,63,8.5,70.25
789,6,64,8.5,70.333336
790,6,65,8.5,70.416664
791,6,66,8.5,70.5
792,6,67,8.5,70.583336
793,6,68,8.5,70.666664
794,6,69,8.5,70.75
795,6,70,8.5,70.833336
796,6,71,8.5,70.916664
797,6,72,8.5,71.0
798,6,73,8.5,71.083336
799,6,74,8.5,71.166664
800,6,75,8.5,71.25
801,6,76,8.5,71.333336
802,6,77,8.5,71.416664
803,6,78,8.5,71.5
804,6,79,8.5,71.583336
805,6,80,8.5,71.666664
806,6,81,8.5,71.75
807,6,82,8.5,71.833336
808,6,83,8.5,71.916664
809,6,84,8.5,72.0
810,6,85,8.5,72.083336
811,6,86,8.5,72.166664
812,6,87,8.5,72.25
813,6,88,8.5,72.333336
814,6,89,8.5,72.416664
815,6,90,8.5,72.5
816,6,91,8.5,72.583336
817,6,92,8.5,72.666664
818,6,93,8.5,72.75
819,6,94,8.5,72.833336
820,6,95,8.5,72.916664
821,6,96,8.5,73.0
822,6,97,8.5,73.083336
823,6,98,8.5,73.166664
824,6,99,8.5,73.25
825,6,100,8.5,73.333336
826,6,101,8.5,73.416664
827,6,102,8.5,73.5
828,6,103,8.5,73.583336
829,6,104,8.5,73.666664
830,6,105,8.5,73.75
831,6,106,8.5,73.833336
832,6,107,8.5,73.916664
833,6,108,8.5,74.0
834,6,109,8.5,74.083336
835,6,110,8.5,74.166664
836,6,111,8.5,74.25
837,6,112,8.5,74.333336
838,6,113,8.5,74.416664
839,6,114,8.5,74.5
840,6,115,8.5,74.583336
841,6,116,8.5,74.666664
842,6,117,8.5,74.75
843,6,118,8.5,74.833336
844,6,119,8.5,74.916664
845,6,120,8.5,75.0
846,7,0,8.583333,65.0
847,7,1,8.583333,65.083336
848,7,2,8.583333,65.166664
849,7,3,8.583333,65.25
850,7,4,8.583333,65.333336
851,7,5,8.583333,65.416664
852,7,6,8.583333,65.5
853,7,7,8.583333,65.583336
854,7,8,8.583333,65.666664
855,7,9,8.583333,65.75
856,7,10,8.583333,65.833336
857,7,11,8.583333,65.916664
858,7,12,8.583333,66.0
859,7,13,8.583333,66.083336
860,7,14,8.583333,66.166664
861,7,15,8.583333,66.25
862,7,16,8.583333,66.333336
863,7,17,8.583333,66.416664
864,7,18,8.583333,66.5
865,7,19,8.583333,66.583336
866,7,20,8.583333,66.666664
867,7,21,8.583333,66.75
868,7,22,8.583333,66.833336
869,7,23,8.583333,66.916664
870,7,24,8.583333,67.0
871,7,25,8.583333,67.083336
872,7,26,8.583333,67.166664
873,7,27,8.583333,67.25
874,7,28,8.583333,67.333336
875,7,29,8.583333,67.416664
876,7,30,8.583333,67.5
877,7,31,8.583333,67.583336
878,7,32,8.583333,67.666664
879,7,33,8.583333,67.75
880,7,34,8.583333,67.833336
881,7,35,8.583333,67.916664
882,7,36,8.583333,68.0
883,7,37,8.583333,68.083336
884,7,38,8.583333,68.166664
885,7,39,8.583333,68.25
886,7,40,8.583333,68.333336
887,7,41,8.583333,68.416664
888,7,42,8.583333,68.5
889,7,43,8.583333,68.583336
890,7,44,8.583333,68.666664
891,7,45,8.583333,68.75
892,7,46,8.583333,68.833336
893,7,47,8.583333,68.916664
894,7,48,8.583333,69.0
895,7,49,8.583333,69.083336
896,7,50,8.583333,69.166664
897,7,51,8.583333,69.25
898,7,52,8.583333,69.333336
899,7,53,8.583333,69.416664
900,7,54,8.583333,69.5
901,7,55,8.583333,69.583336
902,7,56,8.583333,69.666664
903,7,57,8.583333,69.75
904,7,58,8.583333,69.833336
905,7,59,8.583333,69.916664
906,7,60,8.583333,70.0
907,7,61,8.583333,70.083336
908,7,62,8.583333,70.166664
909,7,63,8.583333,70.25
910,7,64,8.583333,70.333336
911,7,65,8.583333,70.416664
912,7,66,8.583333,70.5
913,7,67,8.583333,70.583336
914,7,68,8.583333,70.666664
915,7,69,8.583333,70.75
916,7,70,8.583333,70.833336
917,7,71,8.583333,70.916664
918,7,72,8.583333,71.0
919,7,73,8.583333,71.083336
920,7,74,8.583333,71.166664
921,7,75,8.583333,71.25
922,7,76,8.583333,71.333336
923,7,77,8.583333,71.416664
924,7,78,8.583333,71.5
925,7,79,8.583333,71.583336
926,7,80,8.583333,71.666664
927,7,81,8.583333,71.75
928,7,82,8.583333,71.833336
929,7,83,8.583333,71.916664
930,7,84,8.583333,72.0
931,7,85,8.583333,72.083336
932,7,86,8.583333,72.166664
933,7,87,8.583333,72.25
934,7,88,8.583333,72.333336
935,7,89,8.583333,72.416664
936,7,90,8.583333,72.5
937,7,91,8.583333,72.583336
938,7,92,8.583333,72.666664
939,7,93,8.583333,72.75
940,7,94,8.583333,72.833336
941,7,95,8.583333,72.916664
942,7,96,8.583333,73.0
943,7,97,8.583333,73.083336
944,7,98,8.583333,73.166664
945,7,99,8.583333,73.25
946,7,100,8.583333,73.333336
947,7,101,8.583333,73.416664
948,7,102,8.583333,73.5
949,7,103,8.583333,73.583336
950,7,104,8.583333,73.666664
951,7,105,8.583333,73.75
952,7,106,8.583333,73.833336
953,7,107,8.583333,73.916664
954,7,108,8.583333,74.0
955,7,109,8.583333,74.083336
956,7,110,8.583333,74.166664
957,7,111,8.583333,74.25
958,7,112,8.583333,74.333336
959,7,113,8.583333,74.416664
960,7,114,8.583333,74.5
961,7,115,8.583333,74.583336
962,7,116,8.583333,74.666664
963,7,117,8.583333,74.75
964,7,118,8.583333,74.833336
965,7,119,8.583333,74.916664
966,7,120,8.583333,75.0
967,8,0,8.666667,65.0
968,8,1,8.666667,65.083336
969,8,2,8.666667,65.166664
970,8,3,8.666667,65.25
971,8,4,8.666667,65.333336
972,8,5,8.666667,65.416664
973,8,6,8.666667,65.5
974,8,7,8.666667,65.583336
975,8,8,8.666667,65.666664
976,8,9,8.666667,65.75
977,8,10,8.666667,65.833336
978,8,11,8.666667,65.916664
979,8,12,8.666667,66.0
980,8,13,8.666667,66.083336
981,8,14,8.666667,66.166664
982,8,15,8.666667,66.25
983,8,16,8.666667,66.333336
984,8,17,8.666667,66.416664
985,8,18,8.666667,66.5
986,8,19,8.666667,66.583336
987,8,20,8.666667,66.666664
988,8,21,8.666667,66.75
989,8,22,8.666667,66.833336
990,8,23,8.666667,66.916664
991,8,24,8.666667,67.0
992,8,25,8.666667,67.083336
993,8,26,8.666667,67.166664
994,8,27,8.666667,67.25
995,8,28,8.666667,67.333336
996,8,29,8.666667,67.416664
997,8,30,8.666667,67.5
998,8,31,8.666667,67.583336
999,8,32,8.666667,67.666664
1000,8,33,8.666667,67.75
1001,8,34,8.666667,67.833336
1002,8,35,8.666667,67.916664
1003,8,36,8.666667,68.0
1004,8,37,8.666667,68.083336
1005,8,38,8.666667,68.166664
1006,8,39,8.666667,68.25
1007,8,40,8.666667,68.333336
1008,8,41,8.666667,68.416664
1009,8,42,8.666667,68.5
1010,8,43,8.666667,68.583336
1011,8,44,8.666667,68.666664
1012,8,45,8.666667,68.75
1013,8,46,8.666667,68.833336
1014,8,47,8.666667,68.916664
1015,8,48,8.666667,69.0
1016,8,49,8.666667,69.083336
1017,8,50,8.666667,69.166664
1018,8,51,8.666667,69.25
1019,8,52,8.666667,69.333336
1020,8,53,8.666667,69.416664
1021,8,54,8.666667,69.5
1022,8,55,8.666667,69.583336
1023,8,56,8.666667,69.666664
1024,8,57,8.666667,69.75
1025,8,58,8.666667,69.833336
1026,8,59,8.666667,69.916664
1027,8,60,8.666667,70.0
1028,8,61,8.666667,70.083336
1029,8,62,8.666667,70.166664
1030,8,63,8.666667,70.25
1031,8,64,8.666667,70.333336
1032,8,65,8.666667,70.416664
1033,8,66,8.666667,70.5
1034,8,67,8.666667,70.583336
1035,8,68,8.666667,70.666664
1036,8,69,8.666667,70.75
1037,8,70,8.666667,70.833336
1038,8,71,8.666667,70.916664
1039,8,72,8.666667,71.0
1040,8,73,8.666667,71.083336
1041,8,74,8.666667,71.166664
1042,8,75,8.666667,71.25
1043,8,76,8.666667,71.333336
1044,8,77,8.666667,71.416664
1045,8,78,8.666667,71.5
1046,8,79,8.666667,71.583336
1047,8,80,8.666667,71.666664
1048,8,81,8.666667,71.75
1049,8,82,8.666667,71.833336
1050,8,83,8.666667,71.916664
1051,8,84,8.666667,72.0
1052,8,85,8.666667,72.083336
1053,8,86,8.666667,72.166664
1054,8,87,8.666667,72.25
1055,8,88,8.666667,72.333336
1056,8,89,8.666667,72.416664
1057,8,90,8.666667,72.5
1058,8,91,8.666667,72.583336
1059,8,92,8.666667,72.666664
1060,8,93,8.666667,72.75
1061,8,94,8.666667,72.833336
1062,8,95,8.666667,72.916664
1063,8,96,8.666667,73.0
1064,8,97,8.666667,73.083336
1065,8,98,8.666667,73.166664
1066,8,99,8.666667,73.25
1067,8,100,8.666667,73.333336
1068,8,101,8.666667,73.416664
1069,8,102,8.666667,73.5
1070,8,103,8.666667,73.583336
1071,8,104,8.666667,73.666664
1072,8,105,8.666667,73.75
1073,8,106,8.666667,73.833336
1074,8,107,8.666667,73.916664
1075,8,108,8.666667,74.0
1076,8,109,8.666667,74.083336
1077,8,110,8.666667,74.166664
1078,8,111,8.666667,74.25
1079,8,112,8.666667,74.333336
1080,8,113,8.666667,74.416664
1081,8,114,8.666667,74.5
1082,8,115,8.666667,74.583336
1083,8,116,8.666667,74.666664
1084,8,117,8.666667,74.75
1085,8,118,8.666667,74.833336
1086,8,119,8.666667,74.916664
1087,8,120,8.666667,75.0
1088,9,0,8.75,65.0
1089,9,1,8.75,65.083336
1090,9,2,8.75,65.166664
1091,9,3,8.75,65.25
1092,9,4,8.75,65.333336
1093,9,5,8.75,65.416664
1094,9,6,8.75,65.5
1095,9,7,8.75,65.583336
1096,9,8,8.75,65.666664
1097,9,9,8.75,65.75
1098,9,10,8.75,65.833336
1099,9,11,8.75,65.916664
1100,9,12,8.75,66.0
1101,9,13,8.75,66.083336
1102,9,14,8.75,66.166664
1103,9,15,8.75,66.25
1104,9,16,8.75,66.333336
1105,9,17,8.75,66.416664
1106,9,18,8.75,66.5
1107,9,19,8.75,66.583336
1108,9,20,8.75,66.666664
1109,9,21,8.75,66.75
1110,9,22,8.75,66.833336
1111,9,23,8.75,66.916664
1112,9,24,8.75,67.0
1113,9,25,8.75,67.083336
1114,9,26,8.75,67.166664
1115,9,27,8.75,67.25
1116,9,28,8.75,67.333336
1117,9,29,8.75,67.416664
1118,9,30,8.75,67.5
1119,9,31,8.75,67.583336
1120,9,32,8.75,67.666664
1121,9,33,8.75,67.75
1122,9,34,8.75,67.833336
1123,9,35,8.75,67.916664
1124,9,36,8.75,68.0
1125,9,37,8.75,68.083336
1126,9,38,8.75,68.166664
1127,9,39,8.75,68.25
1128,9,40,8.75,68.333336
1129,9,41,8.75,68.416664
1130,9,42,8.75,68.5
1131,9,43,8.75,68.583336
1132,9,44,8.75,68.666664
1133,9,45,8.75,68.75
1134,9,46,8.75,68.833336
1135,9,47,8.75,68.916664
1136,9,48,8.75,69.0
1137,9,49,8.75,69.083336
1138,9,50,8.75,69.166664
1139,9,51,8.75,69.25
1140,9,52,8.75,69.333336
1141,9,53,8.75,69.416664
1142,9,54,8.75,69.5
1143,9,55,8.75,69.583336
1144,9,56,8.75,69.666664
1145,9,57,8.75,69.75
1146,9,58,8.75,69.833336
1147,9,59,8.75,69.916664
1148,9,60,8.75,70.0
1149,9,61,8.75,70.083336
1150,9,62,8.75,70.166664
1151,9,63,8.75,70.25
1152,9,64,8.75,70.333336
1153,9,65,8.75,70.416664
1154,9,66,8.75,70.5
1155,9,67,8.75,70.583336
1156,9,68,8.75,70.666664
1157,9,69,8.75,70.75
1158,9,70,8.75,70.833336
1159,9,71,8.75,70.916664
1160,9,72,8.75,71.0
1161,9,73,8.75,71.083336
1162,9,74,8.75,71.166664
1163,9,75,8.75,71.25
1164,9,76,8.75,71.333336
1165,9,77,8.75,71.416664
1166,9,78,8.75,71.5
1167,9,79,8.75,71.583336
1168,9,80,8.75,71.666664
1169,9,81,8.75,71.75
1170,9,82,8.75,71.833336
1171,9,83,8.75,71.916664
1172,9,84,8.75,72.0
1173,9,85,8.75,72.083336
1174,9,86,8.75,72.166664
1175,9,87,8.75,72.25
1176,9,88,8.75,72.333336
1177,9,89,8.75,72.416664
1178,9,90,8.75,72.5
1179,9,91,8.75,72.583336
1180,9,92,8.75,72.666664
1181,9,93,8.75,72.75
1182,9,94,8.75,72.833336
1183,9,95,8.75,72.916664
1184,9,96,8.75,73.0
1185,9,97,8.75,73.083336
1186,9,98,8.75,73.166664
1187,9,99,8.75,73.25
1188,9,100,8.75,73.333336
1189,9,101,8.75,73.416664
1190,9,102,8.75,73.5
1191,9,103,8.75,73.583336
1192,9,104,8.75,73.666664
1193,9,105,8.75,73.75
1194,9,106,8.75,73.833336
1195,9,107,8.75,73.916664
1196,9,108,8.75,74.0
1197,9,109,8.75,74.083336
1198,9,110,8.75,74.166664
1199,9,111,8.75,74.25
1200,9,112,8.75,74.333336
1201,9,113,8.75,74.416664
1202,9,114,8.75,74.5
1203,9,115,8.75,74.583336
1204,9,116,8.75,74.666664
1205,9,117,8.75,74.75
1206,9,118,8.75,74.833336
1207,9,119,8.75,74.916664
1208,9,120,8.75,75.0
1209,10,0,8.833333,65.0
1210,10,1,8.833333,65.083336
1211,10,2,8.833333,65.166664
1212,10,3,8.833333,65.25
1213,10,4,8.833333,65.333336
1214,10,5,8.833333,65.416664
1215,10,6,8.833333,65.5
1216,10,7,8.833333,65.583336
1217,10,8,8.833333,65.666664
1218,10,9,8.833333,65.75
1219,10,10,8.833333,65.833336
1220,10,11,8.833333,65.916664
1221,10,12,8.833333,66.0
1222,10,13,8.833333,66.083336
1223,10,14,8.833333,66.166664
1224,10,15,8.833333,66.25
1225,10,16,8.833333,66.333336
1226,10,17,8.833333,66.416664
1227,10,18,8.833333,66.5
1228,10,19,8.833333,66.583336
1229,10,20,8.833333,66.666664
1230,10,21,8.833333,66.75
1231,10,22,8.833333,66.833336
1232,10,23,8.833333,66.916664
1233,10,24,8.833333,67.0
1234,10,25,8.833333,67.083336
1235,10,26,8.833333,67.166664
1236,10,27,8.833333,67.25
1237,10,28,8.833333,67.333336
1238,10,29,8.833333,67.416664
1239,10,30,8.833333,67.5
1240,10,31,8.833333,67.583336
1241,10,32,8.833333,67.666664
1242,10,33,8.833333,67.75
1243,10,34,8.833333,67.833336
1244,10,35,8.833333,67.916664
1245,10,36,8.833333,68.0
1246,10,37,8.833333,68.083336
1247,10,38,8.833333,68.166664
1248,10,39,8.833333,68.25
1249,10,40,8.833333,68.333336
1250,10,41,8.833333,68.416664
1251,10,42,8.833333,68.5
1252,10,43,8.833333,68.583336
1253,10,44,8.833333,68.666664
1254,10,45,8.833333,68.75
1255,10,46,8.833333,68.833336
1256,10,47,8.833333,68.916664
1257,10,48,8.833333,69.0
1258,10,49,8.833333,69.083336
1259,10,50,8.833333,69.166664
1260,10,51,8.833333,69.25
1261,10,52,8.833333,69.333336
1262,10,53,8.833333,69.416664
1263,10,54,8.833333,69.5
1264,10,55,8.833333,69.583336
1265,10,56,8.833333,69.666664
1266,10,57,8.833333,69.75
1267,10,58,8.833333,69.833336
1268,10,59,8.833333,69.916664
1269,10,60,8.833333,70.0
1270,10,61,8.833333,70.083336
1271,10,62,8.833333,70.166664
1272,10,63,8.833333,70.25
1273,10,64,8.833333,70.333336
1274,10,65,8.833333,70.416664
1275,10,66,8.833333,70.5
1276,10,67,8.833333,70.583336
1277,10,68,8.833333,70.666664
1278,10,69,8.833333,70.75
1279,10,70,8.833333,70.833336
1280,10,71,8.833333,70.916664
1281,10,72,8.833333,71.0
1282,10,73,8.833333,71.083336
1283,10,74,8.833333,71.166664
1284,10,75,8.833333,71.25
1285,10,76,8.833333,71.333336
1286,10,77,8.833333,71.416664
1287,10,78,8.833333,71.5
1288,10,79,8.833333,71.583336
1289,10,80,8.833333,71.666664
1290,10,81,8.833333,71.75
1291,10,82,8.833333,71.833336
1292,10,83,8.833333,71.916664
1293,10,84,8.833333,72.0
1294,10,85,8.833333,72.083336
1295,10,86,8.833333,72.166664
1296,10,87,8.833333,72.25
1297,10,88,8.833333,72.333336
1298,10,89,8.833333,72.416664
1299,10,90,8.833333,72.5
1300,10,91,8.833333,72.583336
1301,10,92,8.833333,72.666664
1302,10,93,8.833333,72.75
1303,10,94,8.833333,72.833336
1304,10,95,8.833333,72.916664
1305,10,96,8.833333,73.0
1306,10,97,8.833333,73.083336
1307,10,98,8.833333,73.166664
1308,10,99,8.833333,73.25
1309,10,100,8.833333,73.333336
1310,10,101,8.833333,73.416664
1311,10,102,8.833333,73.5
1312,10,103,8.833333,73.583336
1313,10,104,8.833333,73.666664
1314,10,105,8.833333,73.75
1315,10,106,8.833333,73.833336
1316,10,107,8.833333,73.916664
1317,10,108,8.833333,74.0
1318,10,109,8.833333,74.083336
1319,10,110,8.833333,74.166664
1320,10,111,8.833333,74.25
1321,10,112,8.833333,74.333336
1322,10,113,8.833333,74.416664
1323,10,114,8.833333,74.5
1324,10,115,8.833333,74.583336
1325,10,116,8.833333,74.666664
1326,10,117,8.833333,74.75
1327,10,118,8.833333,74.833336
1328,10,119,8.833333,74.916664
1329,10,120,8.833333,75.0
1330,11,0,8.916667,65.0
1331,11,1,8.916667,65.083336
1332,11,2,8.916667,65.166664
1333,11,3,8.916667,65.25
1334,11,4,8.916667,65.333336
1335,11,5,8.916667,65.416664
1336,11,6,8.916667,65.5
1337,11,7,8.916667,65.583336
1338,11,8,8.916667,65.666664
1339,11,9,8.916667,65.75
1340,11,10,8.916667,65.833336
1341,11,11,8.916667,65.916664
1342,11,12,8.916667,66.0
1343,11,13,8.916667,66.083336
1344,11,14,8.916667,66.166664
1345,11,15,8.916667,66.25
1346,11,16,8.916667,66.333336
1347,11,17,8.916667,66.416664
1348,11,18,8.916667,66.5
1349,11,19,8.916667,66.583336
1350,11,20,8.916667,66.666664
1351,11,21,8.916667,66.75
1352,11,22,8.916667,66.833336
1353,11,23,8.916667,66.916664
1354,11,24,8.916667,67.0
1355,11,25,8.916667,67.083336
1356,11,26,8.916667,67.166664
1357,11,27,8.916667,67.25
1358,11,28,8.916667,67.333336
1359,11,29,8.916667,67.416664
1360,11,30,8.916667,67.5
1361,11,31,8.916667,67.583336
1362,11,32,8.916667,67.666664
1363,11,33,8.916667,67.75
1364,11,34,8.916667,67.833336
1365,11,35,8.916667,67.916664
1366,11,36,8.916667,68.0
1367,11,37,8.916667,68.083336
1368,11,38,8.916667,68.166664
1369,11,39,8.916667,68.25
1370,11,40,8.916667,68.333336
1371,11,41,8.916667,68.416664
1372,11,42,8.916667,68.5
1373,11,43,8.916667,68.583336
1374,11,44,8.916667,68.666664
1375,11,45,8.916667,68.75
1376,11,46,8.916667,68.833336
1377,11,47,8.916667,68.916664
1378,11,48,8.916667,69.0
1379,11,49,8.916667,69.083336
1380,11,50,8.916667,69.166664
1381,11,51,8.916667,69.25
1382,11,52,8.916667,69.333336
1383,11,53,8.916667,69.416664
1384,11,54,8.916667,69.5
1385,11,55,8.916667,69.583336
1386,11,56,8.916667,69.666664
1387,11,57,8.916667,69.75
1388,11,58,8.916667,69.833336
1389,11,59,8.916667,69.916664
1390,11,60,8.916667,70.0
1391,11,61,8.916667,70.083336
1392,11,62,8.916667,70.166664
1393,11,63,8.916667,70.25
1394,11,64,8.916667,70.333336
1395,11,65,8.916667,70.416664
1396,11,66,8.916667,70.5
1397,11,67,8.916667,70.583336
1398,11,68,8.916667,70.666664
1399,11,69,8.916667,70.75
1400,11,70,8.916667,70.833336
1401,11,71,8.916667,70.916664
1402,11,72,8.916667,71.0
1403,11,73,8.916667,71.083336
1404,11,74,8.916667,71.166664
1405,11,75,8.916667,71.25
1406,11,76,8.916667,71.333336
1407,11,77,8.916667,71.416664
1408,11,78,8.916667,71.5
1409,11,79,8.916667,71.583336
1410,11,80,8.916667,71.666664
1411,11,81,8.916667,71.75
1412,11,82,8.916667,71.833336
1413,11,83,8.916667,71.916664
1414,11,84,8.916667,72.0
1415,11,85,8.916667,72.083336
1416,11,86,8.916667,72.166664
1417,11,87,8.916667,72.25
1418,11,88,8.916667,72.333336
1419,11,89,8.916667,72.416664
1420,11,90,8.916667,72.5
1421,11,91,8.916667,72.583336
1422,11,92,8.916667,72.666664
1423,11,93,8.916667,72.75
1424,11,94,8.916667,72.833336
1425,11,95,8.916667,72.916664
1426,11,96,8.916667,73.0
1427,11,97,8.916667,73.083336
1428,11,98,8.916667,73.166664
1429,11,99,8.916667,73.25
1430,11,100,8.916667,73.333336
1431,11,101,8.916667,73.416664
1432,11,102,8.916667,73.5
1433,11,103,8.916667,73.583336
1434,11,104,8.916667,73.666664
1435,11,105,8.916667,73.75
1436,11,106,8.916667,73.833336
1437,11,107,8.916667,73.916664
1438,11,108,8.916667,74.0
1439,11,109,8.916667,74.083336
1440,11,110,8.916667,74.166664
1441,11,111,8.916667,74.25
1442,11,112,8.916667,74.333336
1443,11,113,8.916667,74.416664
1444,11,114,8.916667,74.5
1445,11,115,8.916667,74.583336
1446,11,116,8.916667,74.666664
1447,11,117,8.916667,74.75
1448,11,118,8.916667,74.833336
1449,11,119,8.916667,74.916664
1450,11,120,8.916667,75.0
1451,12,0,9.0,65.0
1452,12,1,9.0,65.083336
1453,12,2,9.0,65.166664
1454,12,3,9.0,65.25
1455,12,4,9.0,65.333336
1456,12,5,9.0,65.416664
1457,12,6,9.0,65.5
1458,12,7,9.0,65.583336
1459,12,8,9.0,65.666664
1460,12,9,9.0,65.75
1461,12,10,9.0,65.833336
1462,12,11,9.0,65.916664
1463,12,12,9.0,66.0
1464,12,13,9.0,66.083336
1465,12,14,9.0,66.166664
1466,12,15,9.0,66.25
1467,12,16,9.0,66.333336
1468,12,17,9.0,66.416664
1469,12,18,9.0,66.5
1470,12,19,9.0,66.583336
1471,12,20,9.0,66.666664
1472,12,21,9.0,66.75
1473,12,22,9.0,66.833336
1474,12,23,9.0,66.916664
1475,12,24,9.0,67.0
1476,12,25,9.0,67.083336
1477,12,26,9.0,67.166664
1478,12,27,9.0,67.25
1479,12,28,9.0,67.333336
1480,12,29,9.0,67.416664
1481,12,30,9.0,67.5
1482,12,31,9.0,67.583336
1483,12,32,9.0,67.666664
1484,12,33,9.0,67.75
1485,12,34,9.0,67.833336
1486,12,35,9.0,67.916664
1487,12,36,9.0,68.0
1488,12,37,9.0,68.083336
1489,12,38,9.0,68.166664
1490,12,39,9.0,68.25
1491,12,40,9.0,68.333336
1492,12,41,9.0,68.416664
1493,12,42,9.0,68.5
1494,12,43,9.0,68.583336
1495,12,44,9.0,68.666664
1496,12,45,9.0,68.75
1497,12,46,9.0,68.833336
1498,12,47,9.0,68.916664
1499,12,48,9.0,69.0
1500,12,49,9.0,69.083336
1501,12,50,9.0,69.166664
1502,12,51,9.0,69.25
1503,12,52,9.0,69.333336
1504,12,53,9.0,69.416664
1505,12,54,9.0,69.5
1506,12,55,9.0,69.583336
1507,12,56,9.0,69.666664
1508,12,57,9.0,69.75
1509,12,58,9.0,69.833336
1510,12,59,9.0,69.916664
1511,12,60,9.0,70.0
1512,12,61,9.0,70.083336
1513,12,62,9.0,70.166664
1514,12,63,9.0,70.25
1515,12,64,9.0,70.333336
1516,12,65,9.0,70.416664
1517,12,66,9.0,70.5
1518,12,67,9.0,70.583336
1519,12,68,9.0,70.666664
1520,12,69,9.0,70.75
1521,12,70,9.0,70.833336
1522,12,71,9.0,70.916664
1523,12,72,9.0,71.0
1524,12,73,9.0,71.083336
1525,12,74,9.0,71.166664
1526,12,75,9.0,71.25
1527,12,76,9.0,71.333336
1528,12,77,9.0,71.416664
1529,12,78,9.0,71.5
1530,12,79,9.0,71.583336
1531,12,80,9.0,71.666664
1532,12,81,9.0,71.75
1533,12,82,9.0,71.833336
1534,12,83,9.0,71.916664
1535,12,84,9.0,72.0
1536,12,85,9.0,72.083336
1537,12,86,9.0,72.166664
1538,12,87,9.0,72.25
1539,12,88,9.0,72.333336
1540,12,89,9.0,72.416664
1541,12,90,9.0,72.5
1542,12,91,9.0,72.583336
1543,12,92,9.0,72.666664
1544,12,93,9.0,72.75
1545,12,94,9.0,72.833336
1546,12,95,9.0,72.916664
1547,12,96,9.0,73.0
1548,12,97,9.0,73.083336
1549,12,98,9.0,73.166664
1550,12,99,9.0,73.25
1551,12,100,9.0,73.333336
1552,12,101,9.0,73.416664
1553,12,102,9.0,73.5
1554,12,103,9.0,73.583336
1555,12,104,9.0,73.666664
1556,12,105,9.0,73.75
1557,12,106,9.0,73.833336
1558,12,107,9.0,73.916664
1559,12,108,9.0,74.0
1560,12,109,9.0,74.083336
1561,12,110,9.0,74.166664
1562,12,111,9.0,74.25
1563,12,112,9.0,74.333336
1564,12,113,9.0,74.416664
1565,12,114,9.0,74.5
1566,12,115,9.0,74.583336
1567,12,116,9.0,74.666664
1568,12,117,9.0,74.75
1569,12,118,9.0,74.833336
1570,12,119,9.0,74.916664
1571,12,120,9.0,75.0
1572,13,0,9.083333,65.0
1573,13,1,9.083333,65.083336
1574,13,2,9.083333,65.166664
1575,13,3,9.083333,65.25
1576,13,4,9.083333,65.333336
1577,13,5,9.083333,65.416664
1578,13,6,9.083333,65.5
1579,13,7,9.083333,65.583336
1580,13,8,9.083333,65.666664
1581,13,9,9.083333,65.75
1582,13,10,9.083333,65.833336
1583,13,11,9.083333,65.916664
1584,13,12,9.083333,66.0
1585,13,13,9.083333,66.083336
1586,13,14,9.083333,66.166664
1587,13,15,9.083333,66.25
1588,13,16,9.083333,66.333336
1589,13,17,9.083333,66.416664
1590,13,18,9.083333,66.5
1591,13,19,9.083333,66.583336
1592,13,20,9.083333,66.666664
1593,13,21,9.083333,66.75
1594,13,22,9.083333,66.833336
1595,13,23,9.083333,66.916664
1596,13,24,9.083333,67.0
1597,13,25,9.083333,67.083336
1598,13,26,9.083333,67.166664
1599,13,27,9.083333,67.25
1600,13,28,9.083333,67.333336
1601,13,29,9.083333,67.416664
1602,13,30,9.083333,67.5
1603,13,31,9.083333,67.583336
1604,13,32,9.083333,67.666664
1605,13,33,9.083333,67.75
1606,13,34,9.083333,67.833336
1607,13,35,9.083333,67.916664
1608,13,36,9.083333,68.0
1609,13,37,9.083333,68.083336
1610,13,38,9.083333,68.166664
1611,13,39,9.083333,68.25
1612,13,40,9.083333,68.333336
1613,13,41,9.083333,68.416664
1614,13,42,9.083333,68.5
1615,13,43,9.083333,68.583336
1616,13,44,9.083333,68.666664
1617,13,45,9.083333,68.75
1618,13,46,9.083333,68.833336
1619,13,47,9.083333,68.916664
1620,13,48,9.083333,69.0
1621,13,49,9.083333,69.083336
1622,13,50,9.083333,69.166664
1623,13,51,9.083333,69.25
1624,13,52,9.083333,69.333336
1625,13,53,9.083333,69.416664
1626,13,54,9.083333,69.5
1627,13,55,9.083333,69.583336
1628,13,56,9.083333,69.666664
1629,13,57,9.083333,69.75
1630,13,58,9.083333,69.833336
1631,13,59,9.083333,69.916664
1632,13,60,9.083333,70.0
1633,13,61,9.083333,70.083336
1634,13,62,9.083333,70.166664
1635,13,63,9.083333,70.25
1636,13,64,9.083333,70.333336
1637,13,65,9.083333,70.416664
1638,13,66,9.083333,70.5
1639,13,67,9.083333,70.583336
1640,13,68,9.083333,70.666664
1641,13,69,9.083333,70.75
1642,13,70,9.083333,70.833336
1643,13,71,9.083333,70.916664
1644,13,72,9.083333,71.0
1645,13,73,9.083333,71.083336
1646,13,74,9.083333,71.166664
1647,13,75,9.083333,71.25
1648,13,76,9.083333,71.333336
1649,13,77,9.083333,71.416664
1650,13,78,9.083333,71.5
1651,13,79,9.083333,71.583336
1652,13,80,9.083333,71.666664
1653,13,81,9.083333,71.75
1654,13,82,9.083333,71.833336
1655,13,83,9.083333,71.916664
1656,13,84,9.083333,72.0
1657,13,85,9.083333,72.083336
1658,13,86,9.083333,72.166664
1659,13,87,9.083333,72.25
1660,13,88,9.083333,72.333336
1661,13,89,9.083333,72.416664
1662,13,90,9.083333,72.5
1663,13,91,9.083333,72.583336
1664,13,92,9.083333,72.666664
1665,13,93,9.083333,72.75
1666,13,94,9.083333,72.833336
1667,13,95,9.083333,72.916664
1668,13,96,9.083333,73.0
1669,13,97,9.083333,73.083336
1670,13,98,9.083333,73.166664
1671,13,99,9.083333,73.25
1672,13,100,9.083333,73.333336
1673,13,101,9.083333,73.416664
1674,13,102,9.083333,73.5
1675,13,103,9.083333,73.583336
1676,13,104,9.083333,73.666664
1677,13,105,9.083333,73.75
1678,13,106,9.083333,73.833336
1679,13,107,9.083333,73.916664
1680,13,108,9.083333,74.0
1681,13,109,9.083333,74.083336
1682,13,110,9.083333,74.166664
1683,13,111,9.083333,74.25
1684,13,112,9.083333,74.333336
1685,13,113,9.083333,74.416664
1686,13,114,9.083333,74.5
1687,13,115,9.083333,74.583336
1688,13,116,9.083333,74.666664
1689,13,117,9.083333,74.75
1690,13,118,9.083333,74.833336
1691,13,119,9.083333,74.916664
1692,13,120,9.083333,75.0
1693,14,0,9.166667,65.0
1694,14,1,9.166667,65.083336
1695,14,2,9.166667,65.166664
1696,14,3,9.166667,65.25
1697,14,4,9.166667,65.333336
1698,14,5,9.166667,65.416664
1699,14,6,9.166667,65.5
1700,14,7,9.166667,65.583336
1701,14,8,9.166667,65.666664
1702,14,9,9.166667,65.75
1703,14,10,9.166667,65.833336
1704,14,11,9.166667,65.916664
1705,14,12,9.166667,66.0
1706,14,13,9.166667,66.083336
1707,14,14,9.166667,66.166664
1708,14,15,9.166667,66.25
1709,14,16,9.166667,66.333336
1710,14,17,9.166667,66.416664
1711,14,18,9.166667,66.5
1712,14,19,9.166667,66.583336
1713,14,20,9.166667,66.666664
1714,14,21,9.166667,66.75
1715,14,22,9.166667,66.833336
1716,14,23,9.166667,66.916664
1717,14,24,9.166667,67.0
1718,14,25,9.166667,67.083336
1719,14,26,9.166667,67.166664
1720,14,27,9.166667,67.25
1721,14,28,9.166667,67.333336
1722,14,29,9.166667,67.416664
1723,14,30,9.166667,67.5
1724,14,31,9.166667,67.583336
1725,14,32,9.166667,67.666664
1726,14,33,9.166667,67.75
1727,14,34,9.166667,67.833336
1728,14,35,9.166667,67.916664
1729,14,36,9.166667,68.0
1730,14,37,9.166667,68.083336
1731,14,38,9.166667,68.166664
1732,14,39,9.166667,68.25
1733,14,40,9.166667,68.333336
1734,14,41,9.166667,68.416664
1735,14,42,9.166667,68.5
1736,14,43,9.166667,68.583336
1737,14,44,9.166667,68.666664
1738,14,45,9.166667,68.75
1739,14,46,9.166667,68.833336
1740,14,47,9.166667,68.916664
1741,14,48,9.166667,69.0
1742,14,49,9.166667,69.083336
1743,14,50,9.166667,69.166664
1744,14,51,9.166667,69.25
1745,14,52,9.166667,69.333336
1746,14,53,9.166667,69.416664
1747,14,54,9.166667,69.5
1748,14,55,9.166667,69.583336
1749,14,56,9.166667,69.666664
1750,14,57,9.166667,69.75
1751,14,58,9.166667,69.833336
1752,14,59,9.166667,69.916664
1753,14,60,9.166667,70.0
1754,14,61,9.166667,70.083336
1755,14,62,9.166667,70.166664
1756,14,63,9.166667,70.25
1757,14,64,9.166667,70.333336
1758,14,65,9.166667,70.416664
1759,14,66,9.166667,70.5
1760,14,67,9.166667,70.583336
1761,14,68,9.166667,70.666664
1762,14,69,9.166667,70.75
1763,14,70,9.166667,70.833336
1764,14,71,9.166667,70.916664
1765,14,72,9.166667,71.0
1766,14,73,9.166667,71.083336
1767,14,74,9.166667,71.166664
1768,14,75,9.166667,71.25
1769,14,76,9.166667,71.333336
1770,14,77,9.166667,71.416664
1771,14,78,9.166667,71.5
1772,14,79,9.166667,71.583336
1773,14,80,9.166667,71.666664
1774,14,81,9.166667,71.75
1775,14,82,9.166667,71.833336
1776,14,83,9.166667,71.916664
1777,14,84,9.166667,72.0
1778,14,85,9.166667,72.083336
1779,14,86,9.166667,72.166664
1780,14,87,9.166667,72.25
1781,14,88,9.166667,72.333336
1782,14,89,9.166667,72.416664
1783,14,90,9.166667,72.5
1784,14,91,9.166667,72.583336
1785,14,92,9.166667,72.666664
1786,14,93,9.166667,72.75
1787,14,94,9.166667,72.833336
1788,14,95,9.166667,72.916664
1789,14,96,9.166667,73.0
1790,14,97,9.166667,73.083336
1791,14,98,9.166667,73.166664
1792,14,99,9.166667,73.25
1793,14,100,9.166667,73.333336
1794,14,101,9.166667,73.416664
1795,14,102,9.166667,73.5
1796,14,103,9.166667,73.583336
1797,14,104,9.166667,73.666664
1798,14,105,9.166667,73.75
1799,14,106,9.166667,73.833336
1800,14,107,9.166667,73.916664
1801,14,108,9.166667,74.0
1802,14,109,9.166667,74.083336
1803,14,110,9.166667,74.166664
1804,14,111,9.166667,74.25
1805,14,112,9.166667,74.333336
1806,14,113,9.166667,74.416664
1807,14,114,9.166667,74.5
1808,14,115,9.166667,74.583336
1809,14,116,9.166667,74.666664
1810,14,117,9.166667,74.75
1811,14,118,9.166667,74.833336
1812,14,119,9.166667,74.916664
1813,14,120,9.166667,75.0
1814,15,0,9.25,65.0
1815,15,1,9.25,65.083336
1816,15,2,9.25,65.166664
1817,15,3,9.25,65.25
1818,15,4,9.25,65.333336
1819,15,5,9.25,65.416664
1820,15,6,9.25,65.5
1821,15,7,9.25,65.583336
1822,15,8,9.25,65.666664
1823,15,9,9.25,65.75
1824,15,10,9.25,65.833336
1825,15,11,9.25,65.916664
1826,15,12,9.25,66.0
1827,15,13,9.25,66.083336
1828,15,14,9.25,66.166664
1829,15,15,9.25,66.25
1830,15,16,9.25,66.333336
1831,15,17,9.25,66.416664
1832,15,18,9.25,66.5
1833,15,19,9.25,66.583336
1834,15,20,9.25,66.666664
1835,15,21,9.25,66.75
1836,15,22,9.25,66.833336
1837,15,23,9.25,66.916664
1838,15,24,9.25,67.0
1839,15,25,9.25,67.083336
1840,15,26,9.25,67.166664
1841,15,27,9.25,67.25
1842,15,28,9.25,67.333336
1843,15,29,9.25,67.416664
1844,15,30,9.25,67.5
1845,15,31,9.25,67.583336
1846,15,32,9.25,67.666664
1847,15,33,9.25,67.75
1848,15,34,9.25,67.833336
1849,15,35,9.25,67.916664
1850,15,36,9.25,68.0
1851,15,37,9.25,68.083336
1852,15,38,9.25,68.166664
1853,15,39,9.25,68.25
1854,15,40,9.25,68.333336
1855,15,41,9.25,68.416664
1856,15,42,9.25,68.5
1857,15,43,9.25,68.583336
1858,15,44,9.25,68.666664
1859,15,45,9.25,68.75
1860,15,46,9.25,68.833336
1861,15,47,9.25,68.916664
1862,15,48,9.25,69.0
1863,15,49,9.25,69.083336
1864,15,50,9.25,69.166664
1865,15,51,9.25,69.25
1866,15,52,9.25,69.333336
1867,15,53,9.25,69.416664
1868,15,54,9.25,69.5
1869,15,55,9.25,69.583336
1870,15,56,9.25,69.666664
1871,15,57,9.25,69.75
1872,15,58,9.25,69.833336
1873,15,59,9.25,69.916664
1874,15,60,9.25,70.0
1875,15,61,9.25,70.083336
1876,15,62,9.25,70.166664
1877,15,63,9.25,70.25
1878,15,64,9.25,70.333336
1879,15,65,9.25,70.416664
1880,15,66,9.25,70.5
1881,15,67,9.25,70.583336
1882,15,68,9.25,70.666664
1883,15,69,9.25,70.75
1884,15,70,9.25,70.833336
1885,15,71,9.25,70.916664
1886,15,72,9.25,71.0
1887,15,73,9.25,71.083336
1888,15,74,9.25,71.166664
1889,15,75,9.25,71.25
1890,15,76,9.25,71.333336
1891,15,77,9.25,71.416664
1892,15,78,9.25,71.5
1893,15,79,9.25,71.583336
1894,15,80,9.25,71.666664
1895,15,81,9.25,71.75
1896,15,82,9.25,71.833336
1897,15,83,9.25,71.916664
1898,15,84,9.25,72.0
1899,15,85,9.25,72.083336
1900,15,86,9.25,72.166664
1901,15,87,9.25,72.25
1902,15,88,9.25,72.333336
1903,15,89,9.25,72.416664
1904,15,90,9.25,72.5
1905,15,91,9.25,72.583336
1906,15,92,9.25,72.666664
1907,15,93,9.25,72.75
1908,15,94,9.25,72.833336
1909,15,95,9.25,72.916664
1910,15,96,9.25,73.0
1911,15,97,9.25,73.083336
1912,15,98,9.25,73.166664
1913,15,99,9.25,73.25
1914,15,100,9.25,73.333336
1915,15,101,9.25,73.416664
1916,15,102,9.25,73.5
1917,15,103,9.25,73.583336
1918,15,104,9.25,73.666664
1919,15,105,9.25,73.75
1920,15,106,9.25,73.833336
1921,15,107,9.25,73.916664
1922,15,108,9.25,74.0
1923,15,109,9.25,74.083336
1924,15,110,9.25,74.166664
1925,15,111,9.25,74.25
1926,15,112,9.25,74.333336
1927,15,113,9.25,74.416664
1928,15,114,9.25,74.5
1929,15,115,9.25,74.583336
1930,15,116,9.25,74.666664
1931,15,117,9.25,74.75
1932,15,118,9.25,74.833336
1933,15,119,9.25,74.916664
1934,15,120,9.25,75.0
1935,16,0,9.333333,65.0
1936,16,1,9.333333,65.083336
1937,16,2,9.333333,65.166664
1938,16,3,9.333333,65.25
1939,16,4,9.333333,65.333336
1940,16,5,9.333333,65.416664
1941,16,6,9.333333,65.5
1942,16,7,9.333333,65.583336
1943,16,8,9.333333,65.666664
1944,16,9,9.333333,65.75
1945,16,10,9.333333,65.833336
1946,16,11,9.333333,65.916664
1947,16,12,9.333333,66.0
1948,16,13,9.333333,66.083336
1949,16,14,9.333333,66.166664
1950,16,15,9.333333,66.25
1951,16,16,9.333333,66.333336
1952,16,17,9.333333,66.416664
1953,16,18,9.333333,66.5
1954,16,19,9.333333,66.583336
1955,16,20,9.333333,66.666664
1956,16,21,9.333333,66.75
1957,16,22,9.333333,66.833336
1958,16,23,9.333333,66.916664
1959,16,24,9.333333,67.0
1960,16,25,9.333333,67.083336
1961,16,26,9.333333,67.166664
1962,16,27,9.333333,67.25
1963,16,28,9.333333,67.333336
1964,16,29,9.333333,67.416664
1965,16,30,9.333333,67.5
1966,16,31,9.333333,67.583336
1967,16,32,9.333333,67.666664
1968,16,33,9.333333,67.75
1969,16,34,9.333333,67.833336
1970,16,35,9.333333,67.916664
1971,16,36,9.333333,68.0
1972,16,37,9.333333,68.083336
1973,16,38,9.333333,68.166664
1974,16,39,9.333333,68.25
1975,16,40,9.333333,68.333336
1976,16,41,9.333333,68.416664
1977,16,42,9.333333,68.5
1978,16,43,9.333333,68.583336
1979,16,44,9.333333,68.666664
1980,16,45,9.333333,68.75
1981,16,46,9.333333,68.833336
1982,16,47,9.333333,68.916664
1983,16,48,9.333333,69.0
1984,16,49,9.333333,69.083336
1985,16,50,9.333333,69.166664
1986,16,51,9.333333,69.25
1987,16,52,9.333333,69.333336
1988,16,53,9.333333,69.416664
1989,16,54,9.333333,69.5
1990,16,55,9.333333,69.583336
1991,16,56,9.333333,69.666664
1992,16,57,9.333333,69.75
1993,16,58,9.333333,69.833336
1994,16,59,9.333333,69.916664
1995,16,60,9.333333,70.0
1996,16,61,9.333333,70.083336
1997,16,62,9.333333,70.166664
1998,16,63,9.333333,70.25
1999,16,64,9.333333,70.333336
2000,16,65,9.333333,70.416664
2001,16,66,9.333333,70.5
2002,16,67,9.333333,70.583336
2003,16,68,9.333333,70.666664
2004,16,69,9.333333,70.75
2005,16,70,9.333333,70.833336
2006,16,71,9.333333,70.916664
2007,16,72,9.333333,71.0
2008,16,73,9.333333,71.083336
2009,16,74,9.333333,71.166664
2010,16,75,9.333333,71.25
2011,16,76,9.333333,71.333336
2012,16,77,9.333333,71.416664
2013,16,78,9.333333,71.5
2014,16,79,9.333333,71.583336
2015,16,80,9.333333,71.666664
2016,16,81,9.333333,71.75
2017,16,82,9.333333,71.833336
2018,16,83,9.333333,71.916664
2019,16,84,9.333333,72.0
2020,16,85,9.333333,72.083336
2021,16,86,9.333333,72.166664
2022,16,87,9.333333,72.25
2023,16,88,9.333333,72.333336
2024,16,89,9.333333,72.416664
2025,16,90,9.333333,72.5
2026,16,91,9.333333,72.583336
2027,16,92,9.333333,72.666664
2028,16,93,9.333333,72.75
2029,16,94,9.333333,72.833336
2030,16,95,9.333333,72.916664
2031,16,96,9.333333,73.0
2032,16,97,9.333333,73.083336
2033,16,98,9.333333,73.166664
2034,16,99,9.333333,73.25
2035,16,100,9.333333,73.333336
2036,16,101,9.333333,73.416664
2037,16,102,9.333333,73.5
2038,16,103,9.333333,73.583336
2039,16,104,9.333333,73.666664
2040,16,105,9.333333,73.75
2041,16,106,9.333333,73.833336
2042,16,107,9.333333,73.916664
2043,16,108,9.333333,74.0
2044,16,109,9.333333,74.083336
2045,16,110,9.333333,74.166664
2046,16,111,9.333333,74.25
2047,16,112,9.333333,74.333336
2048,16,113,9.333333,74.416664
2049,16,114,9.333333,74.5
2050,16,115,9.333333,74.583336
2051,16,116,9.333333,74.666664
2052,16,117,9.333333,74.75
2053,16,118,9.333333,74.833336
2054,16,119,9.333333,74.916664
2055,16,120,9.333333,75.0
2056,17,0,9.416667,65.0
2057,17,1,9.416667,65.083336
2058,17,2,9.416667,65.166664
2059,17,3,9.416667,65.25
2060,17,4,9.416667,65.333336
2061,17,5,9.416667,65.416664
2062,17,6,9.416667,65.5
2063,17,7,9.416667,65.583336
2064,17,8,9.416667,65.666664
2065,17,9,9.416667,65.75
2066,17,10,9.416667,65.833336
2067,17,11,9.416667,65.916664
2068,17,12,9.416667,66.0
2069,17,13,9.416667,66.083336
2070,17,14,9.416667,66.166664
2071,17,15,9.416667,66.25
2072,17,16,9.416667,66.333336
2073,17,17,9.416667,66.416664
2074,17,18,9.416667,66.5
2075,17,19,9.416667,66.583336
2076,17,20,9.416667,66.666664
2077,17,21,9.416667,66.75
2078,17,22,9.416667,66.833336
2079,17,23,9.416667,66.916664
2080,17,24,9.416667,67.0
2081,17,25,9.416667,67.083336
2082,17,26,9.416667,67.166664
2083,17,27,9.416667,67.25
2084,17,28,9.416667,67.333336
2085,17,29,9.416667,67.416664
2086,17,30,9.416667,67.5
2087,17,31,9.416667,67.583336
2088,17,32,9.416667,67.666664
2089,17,33,9.416667,67.75
2090,17,34,9.416667,67.833336
2091,17,35,9.416667,67.916664
2092,17,36,9.416667,68.0
2093,17,37,9.416667,68.083336
2094,17,38,9.416667,68.166664
2095,17,39,9.416667,68.25
2096,17,40,9.416667,68.333336
2097,17,41,9.416667,68.416664
2098,17,42,9.416667,68.5
2099,17,43,9.416667,68.583336
2100,17,44,9.416667,68.666664
2101,17,45,9.416667,68.75
2102,17,46,9.416667,68.833336
2103,17,47,9.416667,68.916664
2104,17,48,9.416667,69.0
2105,17,49,9.416667,69.083336
2106,17,50,9.416667,69.166664
2107,17,51,9.416667,69.25
2108,17,52,9.416667,69.333336
2109,17,53,9.416667,69.416664
2110,17,54,9.416667,69.5
2111,17,55,9.416667,69.583336
2112,17,56,9.416667,69.666664
2113,17,57,9.416667,69.75
2114,17,58,9.416667,69.833336
2115,17,59,9.416667,69.916664
2116,17,60,9.416667,70.0
2117,17,61,9.416667,70.083336
2118,17,62,9.416667,70.166664
2119,17,63,9.416667,70.25
2120,17,64,9.416667,70.333336
2121,17,65,9.416667,70.416664
2122,17,66,9.416667,70.5
2123,17,67,9.416667,70.583336
2124,17,68,9.416667,70.666664
2125,17,69,9.416667,70.75
2126,17,70,9.416667,70.833336
2127,17,71,9.416667,70.916664
2128,17,72,9.416667,71.0
2129,17,73,9.416667,71.083336
2130,17,74,9.416667,71.166664
2131,17,75,9.416667,71.25
2132,17,76,9.416667,71.333336
2133,17,77,9.416667,71.416664
2134,17,78,9.416667,71.5
2135,17,79,9.416667,71.583336
2136,17,80,9.416667,71.666664
2137,17,81,9.416667,71.75
2138,17,82,9.416667,71.833336
2139,17,83,9.416667,71.916664
2140,17,84,9.416667,72.0
2141,17,85,9.416667,72.083336
2142,17,86,9.416667,72.166664
2143,17,87,9.416667,72.25
2144,17,88,9.416667,72.333336
2145,17,89,9.416667,72.416664
2146,17,90,9.416667,72.5
2147,17,91,9.416667,72.583336
2148,17,92,9.416667,72.666664
2149,17,93,9.416667,72.75
2150,17,94,9.416667,72.833336
2151,17,95,9.416667,72.916664
2152,17,96,9.416667,73.0
2153,17,97,9.416667,73.083336
2154,17,98,9.416667,73.166664
2155,17,99,9.416667,73.25
2156,17,100,9.416667,73.333336
2157,17,101,9.416667,73.416664
2158,17,102,9.416667,73.5
2159,17,103,9.416667,73.583336
2160,17,104,9.416667,73.666664
2161,17,105,9.416667,73.75
2162,17,106,9.416667,73.833336
2163,17,107,9.416667,73.916664
2164,17,108,9.416667,74.0
2165,17,109,9.416667,74.083336
2166,17,110,9.416667,74.166664
2167,17,111,9.416667,74.25
2168,17,112,9.416667,74.333336
2169,17,113,9.416667,74.416664
2170,17,114,9.416667,74.5
2171,17,115,9.416667,74.583336
2172,17,116,9.416667,74.666664
2173,17,117,9.416667,74.75
2174,17,118,9.416667,74.833336
2175,17,119,9.416667,74.916664
2176,17,120,9.416667,75.0
2177,18,0,9.5,65.0
2178,18,1,9.5,65.083336
2179,18,2,9.5,65.166664
2180,18,3,9.5,65.25
2181,18,4,9.5,65.333336
2182,18,5,9.5,65.416664
2183,18,6,9.5,65.5
2184,18,7,9.5,65.583336
2185,18,8,9.5,65.666664
2186,18,9,9.5,65.75
2187,18,10,9.5,65.833336
2188,18,11,9.5,65.916664
2189,18,12,9.5,66.0
2190,18,13,9.5,66.083336
2191,18,14,9.5,66.166664
2192,18,15,9.5,66.25
2193,18,16,9.5,66.333336
2194,18,17,9.5,66.416664
2195,18,18,9.5,66.5
2196,18,19,9.5,66.583336
2197,18,20,9.5,66.666664
2198,18,21,9.5,66.75
2199,18,22,9.5,66.833336
2200,18,23,9.5,66.916664
2201,18,24,9.5,67.0
2202,18,25,9.5,67.083336
2203,18,26,9.5,67.166664
2204,18,27,9.5,67.25
2205,18,28,9.5,67.333336
2206,18,29,9.5,67.416664
2207,18,30,9.5,67.5
2208,18,31,9.5,67.583336
2209,18,32,9.5,67.666664
2210,18,33,9.5,67.75
2211,18,34,9.5,67.833336
2212,18,35,9.5,67.916664
2213,18,36,9.5,68.0
2214,18,37,9.5,68.083336
2215,18,38,9.5,68.166664
2216,18,39,9.5,68.25
2217,18,40,9.5,68.333336
2218,18,41,9.5,68.416664
2219,18,42,9.5,68.5
2220,18,43,9.5,68.583336
2221,18,44,9.5,68.666664
2222,18,45,9.5,68.75
2223,18,46,9.5,68.833336
2224,18,47,9.5,68.916664
2225,18,48,9.5,69.0
2226,18,49,9.5,69.083336
2227,18,50,9.5,69.166664
2228,18,51,9.5,69.25
2229,18,52,9.5,69.333336
2230,18,53,9.5,69.416664
2231,18,54,9.5,69.5
2232,18,55,9.5,69.583336
2233,18,56,9.5,69.666664
2234,18,57,9.5,69.75
2235,18,58,9.5,69.833336
2236,18,59,9.5,69.916664
2237,18,60,9.5,70.0
2238,18,61,9.5,70.083336
2239,18,62,9.5,70.166664
2240,18,63,9.5,70.25
2241,18,64,9.5,70.333336
2242,18,65,9.5,70.416664
2243,18,66,9.5,70.5
2244,18,67,9.5,70.583336
2245,18,68,9.5,70.666664
2246,18,69,9.5,70.75
2247,18,70,9.5,70.833336
2248,18,71,9.5,70.916664
2249,18,72,9.5,71.0
2250,18,73,9.5,71.083336
2251,18,74,9.5,71.166664
2252,18,75,9.5,71.25
2253,18,76,9.5,71.333336
2254,18,77,9.5,71.416664
2255,18,78,9.5,71.5
2256,18,79,9.5,71.583336
2257,18,80,9.5,71.666664
2258,18,81,9.5,71.75
2259,18,82,9.5,71.833336
2260,18,83,9.5,71.916664
2261,18,84,9.5,72.0
2262,18,85,9.5,72.083336
2263,18,86,9.5,72.166664
2264,18,87,9.5,72.25
2265,18,88,9.5,72.333336
2266,18,89,9.5,72.416664
2267,18,90,9.5,72.5
2268,18,91,9.5,72.583336
2269,18,92,9.5,72.666664
2270,18,93,9.5,72.75
2271,18,94,9.5,72.833336
2272,18,95,9.5,72.916664
2273,18,96,9.5,73.0
2274,18,97,9.5,73.083336
2275,18,98,9.5,73.166664
2276,18,99,9.5,73.25
2277,18,100,9.5,73.333336
2278,18,101,9.5,73.416664
2279,18,102,9.5,73.5
2280,18,103,9.5,73.583336
2281,18,104,9.5,73.666664
2282,18,105,9.5,73.75
2283,18,106,9.5,73.833336
2284,18,107,9.5,73.916664
2285,18,108,9.5,74.0
2286,18,109,9.5,74.083336
2287,18,110,9.5,74.166664
2288,18,111,9.5,74.25
2289,18,112,9.5,74.333336
2290,18,113,9.5,74.416664
2291,18,114,9.5,74.5
2292,18,115,9.5,74.583336
2293,18,116,9.5,74.666664
2294,18,117,9.5,74.75
2295,18,118,9.5,74.833336
2296,18,119,9.5,74.916664
2297,18,120,9.5,75.0
2298,19,0,9.583333,65.0
2299,19,1,9.583333,65.083336
2300,19,2,9.583333,65.166664
2301,19,3,9.583333,65.25
2302,19,4,9.583333,65.333336
2303,19,5,9.583333,65.416664
2304,19,6,9.583333,65.5
2305,19,7,9.583333,65.583336
2306,19,8,9.583333,65.666664
2307,19,9,9.583333,65.75
2308,19,10,9.583333,65.833336
2309,19,11,9.583333,65.916664
2310,19,12,9.583333,66.0
2311,19,13,9.583333,66.083336
2312,19,14,9.583333,66.166664
2313,19,15,9.583333,66.25
2314,19,16,9.583333,66.333336
2315,19,17,9.583333,66.416664
2316,19,18,9.583333,66.5
2317,19,19,9.583333,66.583336
2318,19,20,9.583333,66.666664
2319,19,21,9.583333,66.75
2320,19,22,9.583333,66.833336
2321,19,23,9.583333,66.916664
2322,19,24,9.583333,67.0
2323,19,25,9.583333,67.083336
2324,19,26,9.583333,67.166664
2325,19,27,9.583333,67.25
2326,19,28,9.583333,67.333336
2327,19,29,9.583333,67.416664
2328,19,30,9.583333,67.5
2329,19,31,9.583333,67.583336
2330,19,32,9.583333,67.666664
2331,19,33,9.583333,67.75
2332,19,34,9.583333,67.833336
2333,19,35,9.583333,67.916664
2334,19,36,9.583333,68.0
2335,19,37,9.583333,68.083336
2336,19,38,9.583333,68.166664
2337,19,39,9.583333,68.25
2338,19,40,9.583333,68.333336
2339,19,41,9.583333,68.416664
2340,19,42,9.583333,68.5
2341,19,43,9.583333,68.583336
2342,19,44,9.583333,68.666664
2343,19,45,9.583333,68.75
2344,19,46,9.583333,68.833336
2345,19,47,9.583333,68.916664
2346,19,48,9.583333,69.0
2347,19,49,9.583333,69.083336
2348,19,50,9.583333,69.166664
2349,19,51,9.583333,69.25
2350,19,52,9.583333,69.333336
2351,19,53,9.583333,69.416664
2352,19,54,9.583333,69.5
2353,19,55,9.583333,69.583336
2354,19,56,9.583333,69.666664
2355,19,57,9.583333,69.75
2356,19,58,9.583333,69.833336
2357,19,59,9.583333,69.916664
2358,19,60,9.583333,70.0
2359,19,61,9.583333,70.083336
2360,19,62,9.583333,70.166664
2361,19,63,9.583333,70.25
2362,19,64,9.583333,70.333336
2363,19,65,9.583333,70.416664
2364,19,66,9.583333,70.5
2365,19,67,9.583333,70.583336
2366,19,68,9.583333,70.666664
2367,19,69,9.583333,70.75
2368,19,70,9.583333,70.833336
2369,19,71,9.583333,70.916664
2370,19,72,9.583333,71.0
2371,19,73,9.583333,71.083336
2372,19,74,9.583333,71.166664
2373,19,75,9.583333,71.25
2374,19,76,9.583333,71.333336
2375,19,77,9.583333,71.416664
2376,19,78,9.583333,71.5
2377,19,79,9.583333,71.583336
2378,19,80,9.583333,71.666664
2379,19,81,9.583333,71.75
2380,19,82,9.583333,71.833336
2381,19,83,9.583333,71.916664
2382,19,84,9.583333,72.0
2383,19,85,9.583333,72.083336
2384,19,86,9.583333,72.166664
2385,19,87,9.583333,72.25
2386,19,88,9.583333,72.333336
2387,19,89,9.583333,72.416664
2388,19,90,9.583333,72.5
2389,19,91,9.583333,72.583336
2390,19,92,9.583333,72.666664
2391,19,93,9.583333,72.75
2392,19,94,9.583333,72.833336
2393,19,95,9.583333,72.916664
2394,19,96,9.583333,73.0
2395,19,97,9.583333,73.083336
2396,19,98,9.583333,73.166664
2397,19,99,9.583333,73.25
2398,19,100,9.583333,73.333336
2399,19,101,9.583333,73.416664
2400,19,102,9.583333,73.5
2401,19,103,9.583333,73.583336
2402,19,104,9.583333,73.666664
2403,19,105,9.583333,73.75
2404,19,106,9.583333,73.833336
2405,19,107,9.583333,73.916664
2406,19,108,9.583333,74.0
2407,19,109,9.583333,74.083336
2408,19,110,9.583333,74.166664
2409,19,111,9.583333,74.25
2410,19,112,9.583333,74.333336
2411,19,113,9.583333,74.416664
2412,19,114,9.583333,74.5
2413,19,115,9.583333,74.583336
2414,19,116,9.583333,74.666664
2415,19,117,9.583333,74.75
2416,19,118,9.583333,74.833336
2417,19,119,9.583333,74.916664
2418,19,120,9.583333,75.0
2419,20,0,9.666667,65.0
2420,20,1,9.666667,65.083336
2421,20,2,9.666667,65.166664
2422,20,3,9.666667,65.25
2423,20,4,9.666667,65.333336
2424,20,5,9.666667,65.416664
2425,20,6,9.666667,65.5
2426,20,7,9.666667,65.583336
2427,20,8,9.666667,65.666664
2428,20,9,9.666667,65.75
2429,20,10,9.666667,65.833336
2430,20,11,9.666667,65.916664
2431,20,12,9.666667,66.0
2432,20,13,9.666667,66.083336
2433,20,14,9.666667,66.166664
2434,20,15,9.666667,66.25
2435,20,16,9.666667,66.333336
2436,20,17,9.666667,66.416664
2437,20,18,9.666667,66.5
2438,20,19,9.666667,66.583336
2439,20,20,9.666667,66.666664
2440,20,21,9.666667,66.75
2441,20,22,9.666667,66.833336
2442,20,23,9.666667,66.916664
2443,20,24,9.666667,67.0
2444,20,25,9.666667,67.083336
2445,20,26,9.666667,67.166664
2446,20,27,9.666667,67.25
2447,20,28,9.666667,67.333336
2448,20,29,9.666667,67.416664
2449,20,30,9.666667,67.5
2450,20,31,9.666667,67.583336
2451,20,32,9.666667,67.666664
2452,20,33,9.666667,67.75
2453,20,34,9.666667,67.833336
2454,20,35,9.666667,67.916664
2455,20,36,9.666667,68.0
2456,20,37,9.666667,68.083336
2457,20,38,9.666667,68.166664
2458,20,39,9.666667,68.25
2459,20,40,9.666667,68.333336
2460,20,41,9.666667,68.416664
2461,20,42,9.666667,68.5
2462,20,43,9.666667,68.583336
2463,20,44,9.666667,68.666664
2464,20,45,9.666667,68.75
2465,20,46,9.666667,68.833336
2466,20,47,9.666667,68.916664
2467,20,48,9.666667,69.0
2468,20,49,9.666667,69.083336
2469,20,50,9.666667,69.166664
2470,20,51,9.666667,69.25
2471,20,52,9.666667,69.333336
2472,20,53,9.666667,69.416664
2473,20,54,9.666667,69.5
2474,20,55,9.666667,69.583336
2475,20,56,9.666667,69.666664
2476,20,57,9.666667,69.75
2477,20,58,9.666667,69.833336
2478,20,59,9.666667,69.916664
2479,20,60,9.666667,70.0
2480,20,61,9.666667,70.083336
2481,20,62,9.666667,70.166664
2482,20,63,9.666667,70.25
2483,20,64,9.666667,70.333336
2484,20,65,9.666667,70.416664
2485,20,66,9.666667,70.5
2486,20,67,9.666667,70.583336
2487,20,68,9.666667,70.666664
2488,20,69,9.666667,70.75
2489,20,70,9.666667,70.833336
2490,20,71,9.666667,70.916664
2491,20,72,9.666667,71.0
2492,20,73,9.666667,71.083336
2493,20,74,9.666667,71.166664
2494,20,75,9.666667,71.25
2495,20,76,9.666667,71.333336
2496,20,77,9.666667,71.416664
2497,20,78,9.666667,71.5
2498,20,79,9.666667,71.583336
2499,20,80,9.666667,71.666664
2500,20,81,9.666667,71.75
2501,20,82,9.666667,71.833336
2502,20,83,9.666667,71.916664
2503,20,84,9.666667,72.0
2504,20,85,9.666667,72.083336
2505,20,86,9.666667,72.166664
2506,20,87,9.666667,72.25
2507,20,88,9.666667,72.333336
2508,20,89,9.666667,72.416664
2509,20,90,9.666667,72.5
2510,20,91,9.666667,72.583336
2511,20,92,9.666667,72.666664
2512,20,93,9.666667,72.75
2513,20,94,9.666667,72.833336
2514,20,95,9.666667,72.916664
2515,20,96,9.666667,73.0
2516,20,97,9.666667,73.083336
2517,20,98,9.666667,73.166664
2518,20,99,9.666667,73.25
2519,20,100,9.666667,73.333336
2520,20,101,9.666667,73.416664
2521,20,102,9.666667,73.5
2522,20,103,9.666667,73.583336
2523,20,104,9.666667,73.666664
2524,20,105,9.666667,73.75
2525,20,106,9.666667,73.833336
2526,20,107,9.666667,73.916664
2527,20,108,9.666667,74.0
2528,20,109,9.666667,74.083336
2529,20,110,9.666667,74.166664
2530,20,111,9.666667,74.25
2531,20,112,9.666667,74.333336
2532,20,113,9.666667,74.416664
2533,20,114,9.666667,74.5
2534,20,115,9.666667,74.583336
2535,20,116,9.666667,74.666664
2536,20,117,9.666667,74.75
2537,20,118,9.666667,74.833336
2538,20,119,9.666667,74.916664
2539,20,120,9.666667,75.0
2540,21,0,9.75,65.0
2541,21,1,9.75,65.083336
2542,21,2,9.75,65.166664
2543,21,3,9.75,65.25
2544,21,4,9.75,65.333336
2545,21,5,9.75,65.416664
2546,21,6,9.75,65.5
2547,21,7,9.75,65.583336
2548,21,8,9.75,65.666664
2549,21,9,9.75,65.75
2550,21,10,9.75,65.833336
2551,21,11,9.75,65.916664
2552,21,12,9.75,66.0
2553,21,13,9.75,66.083336
2554,21,14,9.75,66.166664
2555,21,15,9.75,66.25
2556,21,16,9.75,66.333336
2557,21,17,9.75,66.416664
2558,21,18,9.75,66.5
2559,21,19,9.75,66.583336
2560,21,20,9.75,66.666664
2561,21,21,9.75,66.75
2562,21,22,9.75,66.833336
2563,21,23,9.75,66.916664
2564,21,24,9.75,67.0
2565,21,25,9.75,67.083336
2566,21,26,9.75,67.166664
2567,21,27,9.75,67.25
2568,21,28,9.75,67.333336
2569,21,29,9.75,67.416664
2570,21,30,9.75,67.5
2571,21,31,9.75,67.583336
2572,21,32,9.75,67.666664
2573,21,33,9.75,67.75
2574,21,34,9.75,67.833336
2575,21,35,9.75,67.916664
2576,21,36,9.75,68.0
2577,21,37,9.75,68.083336
2578,21,38,9.75,68.166664
2579,21,39,9.75,68.25
2580,21,40,9.75,68.333336
2581,21,41,9.75,68.416664
2582,21,42,9.75,68.5
2583,21,43,9.75,68.583336
2584,21,44,9.75,68.666664
2585,21,45,9.75,68.75
2586,21,46,9.75,68.833336
2587,21,47,9.75,68.916664
2588,21,48,9.75,69.0
2589,21,49,9.75,69.083336
2590,21,50,9.75,69.166664
2591,21,51,9.75,69.25
2592,21,52,9.75,69.333336
2593,21,53,9.75,69.416664
2594,21,54,9.75,69.5
2595,21,55,9.75,69.583336
2596,21,56,9.75,69.666664
2597,21,57,9.75,69.75
2598,21,58,9.75,69.833336
2599,21,59,9.75,69.916664
2600,21,60,9.75,70.0
2601,21,61,9.75,70.083336
2602,21,62,9.75,70.166664
2603,21,63,9.75,70.25
2604,21,64,9.75,70.333336
2605,21,65,9.75,70.416664
2606,21,66,9.75,70.5
2607,21,67,9.75,70.583336
2608,21,68,9.75,70.666664
2609,21,69,9.75,70.75
2610,21,70,9.75,70.833336
2611,21,71,9.75,70.916664
2612,21,72,9.75,71.0
2613,21,73,9.75,71.083336
2614,21,74,9.75,71.166664
2615,21,75,9.75,71.25
2616,21,76,9.75,71.333336
2617,21,77,9.75,71.416664
2618,21,78,9.75,71.5
2619,21,79,9.75,71.583336
2620,21,80,9.75,71.666664
2621,21,81,9.75,71.75
2622,21,82,9.75,71.833336
2623,21,83,9.75,71.916664
2624,21,84,9.75,72.0
2625,21,85,9.75,72.083336
2626,21,86,9.75,72.166664
2627,21,87,9.75,72.25
2628,21,88,9.75,72.333336
2629,21,89,9.75,72.416664
2630,21,90,9.75,72.5
2631,21,91,9.75,72.583336
2632,21,92,9.75,72.666664
2633,21,93,9.75,72.75
2634,21,94,9.75,72.833336
2635,21,95,9.75,72.916664
2636,21,96,9.75,73.0
2637,21,97,9.75,73.083336
2638,21,98,9.75,73.166664
2639,21,99,9.75,73.25
2640,21,100,9.75,73.333336
2641,21,101,9.75,73.416664
2642,21,102,9.75,73.5
2643,21,103,9.75,73.583336
2644,21,104,9.75,73.666664
2645,21,105,9.75,73.75
2646,21,106,9.75,73.833336
2647,21,107,9.75,73.916664
2648,21,108,9.75,74.0
2649,21,109,9.75,74.083336
2650,21,110,9.75,74.166664
2651,21,111,9.75,74.25
2652,21,112,9.75,74.333336
2653,21,113,9.75,74.416664
2654,21,114,9.75,74.5
2655,21,115,9.75,74.583336
2656,21,116,9.75,74.666664
2657,21,117,9.75,74.75
2658,21,118,9.75,74.833336
2659,21,119,9.75,74.916664
2660,21,120,9.75,75.0
2661,22,0,9.833333,65.0
2662,22,1,9.833333,65.083336
2663,22,2,9.833333,65.166664
2664,22,3,9.833333,65.25
2665,22,4,9.833333,65.333336
2666,22,5,9.833333,65.416664
2667,22,6,9.833333,65.5
2668,22,7,9.833333,65.583336
2669,22,8,9.833333,65.666664
2670,22,9,9.833333,65.75
2671,22,10,9.833333,65.833336
2672,22,11,9.833333,65.916664
2673,22,12,9.833333,66.0
2674,22,13,9.833333,66.083336
2675,22,14,9.833333,66.166664
2676,22,15,9.833333,66.25
2677,22,16,9.833333,66.333336
2678,22,17,9.833333,66.416664
2679,22,18,9.833333,66.5
2680,22,19,9.833333,66.583336
2681,22,20,9.833333,66.666664
2682,22,21,9.833333,66.75
2683,22,22,9.833333,66.833336
2684,22,23,9.833333,66.916664
2685,22,24,9.833333,67.0
2686,22,25,9.833333,67.083336
2687,22,26,9.833333,67.166664
2688,22,27,9.833333,67.25
2689,22,28,9.833333,67.333336
2690,22,29,9.833333,67.416664
2691,22,30,9.833333,67.5
2692,22,31,9.833333,67.583336
2693,22,32,9.833333,67.666664
2694,22,33,9.833333,67.75
2695,22,34,9.833333,67.833336
2696,22,35,9.833333,67.916664
2697,22,36,9.833333,68.0
2698,22,37,9.833333,68.083336
2699,22,38,9.833333,68.166664
2700,22,39,9.833333,68.25
2701,22,40,9.833333,68.333336
2702,22,41,9.833333,68.416664
2703,22,42,9.833333,68.5
2704,22,43,9.833333,68.583336
2705,22,44,9.833333,68.666664
2706,22,45,9.833333,68.75
2707,22,46,9.833333,68.833336
2708,22,47,9.833333,68.916664
2709,22,48,9.833333,69.0
2710,22,49,9.833333,69.083336
2711,22,50,9.833333,69.166664
2712,22,51,9.833333,69.25
2713,22,52,9.833333,69.333336
2714,22,53,9.833333,69.416664
2715,22,54,9.833333,69.5
2716,22,55,9.833333,69.583336
2717,22,56,9.833333,69.666664
2718,22,57,9.833333,69.75
2719,22,58,9.833333,69.833336
2720,22,59,9.833333,69.916664
2721,22,60,9.833333,70.0
2722,22,61,9.833333,70.083336
2723,22,62,9.833333,70.166664
2724,22,63,9.833333,70.25
2725,22,64,9.833333,70.333336
2726,22,65,9.833333,70.416664
2727,22,66,9.833333,70.5
2728,22,67,9.833333,70.583336
2729,22,68,9.833333,70.666664
2730,22,69,9.833333,70.75
2731,22,70,9.833333,70.833336
2732,22,71,9.833333,70.916664
2733,22,72,9.833333,71.0
2734,22,73,9.833333,71.083336
2735,22,74,9.833333,71.166664
2736,22,75,9.833333,71.25
2737,22,76,9.833333,71.333336
2738,22,77,9.833333,71.416664
2739,22,78,9.833333,71.5
2740,22,79,9.833333,71.583336
2741,22,80,9.833333,71.666664
2742,22,81,9.833333,71.75
2743,22,82,9.833333,71.833336
2744,22,83,9.833333,71.916664
2745,22,84,9.833333,72.0
2746,22,85,9.833333,72.083336
2747,22,86,9.833333,72.166664
2748,22,87,9.833333,72.25
2749,22,88,9.833333,72.333336
2750,22,89,9.833333,72.416664
2751,22,90,9.833333,72.5
2752,22,91,9.833333,72.583336
2753,22,92,9.833333,72.666664
2754,22,93,9.833333,72.75
2755,22,94,9.833333,72.833336
2756,22,95,9.833333,72.916664
2757,22,96,9.833333,73.0
2758,22,97,9.833333,73.083336
2759,22,98,9.833333,73.166664
2760,22,99,9.833333,73.25
2761,22,100,9.833333,73.333336
2762,22,101,9.833333,73.416664
2763,22,102,9.833333,73.5
2764,22,103,9.833333,73.583336
2765,22,104,9.833333,73.666664
2766,22,105,9.833333,73.75
2767,22,106,9.833333,73.833336
2768,22,107,9.833333,73.916664
2769,22,108,9.833333,74.0
2770,22,109,9.833333,74.083336
2771,22,110,9.833333,74.166664
2772,22,111,9.833333,74.25
2773,22,112,9.833333,74.333336
2774,22,113,9.833333,74.416664
2775,22,114,9.833333,74.5
2776,22,115,9.833333,74.583336
2777,22,116,9.833333,74.666664
2778,22,117,9.833333,74.75
2779,22,118,9.833333,74.833336
2780,22,119,9.833333,74.916664
2781,22,120,9.833333,75.0
2782,23,0,9.916667,65.0
2783,23,1,9.916667,65.083336
2784,23,2,9.916667,65.166664
2785,23,3,9.916667,65.25
2786,23,4,9.916667,65.333336
2787,23,5,9.916667,65.416664
2788,23,6,9.916667,65.5
2789,23,7,9.916667,65.583336
2790,23,8,9.916667,65.666664
2791,23,9,9.916667,65.75
2792,23,10,9.916667,65.833336
2793,23,11,9.916667,65.916664
2794,23,12,9.916667,66.0
2795,23,13,9.916667,66.083336
2796,23,14,9.916667,66.166664
2797,23,15,9.916667,66.25
2798,23,16,9.916667,66.333336
2799,23,17,9.916667,66.416664
2800,23,18,9.916667,66.5
2801,23,19,9.916667,66.583336
2802,23,20,9.916667,66.666664
2803,23,21,9.916667,66.75
2804,23,22,9.916667,66.833336
2805,23,23,9.916667,66.916664
2806,23,24,9.916667,67.0
2807,23,25,9.916667,67.083336
2808,23,26,9.916667,67.166664
2809,23,27,9.916667,67.25
2810,23,28,9.916667,67.333336
2811,23,29,9.916667,67.416664
2812,23,30,9.916667,67.5
2813,23,31,9.916667,67.583336
2814,23,32,9.916667,67.666664
2815,23,33,9.916667,67.75
2816,23,34,9.916667,67.833336
2817,23,35,9.916667,67.916664
2818,23,36,9.916667,68.0
2819,23,37,9.916667,68.083336
2820,23,38,9.916667,68.166664
2821,23,39,9.916667,68.25
2822,23,40,9.916667,68.333336
2823,23,41,9.916667,68.416664
2824,23,42,9.916667,68.5
2825,23,43,9.916667,68.583336
2826,23,44,9.916667,68.666664
2827,23,45,9.916667,68.75
2828,23,46,9.916667,68.833336
2829,23,47,9.916667,68.916664
2830,23,48,9.916667,69.0
2831,23,49,9.916667,69.083336
2832,23,50,9.916667,69.166664
2833,23,51,9.916667,69.25
2834,23,52,9.916667,69.333336
2835,23,53,9.916667,69.416664
2836,23,54,9.916667,69.5
2837,23,55,9.916667,69.583336
2838,23,56,9.916667,69.666664
2839,23,57,9.916667,69.75
2840,23,58,9.916667,69.833336
2841,23,59,9.916667,69.916664
2842,23,60,9.916667,70.0
2843,23,61,9.916667,70.083336
2844,23,62,9.916667,70.166664
2845,23,63,9.916667,70.25
2846,23,64,9.916667,70.333336
2847,23,65,9.916667,70.416664
2848,23,66,9.916667,70.5
2849,23,67,9.916667,70.583336
2850,23,68,9.916667,70.666664
2851,23,69,9.916667,70.75
2852,23,70,9.916667,70.833336
2853,23,71,9.916667,70.916664
2854,23,72,9.916667,71.0
2855,23,73,9.916667,71.083336
2856,23,74,9.916667,71.166664
2857,23,75,9.916667,71.25
2858,23,76,9.916667,71.333336
2859,23,77,9.916667,71.416664
2860,23,78,9.916667,71.5
2861,23,79,9.916667,71.583336
2862,23,80,9.916667,71.666664
2863,23,81,9.916667,71.75
2864,23,82,9.916667,71.833336
2865,23,83,9.916667,71.916664
2866,23,84,9.916667,72.0
2867,23,85,9.916667,72.083336
2868,23,86,9.916667,72.166664
2869,23,87,9.916667,72.25
2870,23,88,9.916667,72.333336
2871,23,89,9.916667,72.416664
2872,23,90,9.916667,72.5
2873,23,91,9.916667,72.583336
2874,23,92,9.916667,72.666664
2875,23,93,9.916667,72.75
2876,23,94,9.916667,72.833336
2877,23,95,9.916667,72.916664
2878,23,96,9.916667,73.0
2879,23,97,9.916667,73.083336
2880,23,98,9.916667,73.166664
2881,23,99,9.916667,73.25
2882,23,100,9.916667,73.333336
2883,23,101,9.916667,73.416664
2884,23,102,9.916667,73.5
2885,23,103,9.916667,73.583336
2886,23,104,9.916667,73.666664
2887,23,105,9.916667,73.75
2888,23,106,9.916667,73.833336
2889,23,107,9.916667,73.916664
2890,23,108,9.916667,74.0
2891,23,109,9.916667,74.083336
2892,23,110,9.916667,74.166664
2893,23,111,9.916667,74.25
2894,23,112,9.916667,74.333336
2895,23,113,9.916667,74.416664
2896,23,114,9.916667,74.5
2897,23,115,9.916667,74.583336
2898,23,116,9.916667,74.666664
2899,23,117,9.916667,74.75
2900,23,118,9.916667,74.833336
2901,23,119,9.916667,74.916664
2902,23,120,9.916667,75.0
2903,24,0,10.0,65.0
2904,24,1,10.0,65.083336
2905,24,2,10.0,65.166664
2906,24,3,10.0,65.25
2907,24,4,10.0,65.333336
2908,24,5,10.0,65.416664
2909,24,6,10.0,65.5
2910,24,7,10.0,65.583336
2911,24,8,10.0,65.666664
2912,24,9,10.0,65.75
2913,24,10,10.0,65.833336
2914,24,11,10.0,65.916664
2915,24,12,10.0,66.0
2916,24,13,10.0,66.083336
2917,24,14,10.0,66.166664
2918,24,15,10.0,66.25
2919,24,16,10.0,66.333336
2920,24,17,10.0,66.416664
2921,24,18,10.0,66.5
2922,24,19,10.0,66.583336
2923,24,20,10.0,66.666664
2924,24,21,10.0,66.75
2925,24,22,10.0,66.833336
2926,24,23,10.0,66.916664
2927,24,24,10.0,67.0
2928,24,25,10.0,67.083336
2929,24,26,10.0,67.166664
2930,24,27,10.0,67.25
2931,24,28,10.0,67.333336
2932,24,29,10.0,67.416664
2933,24,30,10.0,67.5
2934,24,31,10.0,67.583336
2935,24,32,10.0,67.666664
2936,24,33,10.0,67.75
2937,24,34,10.0,67.833336
2938,24,35,10.0,67.916664
2939,24,36,10.0,68.0
2940,24,37,10.0,68.083336
2941,24,38,10.0,68.166664
2942,24,39,10.0,68.25
2943,24,40,10.0,68.333336
2944,24,41,10.0,68.416664
2945,24,42,10.0,68.5
2946,24,43,10.0,68.583336
2947,24,44,10.0,68.666664
2948,24,45,10.0,68.75
2949,24,46,10.0,68.833336
2950,24,47,10.0,68.916664
2951,24,48,10.0,69.0
2952,24,49,10.0,69.083336
2953,24,50,10.0,69.166664
2954,24,51,10.0,69.25
2955,24,52,10.0,69.333336
2956,24,53,10.0,69.416664
2957,24,54,10.0,69.5
2958,24,55,10.0,69.583336
2959,24,56,10.0,69.666664
2960,24,57,10.0,69.75
2961,24,58,10.0,69.833336
2962,24,59,10.0,69.916664
2963,24,60,10.0,70.0
2964,24,61,10.0,70.083336
2965,24,62,10.0,70.166664
2966,24,63,10.0,70.25
2967,24,64,10.0,70.333336
2968,24,65,10.0,70.416664
2969,24,66,10.0,70.5
2970,24,67,10.0,70.583336
2971,24,68,10.0,70.666664
2972,24,69,10.0,70.75
2973,24,70,10.0,70.833336
2974,24,71,10.0,70.916664
2975,24,72,10.0,71.0
2976,24,73,10.0,71.083336
2977,24,74,10.0,71.166664
2978,24,75,10.0,71.25
2979,24,76,10.0,71.333336
2980,24,77,10.0,71.416664
2981,24,78,10.0,71.5
2982,24,79,10.0,71.583336
2983,24,80,10.0,71.666664
2984,24,81,10.0,71.75
2985,24,82,10.0,71.833336
2986,24,83,10.0,71.916664
2987,24,84,10.0,72.0
2988,24,85,10.0,72.083336
2989,24,86,10.0,72.166664
2990,24,87,10.0,72.25
2991,24,88,10.0,72.333336
2992,24,89,10.0,72.416664
2993,24,90,10.0,72.5
2994,24,91,10.0,72.583336
2995,24,92,10.0,72.666664
2996,24,93,10.0,72.75
2997,24,94,10.0,72.833336
2998,24,95,10.0,72.916664
2999,24,96,10.0,73.0
3000,24,97,10.0,73.083336
3001,24,98,10.0,73.166664
3002,24,99,10.0,73.25
3003,24,100,10.0,73.333336
3004,24,101,10.0,73.416664
3005,24,102,10.0,73.5
3006,24,103,10.0,73.583336
3007,24,104,10.0,73.666664
3008,24,105,10.0,73.75
3009,24,106,10.0,73.833336
3010,24,107,10.0,73.916664
3011,24,108,10.0,74.0
3012,24,109,10.0,74.083336
3013,24,110,10.0,74.166664
3014,24,111,10.0,74.25
3015,24,112,10.0,74.333336
3016,24,113,10.0,74.416664
3017,24,114,10.0,74.5
3018,24,115,10.0,74.583336
3019,24,116,10.0,74.666664
3020,24,117,10.0,74.75
3021,24,118,10.0,74.833336
3022,24,119,10.0,74.916664
3023,24,120,10.0,75.0
3024,25,0,10.083333,65.0
3025,25,1,10.083333,65.083336
3026,25,2,10.083333,65.166664
3027,25,3,10.083333,65.25
3028,25,4,10.083333,65.333336
3029,25,5,10.083333,65.416664
3030,25,6,10.083333,65.5
3031,25,7,10.083333,65.583336
3032,25,8,10.083333,65.666664
3033,25,9,10.083333,65.75
3034,25,10,10.083333,65.833336
3035,25,11,10.083333,65.916664
3036,25,12,10.083333,66.0
3037,25,13,10.083333,66.083336
3038,25,14,10.083333,66.166664
3039,25,15,10.083333,66.25
3040,25,16,10.083333,66.333336
3041,25,17,10.083333,66.416664
3042,25,18,10.083333,66.5
3043,25,19,10.083333,66.583336
3044,25,20,10.083333,66.666664
3045,25,21,10.083333,66.75
3046,25,22,10.083333,66.833336
3047,25,23,10.083333,66.916664
3048,25,24,10.083333,67.0
3049,25,25,10.083333,67.083336
3050,25,26,10.083333,67.166664
3051,25,27,10.083333,67.25
3052,25,28,10.083333,67.333336
3053,25,29,10.083333,67.416664
3054,25,30,10.083333,67.5
3055,25,31,10.083333,67.583336
3056,25,32,10.083333,67.666664
3057,25,33,10.083333,67.75
3058,25,34,10.083333,67.833336
3059,25,35,10.083333,67.916664
3060,25,36,10.083333,68.0
3061,25,37,10.083333,68.083336
3062,25,38,10.083333,68.166664
3063,25,39,10.083333,68.25
3064,25,40,10.083333,68.333336
3065,25,41,10.083333,68.416664
3066,25,42,10.083333,68.5
3067,25,43,10.083333,68.583336
3068,25,44,10.083333,68.666664
3069,25,45,10.083333,68.75
3070,25,46,10.083333,68.833336
3071,25,47,10.083333,68.916664
3072,25,48,10.083333,69.0
3073,25,49,10.083333,69.083336
3074,25,50,10.083333,69.166664
3075,25,51,10.083333,69.25
3076,25,52,10.083333,69.333336
3077,25,53,10.083333,69.416664
3078,25,54,10.083333,69.5
3079,25,55,10.083333,69.583336
3080,25,56,10.083333,69.666664
3081,25,57,10.083333,69.75
3082,25,58,10.083333,69.833336
3083,25,59,10.083333,69.916664
3084,25,60,10.083333,70.0
3085,25,61,10.083333,70.083336
3086,25,62,10.083333,70.166664
3087,25,63,10.083333,70.25
3088,25,64,10.083333,70.333336
3089,25,65,10.083333,70.416664
3090,25,66,10.083333,70.5
3091,25,67,10.083333,70.583336
3092,25,68,10.083333,70.666664
3093,25,69,10.083333,70.75
3094,25,70,10.083333,70.833336
3095,25,71,10.083333,70.916664
3096,25,72,10.083333,71.0
3097,25,73,10.083333,71.083336
3098,25,74,10.083333,71.166664
3099,25,75,10.083333,71.25
3100,25,76,10.083333,71.333336
3101,25,77,10.083333,71.416664
3102,25,78,10.083333,71.5
3103,25,79,10.083333,71.583336
3104,25,80,10.083333,71.666664
3105,25,81,10.083333,71.75
3106,25,82,10.083333,71.833336
3107,25,83,10.083333,71.916664
3108,25,84,10.083333,72.0
3109,25,85,10.083333,72.083336
3110,25,86,10.083333,72.166664
3111,25,87,10.083333,72.25
3112,25,88,10.083333,72.333336
3113,25,89,10.083333,72.416664
3114,25,90,10.083333,72.5
3115,25,91,10.083333,72.583336
3116,25,92,10.083333,72.666664
3117,25,93,10.083333,72.75
3118,25,94,10.083333,72.833336
3119,25,95,10.083333,72.916664
3120,25,96,10.083333,73.0
3121,25,97,10.083333,73.083336
3122,25,98,10.083333,73.166664
3123,25,99,10.083333,73.25
3124,25,100,10.083333,73.333336
3125,25,101,10.083333,73.416664
3126,25,102,10.083333,73.5
3127,25,103,10.083333,73.583336
3128,25,105,10.083333,73.75
3129,25,106,10.083333,73.833336
3130,25,107,10.083333,73.916664
3131,25,108,10.083333,74.0
3132,25,109,10.083333,74.083336
3133,25,110,10.083333,74.166664
3134,25,111,10.083333,74.25
3135,25,112,10.083333,74.333336
3136,25,113,10.083333,74.416664
3137,25,114,10.083333,74.5
3138,25,115,10.083333,74.583336
3139,25,116,10.083333,74.666664
3140,25,117,10.083333,74.75
3141,25,118,10.083333,74.833336
3142,25,119,10.083333,74.916664
3143,25,120,10.083333,75.0
3144,26,0,10.166667,65.0
3145,26,1,10.166667,65.083336
3146,26,2,10.166667,65.166664
3147,26,3,10.166667,65.25
3148,26,4,10.166667,65.333336
3149,26,5,10.166667,65.416664
3150,26,6,10.166667,65.5
3151,26,7,10.166667,65.583336
3152,26,8,10.166667,65.666664
3153,26,9,10.166667,65.75
3154,26,10,10.166667,65.833336
3155,26,11,10.166667,65.916664
3156,26,12,10.166667,66.0
3157,26,13,10.166667,66.083336
3158,26,14,10.166667,66.166664
3159,26,15,10.166667,66.25
3160,26,16,10.166667,66.333336
3161,26,17,10.166667,66.416664
3162,26,18,10.166667,66.5
3163,26,19,10.166667,66.583336
3164,26,20,10.166667,66.666664
3165,26,21,10.166667,66.75
3166,26,22,10.166667,66.833336
3167,26,23,10.166667,66.916664
3168,26,24,10.166667,67.0
3169,26,25,10.166667,67.083336
3170,26,26,10.166667,67.166664
3171,26,27,10.166667,67.25
3172,26,28,10.166667,67.333336
3173,26,29,10.166667,67.416664
3174,26,30,10.166667,67.5
3175,26,31,10.166667,67.583336
3176,26,32,10.166667,67.666664
3177,26,33,10.166667,67.75
3178,26,34,10.166667,67.833336
3179,26,35,10.166667,67.916664
3180,26,36,10.166667,68.0
3181,26,37,10.166667,68.083336
3182,26,38,10.166667,68.166664
3183,26,39,10.166667,68.25
3184,26,40,10.166667,68.333336
3185,26,41,10.166667,68.416664
3186,26,42,10.166667,68.5
3187,26,43,10.166667,68.583336
3188,26,44,10.166667,68.666664
3189,26,45,10.166667,68.75
3190,26,46,10.166667,68.833336
3191,26,47,10.166667,68.916664
3192,26,48,10.166667,69.0
3193,26,49,10.166667,69.083336
3194,26,50,10.166667,69.166664
3195,26,51,10.166667,69.25
3196,26,52,10.166667,69.333336
3197,26,53,10.166667,69.416664
3198,26,54,10.166667,69.5
3199,26,55,10.166667,69.583336
3200,26,56,10.166667,69.666664
3201,26,57,10.166667,69.75
3202,26,58,10.166667,69.833336
3203,26,59,10.166667,69.916664
3204,26,60,10.166667,70.0
3205,26,61,10.166667,70.083336
3206,26,62,10.166667,70.166664
3207,26,63,10.166667,70.25
3208,26,64,10.166667,70.333336
3209,26,65,10.166667,70.416664
3210,26,66,10.166667,70.5
3211,26,67,10.166667,70.583336
3212,26,68,10.166667,70.666664
3213,26,69,10.166667,70.75
3214,26,70,10.166667,70.833336
3215,26,71,10.166667,70.916664
3216,26,72,10.166667,71.0
3217,26,73,10.166667,71.083336
3218,26,74,10.166667,71.166664
3219,26,75,10.166667,71.25
3220,26,76,10.166667,71.333336
3221,26,77,10.166667,71.416664
3222,26,78,10.166667,71.5
3223,26,79,10.166667,71.583336
3224,26,80,10.166667,71.666664
3225,26,81,10.166667,71.75
3226,26,82,10.166667,71.833336
3227,26,83,10.166667,71.916664
3228,26,84,10.166667,72.0
3229,26,85,10.166667,72.083336
3230,26,86,10.166667,72.166664
3231,26,87,10.166667,72.25
3232,26,88,10.166667,72.333336
3233,26,89,10.166667,72.416664
3234,26,90,10.166667,72.5
3235,26,91,10.166667,72.583336
3236,26,92,10.166667,72.666664
3237,26,93,10.166667,72.75
3238,26,94,10.166667,72.833336
3239,26,95,10.166667,72.916664
3240,26,96,10.166667,73.0
3241,26,97,10.166667,73.083336
3242,26,98,10.166667,73.166664
3243,26,99,10.166667,73.25
3244,26,100,10.166667,73.333336
3245,26,101,10.166667,73.416664
3246,26,102,10.166667,73.5
3247,26,103,10.166667,73.583336
3248,26,104,10.166667,73.666664
3249,26,105,10.166667,73.75
3250,26,106,10.166667,73.833336
3251,26,107,10.166667,73.916664
3252,26,108,10.166667,74.0
3253,26,109,10.166667,74.083336
3254,26,110,10.166667,74.166664
3255,26,111,10.166667,74.25
3256,26,112,10.166667,74.333336
3257,26,113,10.166667,74.416664
3258,26,114,10.166667,74.5
3259,26,115,10.166667,74.583336
3260,26,116,10.166667,74.666664
3261,26,117,10.166667,74.75
3262,26,118,10.166667,74.833336
3263,26,119,10.166667,74.916664
3264,26,120,10.166667,75.0
3265,27,0,10.25,65.0
3266,27,1,10.25,65.083336
3267,27,2,10.25,65.166664
3268,27,3,10.25,65.25
3269,27,4,10.25,65.333336
3270,27,5,10.25,65.416664
3271,27,6,10.25,65.5
3272,27,7,10.25,65.583336
3273,27,8,10.25,65.666664
3274,27,9,10.25,65.75
3275,27,10,10.25,65.833336
3276,27,11,10.25,65.916664
3277,27,12,10.25,66.0
3278,27,13,10.25,66.083336
3279,27,14,10.25,66.166664
3280,27,15,10.25,66.25
3281,27,16,10.25,66.333336
3282,27,17,10.25,66.416664
3283,27,18,10.25,66.5
3284,27,19,10.25,66.583336
3285,27,20,10.25,66.666664
3286,27,21,10.25,66.75
3287,27,22,10.25,66.833336
3288,27,23,10.25,66.916664
3289,27,24,10.25,67.0
3290,27,25,10.25,67.083336
3291,27,26,10.25,67.166664
3292,27,27,10.25,67.25
3293,27,28,10.25,67.333336
3294,27,29,10.25,67.416664
3295,27,30,10.25,67.5
3296,27,31,10.25,67.583336
3297,27,32,10.25,67.666664
3298,27,33,10.25,67.75
3299,27,34,10.25,67.833336
3300,27,35,10.25,67.916664
3301,27,36,10.25,68.0
3302,27,37,10.25,68.083336
3303,27,38,10.25,68.166664
3304,27,39,10.25,68.25
3305,27,40,10.25,68.333336
3306,27,41,10.25,68.416664
3307,27,42,10.25,68.5
3308,27,43,10.25,68.583336
3309,27,44,10.25,68.666664
3310,27,45,10.25,68.75
3311,27,46,10.25,68.833336
3312,27,47,10.25,68.916664
3313,27,48,10.25,69.0
3314,27,49,10.25,69.083336
3315,27,50,10.25,69.166664
3316,27,51,10.25,69.25
3317,27,52,10.25,69.333336
3318,27,53,10.25,69.416664
3319,27,54,10.25,69.5
3320,27,55,10.25,69.583336
3321,27,56,10.25,69.666664
3322,27,57,10.25,69.75
3323,27,58,10.25,69.833336
3324,27,59,10.25,69.916664
3325,27,60,10.25,70.0
3326,27,61,10.25,70.083336
3327,27,62,10.25,70.166664
3328,27,63,10.25,70.25
3329,27,64,10.25,70.333336
3330,27,65,10.25,70.416664
3331,27,66,10.25,70.5
3332,27,67,10.25,70.583336
3333,27,68,10.25,70.666664
3334,27,69,10.25,70.75
3335,27,70,10.25,70.833336
3336,27,71,10.25,70.916664
3337,27,72,10.25,71.0
3338,27,73,10.25,71.083336
3339,27,74,10.25,71.166664
3340,27,75,10.25,71.25
3341,27,76,10.25,71.333336
3342,27,77,10.25,71.416664
3343,27,78,10.25,71.5
3344,27,79,10.25,71.583336
3345,27,80,10.25,71.666664
3346,27,81,10.25,71.75
3347,27,82,10.25,71.833336
3348,27,83,10.25,71.916664
3349,27,84,10.25,72.0
3350,27,85,10.25,72.083336
3351,27,86,10.25,72.166664
3352,27,87,10.25,72.25
3353,27,88,10.25,72.333336
3354,27,89,10.25,72.416664
3355,27,90,10.25,72.5
3356,27,91,10.25,72.583336
3357,27,92,10.25,72.666664
3358,27,93,10.25,72.75
3359,27,94,10.25,72.833336
3360,27,95,10.25,72.916664
3361,27,96,10.25,73.0
3362,27,97,10.25,73.083336
3363,27,98,10.25,73.166664
3364,27,99,10.25,73.25
3365,27,100,10.25,73.333336
3366,27,101,10.25,73.416664
3367,27,102,10.25,73.5
3368,27,103,10.25,73.583336
3369,27,104,10.25,73.666664
3370,27,105,10.25,73.75
3371,27,106,10.25,73.833336
3372,27,107,10.25,73.916664
3373,27,108,10.25,74.0
3374,27,109,10.25,74.083336
3375,27,110,10.25,74.166664
3376,27,111,10.25,74.25
3377,27,112,10.25,74.333336
3378,27,113,10.25,74.416664
3379,27,114,10.25,74.5
3380,27,115,10.25,74.583336
3381,27,116,10.25,74.666664
3382,27,117,10.25,74.75
3383,27,118,10.25,74.833336
3384,27,119,10.25,74.916664
3385,27,120,10.25,75.0
3386,28,0,10.333333,65.0
3387,28,1,10.333333,65.083336
3388,28,2,10.333333,65.166664
3389,28,3,10.333333,65.25
3390,28,4,10.333333,65.333336
3391,28,5,10.333333,65.416664
3392,28,6,10.333333,65.5
3393,28,7,10.333333,65.583336
3394,28,8,10.333333,65.666664
3395,28,9,10.333333,65.75
3396,28,10,10.333333,65.833336
3397,28,11,10.333333,65.916664
3398,28,12,10.333333,66.0
3399,28,13,10.333333,66.083336
3400,28,14,10.333333,66.166664
3401,28,15,10.333333,66.25
3402,28,16,10.333333,66.333336
3403,28,17,10.333333,66.416664
3404,28,18,10.333333,66.5
3405,28,19,10.333333,66.583336
3406,28,20,10.333333,66.666664
3407,28,21,10.333333,66.75
3408,28,22,10.333333,66.833336
3409,28,23,10.333333,66.916664
3410,28,24,10.333333,67.0
3411,28,25,10.333333,67.083336
3412,28,26,10.333333,67.166664
3413,28,27,10.333333,67.25
3414,28,28,10.333333,67.333336
3415,28,29,10.333333,67.416664
3416,28,30,10.333333,67.5
3417,28,31,10.333333,67.583336
3418,28,32,10.333333,67.666664
3419,28,33,10.333333,67.75
3420,28,34,10.333333,67.833336
3421,28,35,10.333333,67.916664
3422,28,36,10.333333,68.0
3423,28,37,10.333333,68.083336
3424,28,38,10.333333,68.166664
3425,28,39,10.333333,68.25
3426,28,40,10.333333,68.333336
3427,28,41,10.333333,68.416664
3428,28,42,10.333333,68.5
3429,28,43,10.333333,68.583336
3430,28,44,10.333333,68.666664
3431,28,45,10.333333,68.75
3432,28,46,10.333333,68.833336
3433,28,47,10.333333,68.916664
3434,28,48,10.333333,69.0
3435,28,49,10.333333,69.083336
3436,28,50,10.333333,69.166664
3437,28,51,10.333333,69.25
3438,28,52,10.333333,69.333336
3439,28,53,10.333333,69.416664
3440,28,54,10.333333,69.5
3441,28,55,10.333333,69.583336
3442,28,56,10.333333,69.666664
3443,28,57,10.333333,69.75
3444,28,58,10.333333,69.833336
3445,28,59,10.333333,69.916664
3446,28,60,10.333333,70.0
3447,28,61,10.333333,70.083336
3448,28,62,10.333333,70.166664
3449,28,63,10.333333,70.25
3450,28,64,10.333333,70.333336
3451,28,65,10.333333,70.416664
3452,28,66,10.333333,70.5
3453,28,67,10.333333,70.583336
3454,28,68,10.333333,70.666664
3455,28,69,10.333333,70.75
3456,28,70,10.333333,70.833336
3457,28,71,10.333333,70.916664
3458,28,72,10.333333,71.0
3459,28,73,10.333333,71.083336
3460,28,74,10.333333,71.166664
3461,28,75,10.333333,71.25
3462,28,76,10.333333,71.333336
3463,28,77,10.333333,71.416664
3464,28,78,10.333333,71.5
3465,28,79,10.333333,71.583336
3466,28,80,10.333333,71.666664
3467,28,81,10.333333,71.75
3468,28,82,10.333333,71.833336
3469,28,83,10.333333,71.916664
3470,28,84,10.333333,72.0
3471,28,85,10.333333,72.083336
3472,28,86,10.333333,72.166664
3473,28,87,10.333333,72.25
3474,28,88,10.333333,72.333336
3475,28,89,10.333333,72.416664
3476,28,90,10.333333,72.5
3477,28,91,10.333333,72.583336
3478,28,92,10.333333,72.666664
3479,28,93,10.333333,72.75
3480,28,94,10.333333,72.833336
3481,28,95,10.333333,72.916664
3482,28,96,10.333333,73.0
3483,28,97,10.333333,73.083336
3484,28,98,10.333333,73.166664
3485,28,99,10.333333,73.25
3486,28,100,10.333333,73.333336
3487,28,101,10.333333,73.416664
3488,28,102,10.333333,73.5
3489,28,103,10.333333,73.583336
3490,28,104,10.333333,73.666664
3491,28,105,10.333333,73.75
3492,28,106,10.333333,73.833336
3493,28,107,10.333333,73.916664
3494,28,108,10.333333,74.0
3495,28,109,10.333333,74.083336
3496,28,110,10.333333,74.166664
3497,28,111,10.333333,74.25
3498,28,112,10.333333,74.333336
3499,28,113,10.333333,74.416664
3500,28,114,10.333333,74.5
3501,28,115,10.333333,74.583336
3502,28,116,10.333333,74.666664
3503,28,117,10.333333,74.75
3504,28,118,10.333333,74.833336
3505,28,119,10.333333,74.916664
3506,28,120,10.333333,75.0
3507,29,0,10.416667,65.0
3508,29,1,10.416667,65.083336
3509,29,2,10.416667,65.166664
3510,29,3,10.416667,65.25
3511,29,4,10.416667,65.333336
3512,29,5,10.416667,65.416664
3513,29,6,10.416667,65.5
3514,29,7,10.416667,65.583336
3515,29,8,10.416667,65.666664
3516,29,9,10.416667,65.75
3517,29,10,10.416667,65.833336
3518,29,11,10.416667,65.916664
3519,29,12,10.416667,66.0
3520,29,13,10.416667,66.083336
3521,29,14,10.416667,66.166664
3522,29,15,10.416667,66.25
3523,29,16,10.416667,66.333336
3524,29,17,10.416667,66.416664
3525,29,18,10.416667,66.5
3526,29,19,10.416667,66.583336
3527,29,20,10.416667,66.666664
3528,29,21,10.416667,66.75
3529,29,22,10.416667,66.833336
3530,29,23,10.416667,66.916664
3531,29,24,10.416667,67.0
3532,29,25,10.416667,67.083336
3533,29,26,10.416667,67.166664
3534,29,27,10.416667,67.25
3535,29,28,10.416667,67.333336
3536,29,29,10.416667,67.416664
3537,29,30,10.416667,67.5
3538,29,31,10.416667,67.583336
3539,29,32,10.416667,67.666664
3540,29,33,10.416667,67.75
3541,29,34,10.416667,67.833336
3542,29,35,10.416667,67.916664
3543,29,36,10.416667,68.0
3544,29,37,10.416667,68.083336
3545,29,38,10.416667,68.166664
3546,29,39,10.416667,68.25
3547,29,40,10.416667,68.333336
3548,29,41,10.416667,68.416664
3549,29,42,10.416667,68.5
3550,29,43,10.416667,68.583336
3551,29,44,10.416667,68.666664
3552,29,45,10.416667,68.75
3553,29,46,10.416667,68.833336
3554,29,47,10.416667,68.916664
3555,29,48,10.416667,69.0
3556,29,49,10.416667,69.083336
3557,29,50,10.416667,69.166664
3558,29,51,10.416667,69.25
3559,29,52,10.416667,69.333336
3560,29,53,10.416667,69.416664
3561,29,54,10.416667,69.5
3562,29,55,10.416667,69.583336
3563,29,56,10.416667,69.666664
3564,29,57,10.416667,69.75
3565,29,58,10.416667,69.833336
3566,29,59,10.416667,69.916664
3567,29,60,10.416667,70.0
3568,29,61,10.416667,70.083336
3569,29,62,10.416667,70.166664
3570,29,63,10.416667,70.25
3571,29,64,10.416667,70.333336
3572,29,65,10.416667,70.416664
3573,29,66,10.416667,70.5
3574,29,67,10.416667,70.583336
3575,29,68,10.416667,70.666664
3576,29,69,10.416667,70.75
3577,29,70,10.416667,70.833336
3578,29,71,10.416667,70.916664
3579,29,72,10.416667,71.0
3580,29,73,10.416667,71.083336
3581,29,74,10.416667,71.166664
3582,29,75,10.416667,71.25
3583,29,76,10.416667,71.333336
3584,29,77,10.416667,71.416664
3585,29,78,10.416667,71.5
3586,29,79,10.416667,71.583336
3587,29,80,10.416667,71.666664
3588,29,81,10.416667,71.75
3589,29,82,10.416667,71.833336
3590,29,83,10.416667,71.916664
3591,29,84,10.416667,72.0
3592,29,85,10.416667,72.083336
3593,29,86,10.416667,72.166664
3594,29,87,10.416667,72.25
3595,29,88,10.416667,72.333336
3596,29,89,10.416667,72.416664
3597,29,90,10.416667,72.5
3598,29,91,10.416667,72.583336
3599,29,92,10.416667,72.666664
3600,29,93,10.416667,72.75
3601,29,94,10.416667,72.833336
3602,29,95,10.416667,72.916664
3603,29,96,10.416667,73.0
3604,29,97,10.416667,73.083336
3605,29,98,10.416667,73.166664
3606,29,99,10.416667,73.25
3607,29,100,10.416667,73.333336
3608,29,101,10.416667,73.416664
3609,29,102,10.416667,73.5
3610,29,103,10.416667,73.583336
3611,29,104,10.416667,73.666664
3612,29,105,10.416667,73.75
3613,29,106,10.416667,73.833336
3614,29,107,10.416667,73.916664
3615,29,108,10.416667,74.0
3616,29,109,10.416667,74.083336
3617,29,110,10.416667,74.166664
3618,29,111,10.416667,74.25
3619,29,112,10.416667,74.333336
3620,29,113,10.416667,74.416664
3621,29,114,10.416667,74.5
3622,29,115,10.416667,74.583336
3623,29,116,10.416667,74.666664
3624,29,117,10.416667,74.75
3625,29,118,10.416667,74.833336
3626,29,119,10.416667,74.916664
3627,29,120,10.416667,75.0
3628,30,0,10.5,65.0
3629,30,1,10.5,65.083336
3630,30,2,10.5,65.166664
3631,30,3,10.5,65.25
3632,30,4,10.5,65.333336
3633,30,5,10.5,65.416664
3634,30,6,10.5,65.5
3635,30,7,10.5,65.583336
3636,30,8,10.5,65.666664
3637,30,9,10.5,65.75
3638,30,10,10.5,65.833336
3639,30,11,10.5,65.916664
3640,30,12,10.5,66.0
3641,30,13,10.5,66.083336
3642,30,14,10.5,66.166664
3643,30,15,10.5,66.25
3644,30,16,10.5,66.333336
3645,30,17,10.5,66.416664
3646,30,18,10.5,66.5
3647,30,19,10.5,66.583336
3648,30,20,10.5,66.666664
3649,30,21,10.5,66.75
3650,30,22,10.5,66.833336
3651,30,23,10.5,66.916664
3652,30,24,10.5,67.0
3653,30,25,10.5,67.083336
3654,30,26,10.5,67.166664
3655,30,27,10.5,67.25
3656,30,28,10.5,67.333336
3657,30,29,10.5,67.416664
3658,30,30,10.5,67.5
3659,30,31,10.5,67.583336
3660,30,32,10.5,67.666664
3661,30,33,10.5,67.75
3662,30,34,10.5,67.833336
3663,30,35,10.5,67.916664
3664,30,36,10.5,68.0
3665,30,37,10.5,68.083336
3666,30,38,10.5,68.166664
3667,30,39,10.5,68.25
3668,30,40,10.5,68.333336
3669,30,41,10.5,68.416664
3670,30,42,10.5,68.5
3671,30,43,10.5,68.583336
3672,30,44,10.5,68.666664
3673,30,45,10.5,68.75
3674,30,46,10.5,68.833336
3675,30,47,10.5,68.916664
3676,30,48,10.5,69.0
3677,30,49,10.5,69.083336
3678,30,50,10.5,69.166664
3679,30,51,10.5,69.25
3680,30,52,10.5,69.333336
3681,30,53,10.5,69.416664
3682,30,54,10.5,69.5
3683,30,55,10.5,69.583336
3684,30,56,10.5,69.666664
3685,30,57,10.5,69.75
3686,30,58,10.5,69.833336
3687,30,59,10.5,69.916664
3688,30,60,10.5,70.0
3689,30,61,10.5,70.083336
3690,30,62,10.5,70.166664
3691,30,63,10.5,70.25
3692,30,64,10.5,70.333336
3693,30,65,10.5,70.416664
3694,30,66,10.5,70.5
3695,30,67,10.5,70.583336
3696,30,68,10.5,70.666664
3697,30,69,10.5,70.75
3698,30,70,10.5,70.833336
3699,30,71,10.5,70.916664
3700,30,72,10.5,71.0
3701,30,73,10.5,71.083336
3702,30,74,10.5,71.166664
3703,30,75,10.5,71.25
3704,30,76,10.5,71.333336
3705,30,77,10.5,71.416664
3706,30,78,10.5,71.5
3707,30,79,10.5,71.583336
3708,30,80,10.5,71.666664
3709,30,81,10.5,71.75
3710,30,82,10.5,71.833336
3711,30,83,10.5,71.916664
3712,30,84,10.5,72.0
3713,30,85,10.5,72.083336
3714,30,86,10.5,72.166664
3715,30,87,10.5,72.25
3716,30,88,10.5,72.333336
3717,30,89,10.5,72.416664
3718,30,90,10.5,72.5
3719,30,91,10.5,72.583336
3720,30,92,10.5,72.666664
3721,30,93,10.5,72.75
3722,30,94,10.5,72.833336
3723,30,95,10.5,72.916664
3724,30,96,10.5,73.0
3725,30,97,10.5,73.083336
3726,30,98,10.5,73.166664
3727,30,99,10.5,73.25
3728,30,100,10.5,73.333336
3729,30,101,10.5,73.416664
3730,30,102,10.5,73.5
3731,30,103,10.5,73.583336
3732,30,104,10.5,73.666664
3733,30,105,10.5,73.75
3734,30,106,10.5,73.833336
3735,30,107,10.5,73.916664
3736,30,108,10.5,74.0
3737,30,109,10.5,74.083336
3738,30,110,10.5,74.166664
3739,30,111,10.5,74.25
3740,30,112,10.5,74.333336
3741,30,113,10.5,74.416664
3742,30,114,10.5,74.5
3743,30,115,10.5,74.583336
3744,30,116,10.5,74.666664
3745,30,117,10.5,74.75
3746,30,118,10.5,74.833336
3747,30,119,10.5,74.916664
3748,30,120,10.5,75.0
3749,31,0,10.583333,65.0
3750,31,1,10.583333,65.083336
3751,31,2,10.583333,65.166664
3752,31,3,10.583333,65.25
3753,31,4,10.583333,65.333336
3754,31,5,10.583333,65.416664
3755,31,6,10.583333,65.5
3756,31,7,10.583333,65.583336
3757,31,8,10.583333,65.666664
3758,31,9,10.583333,65.75
3759,31,10,10.583333,65.833336
3760,31,11,10.583333,65.916664
3761,31,12,10.583333,66.0
3762,31,13,10.583333,66.083336
3763,31,14,10.583333,66.166664
3764,31,15,10.583333,66.25
3765,31,16,10.583333,66.333336
3766,31,17,10.583333,66.416664
3767,31,18,10.583333,66.5
3768,31,19,10.583333,66.583336
3769,31,20,10.583333,66.666664
3770,31,21,10.583333,66.75
3771,31,22,10.583333,66.833336
3772,31,23,10.583333,66.916664
3773,31,24,10.583333,67.0
3774,31,25,10.583333,67.083336
3775,31,26,10.583333,67.166664
3776,31,27,10.583333,67.25
3777,31,28,10.583333,67.333336
3778,31,29,10.583333,67.416664
3779,31,30,10.583333,67.5
3780,31,31,10.583333,67.583336
3781,31,32,10.583333,67.666664
3782,31,33,10.583333,67.75
3783,31,34,10.583333,67.833336
3784,31,35,10.583333,67.916664
3785,31,36,10.583333,68.0
3786,31,37,10.583333,68.083336
3787,31,38,10.583333,68.166664
3788,31,39,10.583333,68.25
3789,31,40,10.583333,68.333336
3790,31,41,10.583333,68.416664
3791,31,42,10.583333,68.5
3792,31,43,10.583333,68.583336
3793,31,44,10.583333,68.666664
3794,31,45,10.583333,68.75
3795,31,46,10.583333,68.833336
3796,31,47,10.583333,68.916664
3797,31,48,10.583333,69.0
3798,31,49,10.583333,69.083336
3799,31,50,10.583333,69.166664
3800,31,51,10.583333,69.25
3801,31,52,10.583333,69.333336
3802,31,53,10.583333,69.416664
3803,31,54,10.583333,69.5
3804,31,55,10.583333,69.583336
3805,31,56,10.583333,69.666664
3806,31,57,10.583333,69.75
3807,31,58,10.583333,69.833336
3808,31,59,10.583333,69.916664
3809,31,60,10.583333,70.0
3810,31,61,10.583333,70.083336
3811,31,62,10.583333,70.166664
3812,31,63,10.583333,70.25
3813,31,64,10.583333,70.333336
3814,31,65,10.583333,70.416664
3815,31,66,10.583333,70.5
3816,31,67,10.583333,70.583336
3817,31,68,10.583333,70.666664
3818,31,69,10.583333,70.75
3819,31,70,10.583333,70.833336
3820,31,71,10.583333,70.916664
3821,31,72,10.583333,71.0
3822,31,73,10.583333,71.083336
3823,31,74,10.583333,71.166664
3824,31,75,10.583333,71.25
3825,31,76,10.583333,71.333336
3826,31,77,10.583333,71.416664
3827,31,78,10.583333,71.5
3828,31,79,10.583333,71.583336
3829,31,80,10.583333,71.666664
3830,31,81,10.583333,71.75
3831,31,82,10.583333,71.833336
3832,31,83,10.583333,71.916664
3833,31,84,10.583333,72.0
3834,31,85,10.583333,72.083336
3835,31,86,10.583333,72.166664
3836,31,87,10.583333,72.25
3837,31,88,10.583333,72.333336
3838,31,89,10.583333,72.416664
3839,31,90,10.583333,72.5
3840,31,91,10.583333,72.583336
3841,31,92,10.583333,72.666664
3842,31,93,10.583333,72.75
3843,31,94,10.583333,72.833336
3844,31,95,10.583333,72.916664
3845,31,96,10.583333,73.0
3846,31,97,10.583333,73.083336
3847,31,98,10.583333,73.166664
3848,31,99,10.583333,73.25
3849,31,100,10.583333,73.333336
3850,31,101,10.583333,73.416664
3851,31,102,10.583333,73.5
3852,31,103,10.583333,73.583336
3853,31,104,10.583333,73.666664
3854,31,105,10.583333,73.75
3855,31,106,10.583333,73.833336
3856,31,107,10.583333,73.916664
3857,31,108,10.583333,74.0
3858,31,109,10.583333,74.083336
3859,31,110,10.583333,74.166664
3860,31,111,10.583333,74.25
3861,31,112,10.583333,74.333336
3862,31,113,10.583333,74.416664
3863,31,114,10.583333,74.5
3864,31,115,10.583333,74.583336
3865,31,116,10.583333,74.666664
3866,31,117,10.583333,74.75
3867,31,118,10.583333,74.833336
3868,31,119,10.583333,74.916664
3869,31,120,10.583333,75.0
3870,32,0,10.666667,65.0
3871,32,1,10.666667,65.083336
3872,32,2,10.666667,65.166664
3873,32,3,10.666667,65.25
3874,32,4,10.666667,65.333336
3875,32,5,10.666667,65.416664
3876,32,6,10.666667,65.5
3877,32,7,10.666667,65.583336
3878,32,8,10.666667,65.666664
3879,32,9,10.666667,65.75
3880,32,10,10.666667,65.833336
3881,32,11,10.666667,65.916664
3882,32,12,10.666667,66.0
3883,32,13,10.666667,66.083336
3884,32,14,10.666667,66.166664
3885,32,15,10.666667,66.25
3886,32,16,10.666667,66.333336
3887,32,17,10.666667,66.416664
3888,32,18,10.666667,66.5
3889,32,19,10.666667,66.583336
3890,32,20,10.666667,66.666664
3891,32,21,10.666667,66.75
3892,32,22,10.666667,66.833336
3893,32,23,10.666667,66.916664
3894,32,24,10.666667,67.0
3895,32,25,10.666667,67.083336
3896,32,26,10.666667,67.166664
3897,32,27,10.666667,67.25
3898,32,28,10.666667,67.333336
3899,32,29,10.666667,67.416664
3900,32,30,10.666667,67.5
3901,32,31,10.666667,67.583336
3902,32,32,10.666667,67.666664
3903,32,33,10.666667,67.75
3904,32,34,10.666667,67.833336
3905,32,35,10.666667,67.916664
3906,32,36,10.666667,68.0
3907,32,37,10.666667,68.083336
3908,32,38,10.666667,68.166664
3909,32,39,10.666667,68.25
3910,32,40,10.666667,68.333336
3911,32,41,10.666667,68.416664
3912,32,42,10.666667,68.5
3913,32,43,10.666667,68.583336
3914,32,44,10.666667,68.666664
3915,32,45,10.666667,68.75
3916,32,46,10.666667,68.833336
3917,32,47,10.666667,68.916664
3918,32,48,10.666667,69.0
3919,32,49,10.666667,69.083336
3920,32,50,10.666667,69.166664
3921,32,51,10.666667,69.25
3922,32,52,10.666667,69.333336
3923,32,53,10.666667,69.416664
3924,32,54,10.666667,69.5
3925,32,55,10.666667,69.583336
3926,32,56,10.666667,69.666664
3927,32,57,10.666667,69.75
3928,32,58,10.666667,69.833336
3929,32,59,10.666667,69.916664
3930,32,60,10.666667,70.0
3931,32,61,10.666667,70.083336
3932,32,62,10.666667,70.166664
3933,32,63,10.666667,70.25
3934,32,64,10.666667,70.333336
3935,32,65,10.666667,70.416664
3936,32,66,10.666667,70.5
3937,32,67,10.666667,70.583336
3938,32,68,10.666667,70.666664
3939,32,69,10.666667,70.75
3940,32,70,10.666667,70.833336
3941,32,71,10.666667,70.916664
3942,32,72,10.666667,71.0
3943,32,73,10.666667,71.083336
3944,32,74,10.666667,71.166664
3945,32,75,10.666667,71.25
3946,32,76,10.666667,71.333336
3947,32,77,10.666667,71.416664
3948,32,78,10.666667,71.5
3949,32,79,10.666667,71.583336
3950,32,80,10.666667,71.666664
3951,32,81,10.666667,71.75
3952,32,82,10.666667,71.833336
3953,32,83,10.666667,71.916664
3954,32,84,10.666667,72.0
3955,32,85,10.666667,72.083336
3956,32,86,10.666667,72.166664
3957,32,87,10.666667,72.25
3958,32,88,10.666667,72.333336
3959,32,89,10.666667,72.416664
3960,32,90,10.666667,72.5
3961,32,91,10.666667,72.583336
3962,32,92,10.666667,72.666664
3963,32,93,10.666667,72.75
3964,32,94,10.666667,72.833336
3965,32,95,10.666667,72.916664
3966,32,96,10.666667,73.0
3967,32,97,10.666667,73.083336
3968,32,98,10.666667,73.166664
3969,32,99,10.666667,73.25
3970,32,100,10.666667,73.333336
3971,32,101,10.666667,73.416664
3972,32,102,10.666667,73.5
3973,32,103,10.666667,73.583336
3974,32,104,10.666667,73.666664
3975,32,105,10.666667,73.75
3976,32,106,10.666667,73.833336
3977,32,107,10.666667,73.916664
3978,32,108,10.666667,74.0
3979,32,109,10.666667,74.083336
3980,32,110,10.666667,74.166664
3981,32,111,10.666667,74.25
3982,32,112,10.666667,74.333336
3983,32,113,10.666667,74.416664
3984,32,114,10.666667,74.5
3985,32,115,10.666667,74.583336
3986,32,116,10.666667,74.666664
3987,32,117,10.666667,74.75
3988,32,118,10.666667,74.833336
3989,32,119,10.666667,74.916664
3990,32,120,10.666667,75.0
3991,33,0,10.75,65.0
3992,33,1,10.75,65.083336
3993,33,2,10.75,65.166664
3994,33,3,10.75,65.25
3995,33,4,10.75,65.333336
3996,33,5,10.75,65.416664
3997,33,6,10.75,65.5
3998,33,7,10.75,65.583336
3999,33,8,10.75,65.666664
4000,33,9,10.75,65.75
4001,33,10,10.75,65.833336
4002,33,11,10.75,65.916664
4003,33,12,10.75,66.0
4004,33,13,10.75,66.083336
4005,33,14,10.75,66.166664
4006,33,15,10.75,66.25
4007,33,16,10.75,66.333336
4008,33,17,10.75,66.416664
4009,33,18,10.75,66.5
4010,33,19,10.75,66.583336
4011,33,20,10.75,66.666664
4012,33,21,10.75,66.75
4013,33,22,10.75,66.833336
4014,33,23,10.75,66.916664
4015,33,24,10.75,67.0
4016,33,25,10.75,67.083336
4017,33,26,10.75,67.166664
4018,33,27,10.75,67.25
4019,33,28,10.75,67.333336
4020,33,29,10.75,67.416664
4021,33,30,10.75,67.5
4022,33,31,10.75,67.583336
4023,33,32,10.75,67.666664
4024,33,33,10.75,67.75
4025,33,34,10.75,67.833336
4026,33,35,10.75,67.916664
4027,33,36,10.75,68.0
4028,33,37,10.75,68.083336
4029,33,38,10.75,68.166664
4030,33,39,10.75,68.25
4031,33,40,10.75,68.333336
4032,33,41,10.75,68.416664
4033,33,42,10.75,68.5
4034,33,43,10.75,68.583336
4035,33,44,10.75,68.666664
4036,33,45,10.75,68.75
4037,33,46,10.75,68.833336
4038,33,47,10.75,68.916664
4039,33,48,10.75,69.0
4040,33,49,10.75,69.083336
4041,33,50,10.75,69.166664
4042,33,51,10.75,69.25
4043,33,52,10.75,69.333336
4044,33,53,10.75,69.416664
4045,33,54,10.75,69.5
4046,33,55,10.75,69.583336
4047,33,56,10.75,69.666664
4048,33,57,10.75,69.75
4049,33,58,10.75,69.833336
4050,33,59,10.75,69.916664
4051,33,60,10.75,70.0
4052,33,61,10.75,70.083336
4053,33,62,10.75,70.166664
4054,33,63,10.75,70.25
4055,33,64,10.75,70.333336
4056,33,65,10.75,70.416664
4057,33,66,10.75,70.5
4058,33,67,10.75,70.583336
4059,33,68,10.75,70.666664
4060,33,69,10.75,70.75
4061,33,70,10.75,70.833336
4062,33,71,10.75,70.916664
4063,33,72,10.75,71.0
4064,33,73,10.75,71.083336
4065,33,74,10.75,71.166664
4066,33,75,10.75,71.25
4067,33,76,10.75,71.333336
4068,33,77,10.75,71.416664
4069,33,78,10.75,71.5
4070,33,79,10.75,71.583336
4071,33,80,10.75,71.666664
4072,33,81,10.75,71.75
4073,33,82,10.75,71.833336
4074,33,83,10.75,71.916664
4075,33,84,10.75,72.0
4076,33,85,10.75,72.083336
4077,33,86,10.75,72.166664
4078,33,87,10.75,72.25
4079,33,88,10.75,72.333336
4080,33,89,10.75,72.416664
4081,33,90,10.75,72.5
4082,33,91,10.75,72.583336
4083,33,92,10.75,72.666664
4084,33,93,10.75,72.75
4085,33,94,10.75,72.833336
4086,33,95,10.75,72.916664
4087,33,96,10.75,73.0
4088,33,97,10.75,73.083336
4089,33,98,10.75,73.166664
4090,33,99,10.75,73.25
4091,33,100,10.75,73.333336
4092,33,101,10.75,73.416664
4093,33,102,10.75,73.5
4094,33,103,10.75,73.583336
4095,33,104,10.75,73.666664
4096,33,105,10.75,73.75
4097,33,106,10.75,73.833336
4098,33,107,10.75,73.916664
4099,33,108,10.75,74.0
4100,33,109,10.75,74.083336
4101,33,110,10.75,74.166664
4102,33,111,10.75,74.25
4103,33,112,10.75,74.333336
4104,33,113,10.75,74.416664
4105,33,114,10.75,74.5
4106,33,115,10.75,74.583336
4107,33,116,10.75,74.666664
4108,33,117,10.75,74.75
4109,33,118,10.75,74.833336
4110,33,119,10.75,74.916664
4111,33,120,10.75,75.0
4112,34,0,10.833333,65.0
4113,34,1,10.833333,65.083336
4114,34,2,10.833333,65.166664
4115,34,3,10.833333,65.25
4116,34,4,10.833333,65.333336
4117,34,5,10.833333,65.416664
4118,34,6,10.833333,65.5
4119,34,7,10.833333,65.583336
4120,34,8,10.833333,65.666664
4121,34,9,10.833333,65.75
4122,34,10,10.833333,65.833336
4123,34,11,10.833333,65.916664
4124,34,12,10.833333,66.0
4125,34,13,10.833333,66.083336
4126,34,14,10.833333,66.166664
4127,34,15,10.833333,66.25
4128,34,16,10.833333,66.333336
4129,34,17,10.833333,66.416664
4130,34,18,10.833333,66.5
4131,34,19,10.833333,66.583336
4132,34,20,10.833333,66.666664
4133,34,21,10.833333,66.75
4134,34,22,10.833333,66.833336
4135,34,23,10.833333,66.916664
4136,34,24,10.833333,67.0
4137,34,25,10.833333,67.083336
4138,34,26,10.833333,67.166664
4139,34,27,10.833333,67.25
4140,34,28,10.833333,67.333336
4141,34,29,10.833333,67.416664
4142,34,30,10.833333,67.5
4143,34,31,10.833333,67.583336
4144,34,32,10.833333,67.666664
4145,34,33,10.833333,67.75
4146,34,34,10.833333,67.833336
4147,34,35,10.833333,67.916664
4148,34,36,10.833333,68.0
4149,34,37,10.833333,68.083336
4150,34,38,10.833333,68.166664
4151,34,39,10.833333,68.25
4152,34,40,10.833333,68.333336
4153,34,41,10.833333,68.416664
4154,34,42,10.833333,68.5
4155,34,43,10.833333,68.583336
4156,34,44,10.833333,68.666664
4157,34,45,10.833333,68.75
4158,34,46,10.833333,68.833336
4159,34,47,10.833333,68.916664
4160,34,48,10.833333,69.0
4161,34,49,10.833333,69.083336
4162,34,50,10.833333,69.166664
4163,34,51,10.833333,69.25
4164,34,52,10.833333,69.333336
4165,34,53,10.833333,69.416664
4166,34,54,10.833333,69.5
4167,34,55,10.833333,69.583336
4168,34,56,10.833333,69.666664
4169,34,57,10.833333,69.75
4170,34,58,10.833333,69.833336
4171,34,59,10.833333,69.916664
4172,34,60,10.833333,70.0
4173,34,61,10.833333,70.083336
4174,34,62,10.833333,70.166664
4175,34,63,10.833333,70.25
4176,34,64,10.833333,70.333336
4177,34,65,10.833333,70.416664
4178,34,66,10.833333,70.5
4179,34,67,10.833333,70.583336
4180,34,68,10.833333,70.666664
4181,34,69,10.833333,70.75
4182,34,70,10.833333,70.833336
4183,34,71,10.833333,70.916664
4184,34,72,10.833333,71.0
4185,34,73,10.833333,71.083336
4186,34,74,10.833333,71.166664
4187,34,75,10.833333,71.25
4188,34,76,10.833333,71.333336
4189,34,77,10.833333,71.416664
4190,34,78,10.833333,71.5
4191,34,79,10.833333,71.583336
4192,34,80,10.833333,71.666664
4193,34,81,10.833333,71.75
4194,34,82,10.833333,71.833336
4195,34,83,10.833333,71.916664
4196,34,84,10.833333,72.0
4197,34,85,10.833333,72.083336
4198,34,87,10.833333,72.25
4199,34,88,10.833333,72.333336
4200,34,89,10.833333,72.416664
4201,34,90,10.833333,72.5
4202,34,91,10.833333,72.583336
4203,34,92,10.833333,72.666664
4204,34,93,10.833333,72.75
4205,34,94,10.833333,72.833336
4206,34,95,10.833333,72.916664
4207,34,96,10.833333,73.0
4208,34,97,10.833333,73.083336
4209,34,98,10.833333,73.166664
4210,34,99,10.833333,73.25
4211,34,100,10.833333,73.333336
4212,34,101,10.833333,73.416664
4213,34,102,10.833333,73.5
4214,34,103,10.833333,73.583336
4215,34,105,10.833333,73.75
4216,34,106,10.833333,73.833336
4217,34,107,10.833333,73.916664
4218,34,108,10.833333,74.0
4219,34,109,10.833333,74.083336
4220,34,110,10.833333,74.166664
4221,34,111,10.833333,74.25
4222,34,112,10.833333,74.333336
4223,34,113,10.833333,74.416664
4224,34,114,10.833333,74.5
4225,34,115,10.833333,74.583336
4226,34,116,10.833333,74.666664
4227,34,117,10.833333,74.75
4228,34,118,10.833333,74.833336
4229,34,119,10.833333,74.916664
4230,34,120,10.833333,75.0
4231,35,0,10.916667,65.0
4232,35,1,10.916667,65.083336
4233,35,2,10.916667,65.166664
4234,35,3,10.916667,65.25
4235,35,4,10.916667,65.333336
4236,35,5,10.916667,65.416664
4237,35,6,10.916667,65.5
4238,35,7,10.916667,65.583336
4239,35,8,10.916667,65.666664
4240,35,9,10.916667,65.75
4241,35,10,10.916667,65.833336
4242,35,11,10.916667,65.916664
4243,35,12,10.916667,66.0
4244,35,13,10.916667,66.083336
4245,35,14,10.916667,66.166664
4246,35,15,10.916667,66.25
4247,35,16,10.916667,66.333336
4248,35,17,10.916667,66.416664
4249,35,18,10.916667,66.5
4250,35,19,10.916667,66.583336
4251,35,20,10.916667,66.666664
4252,35,21,10.916667,66.75
4253,35,22,10.916667,66.833336
4254,35,23,10.916667,66.916664
4255,35,24,10.916667,67.0
4256,35,25,10.916667,67.083336
4257,35,26,10.916667,67.166664
4258,35,27,10.916667,67.25
4259,35,28,10.916667,67.333336
4260,35,29,10.916667,67.416664
4261,35,30,10.916667,67.5
4262,35,31,10.916667,67.583336
4263,35,32,10.916667,67.666664
4264,35,33,10.916667,67.75
4265,35,34,10.916667,67.833336
4266,35,35,10.916667,67.916664
4267,35,36,10.916667,68.0
4268,35,37,10.916667,68.083336
4269,35,38,10.916667,68.166664
4270,35,39,10.916667,68.25
4271,35,40,10.916667,68.333336
4272,35,41,10.916667,68.416664
4273,35,42,10.916667,68.5
4274,35,43,10.916667,68.583336
4275,35,44,10.916667,68.666664
4276,35,45,10.916667,68.75
4277,35,46,10.916667,68.833336
4278,35,47,10.916667,68.916664
4279,35,48,10.916667,69.0
4280,35,49,10.916667,69.083336
4281,35,50,10.916667,69.166664
4282,35,51,10.916667,69.25
4283,35,52,10.916667,69.333336
4284,35,53,10.916667,69.416664
4285,35,54,10.916667,69.5
4286,35,55,10.916667,69.583336
4287,35,56,10.916667,69.666664
4288,35,57,10.916667,69.75
4289,35,58,10.916667,69.833336
4290,35,59,10.916667,69.916664
4291,35,60,10.916667,70.0
4292,35,61,10.916667,70.083336
4293,35,62,10.916667,70.166664
4294,35,63,10.916667,70.25
4295,35,64,10.916667,70.333336
4296,35,65,10.916667,70.416664
4297,35,66,10.916667,70.5
4298,35,67,10.916667,70.583336
4299,35,68,10.916667,70.666664
4300,35,69,10.916667,70.75
4301,35,70,10.916667,70.833336
4302,35,71,10.916667,70.916664
4303,35,72,10.916667,71.0
4304,35,73,10.916667,71.083336
4305,35,74,10.916667,71.166664
4306,35,75,10.916667,71.25
4307,35,76,10.916667,71.333336
4308,35,77,10.916667,71.416664
4309,35,78,10.916667,71.5
4310,35,79,10.916667,71.583336
4311,35,80,10.916667,71.666664
4312,35,81,10.916667,71.75
4313,35,82,10.916667,71.833336
4314,35,83,10.916667,71.916664
4315,35,84,10.916667,72.0
4316,35,85,10.916667,72.083336
4317,35,86,10.916667,72.166664
4318,35,87,10.916667,72.25
4319,35,88,10.916667,72.333336
4320,35,89,10.916667,72.416664
4321,35,90,10.916667,72.5
4322,35,91,10.916667,72.583336
4323,35,92,10.916667,72.666664
4324,35,93,10.916667,72.75
4325,35,94,10.916667,72.833336
4326,35,95,10.916667,72.916664
4327,35,96,10.916667,73.0
4328,35,97,10.916667,73.083336
4329,35,98,10.916667,73.166664
4330,35,99,10.916667,73.25
4331,35,100,10.916667,73.333336
4332,35,101,10.916667,73.416664
4333,35,102,10.916667,73.5
4334,35,103,10.916667,73.583336
4335,35,104,10.916667,73.666664
4336,35,105,10.916667,73.75
4337,35,106,10.916667,73.833336
4338,35,107,10.916667,73.916664
4339,35,108,10.916667,74.0
4340,35,109,10.916667,74.083336
4341,35,110,10.916667,74.166664
4342,35,111,10.916667,74.25
4343,35,112,10.916667,74.333336
4344,35,113,10.916667,74.416664
4345,35,114,10.916667,74.5
4346,35,115,10.916667,74.583336
4347,35,116,10.916667,74.666664
4348,35,117,10.916667,74.75
4349,35,118,10.916667,74.833336
4350,35,119,10.916667,74.916664
4351,35,120,10.916667,75.0
4352,36,0,11.0,65.0
4353,36,1,11.0,65.083336
4354,36,2,11.0,65.166664
4355,36,3,11.0,65.25
4356,36,4,11.0,65.333336
4357,36,5,11.0,65.416664
4358,36,6,11.0,65.5
4359,36,7,11.0,65.583336
4360,36,8,11.0,65.666664
4361,36,9,11.0,65.75
4362,36,10,11.0,65.833336
4363,36,11,11.0,65.916664
4364,36,12,11.0,66.0
4365,36,13,11.0,66.083336
4366,36,14,11.0,66.166664
4367,36,15,11.0,66.25
4368,36,16,11.0,66.333336
4369,36,17,11.0,66.416664
4370,36,18,11.0,66.5
4371,36,19,11.0,66.583336
4372,36,20,11.0,66.666664
4373,36,21,11.0,66.75
4374,36,22,11.0,66.833336
4375,36,23,11.0,66.916664
4376,36,24,11.0,67.0
4377,36,25,11.0,67.083336
4378,36,26,11.0,67.166664
4379,36,27,11.0,67.25
4380,36,28,11.0,67.333336
4381,36,29,11.0,67.416664
4382,36,30,11.0,67.5
4383,36,31,11.0,67.583336
4384,36,32,11.0,67.666664
4385,36,33,11.0,67.75
4386,36,34,11.0,67.833336
4387,36,35,11.0,67.916664
4388,36,36,11.0,68.0
4389,36,37,11.0,68.083336
4390,36,38,11.0,68.166664
4391,36,39,11.0,68.25
4392,36,40,11.0,68.333336
4393,36,41,11.0,68.416664
4394,36,42,11.0,68.5
4395,36,43,11.0,68.583336
4396,36,44,11.0,68.666664
4397,36,45,11.0,68.75
4398,36,46,11.0,68.833336
4399,36,47,11.0,68.916664
4400,36,48,11.0,69.0
4401,36,49,11.0,69.083336
4402,36,50,11.0,69.166664
4403,36,51,11.0,69.25
4404,36,52,11.0,69.333336
4405,36,53,11.0,69.416664
4406,36,54,11.0,69.5
4407,36,55,11.0,69.583336
4408,36,56,11.0,69.666664
4409,36,57,11.0,69.75
4410,36,58,11.0,69.833336
4411,36,59,11.0,69.916664
4412,36,60,11.0,70.0
4413,36,61,11.0,70.083336
4414,36,62,11.0,70.166664
4415,36,63,11.0,70.25
4416,36,64,11.0,70.333336
4417,36,65,11.0,70.416664
4418,36,66,11.0,70.5
4419,36,67,11.0,70.583336
4420,36,68,11.0,70.666664
4421,36,69,11.0,70.75
4422,36,70,11.0,70.833336
4423,36,71,11.0,70.916664
4424,36,72,11.0,71.0
4425,36,73,11.0,71.083336
4426,36,74,11.0,71.166664
4427,36,75,11.0,71.25
4428,36,76,11.0,71.333336
4429,36,77,11.0,71.416664
4430,36,78,11.0,71.5
4431,36,79,11.0,71.583336
4432,36,80,11.0,71.666664
4433,36,81,11.0,71.75
4434,36,82,11.0,71.833336
4435,36,83,11.0,71.916664
4436,36,84,11.0,72.0
4437,36,85,11.0,72.083336
4438,36,86,11.0,72.166664
4439,36,87,11.0,72.25
4440,36,88,11.0,72.333336
4441,36,89,11.0,72.416664
4442,36,90,11.0,72.5
4443,36,91,11.0,72.583336
4444,36,92,11.0,72.666664
4445,36,93,11.0,72.75
4446,36,94,11.0,72.833336
4447,36,95,11.0,72.916664
4448,36,96,11.0,73.0
4449,36,97,11.0,73.083336
4450,36,98,11.0,73.166664
4451,36,99,11.0,73.25
4452,36,100,11.0,73.333336
4453,36,101,11.0,73.416664
4454,36,102,11.0,73.5
4455,36,103,11.0,73.583336
4456,36,104,11.0,73.666664
4457,36,105,11.0,73.75
4458,36,106,11.0,73.833336
4459,36,107,11.0,73.916664
4460,36,108,11.0,74.0
4461,36,109,11.0,74.083336
4462,36,110,11.0,74.166664
4463,36,111,11.0,74.25
4464,36,112,11.0,74.333336
4465,36,113,11.0,74.416664
4466,36,114,11.0,74.5
4467,36,115,11.0,74.583336
4468,36,116,11.0,74.666664
4469,36,117,11.0,74.75
4470,36,118,11.0,74.833336
4471,36,119,11.0,74.916664
4472,36,120,11.0,75.0
4473,37,0,11.083333,65.0
4474,37,1,11.083333,65.083336
4475,37,2,11.083333,65.166664
4476,37,3,11.083333,65.25
4477,37,4,11.083333,65.333336
4478,37,5,11.083333,65.416664
4479,37,6,11.083333,65.5
4480,37,7,11.083333,65.583336
4481,37,8,11.083333,65.666664
4482,37,9,11.083333,65.75
4483,37,10,11.083333,65.833336
4484,37,11,11.083333,65.916664
4485,37,12,11.083333,66.0
4486,37,13,11.083333,66.083336
4487,37,14,11.083333,66.166664
4488,37,15,11.083333,66.25
4489,37,16,11.083333,66.333336
4490,37,17,11.083333,66.416664
4491,37,18,11.083333,66.5
4492,37,19,11.083333,66.583336
4493,37,20,11.083333,66.666664
4494,37,21,11.083333,66.75
4495,37,22,11.083333,66.833336
4496,37,23,11.083333,66.916664
4497,37,24,11.083333,67.0
4498,37,25,11.083333,67.083336
4499,37,26,11.083333,67.166664
4500,37,27,11.083333,67.25
4501,37,28,11.083333,67.333336
4502,37,29,11.083333,67.416664
4503,37,30,11.083333,67.5
4504,37,31,11.083333,67.583336
4505,37,32,11.083333,67.666664
4506,37,33,11.083333,67.75
4507,37,34,11.083333,67.833336
4508,37,35,11.083333,67.916664
4509,37,36,11.083333,68.0
4510,37,37,11.083333,68.083336
4511,37,38,11.083333,68.166664
4512,37,39,11.083333,68.25
4513,37,40,11.083333,68.333336
4514,37,41,11.083333,68.416664
4515,37,42,11.083333,68.5
4516,37,43,11.083333,68.583336
4517,37,44,11.083333,68.666664
4518,37,45,11.083333,68.75
4519,37,46,11.083333,68.833336
4520,37,47,11.083333,68.916664
4521,37,48,11.083333,69.0
4522,37,49,11.083333,69.083336
4523,37,50,11.083333,69.166664
4524,37,51,11.083333,69.25
4525,37,52,11.083333,69.333336
4526,37,53,11.083333,69.416664
4527,37,54,11.083333,69.5
4528,37,55,11.083333,69.583336
4529,37,56,11.083333,69.666664
4530,37,57,11.083333,69.75
4531,37,58,11.083333,69.833336
4532,37,59,11.083333,69.916664
4533,37,60,11.083333,70.0
4534,37,61,11.083333,70.083336
4535,37,62,11.083333,70.166664
4536,37,63,11.083333,70.25
4537,37,64,11.083333,70.333336
4538,37,65,11.083333,70.416664
4539,37,66,11.083333,70.5
4540,37,67,11.083333,70.583336
4541,37,68,11.083333,70.666664
4542,37,69,11.083333,70.75
4543,37,70,11.083333,70.833336
4544,37,71,11.083333,70.916664
4545,37,72,11.083333,71.0
4546,37,73,11.083333,71.083336
4547,37,74,11.083333,71.166664
4548,37,75,11.083333,71.25
4549,37,76,11.083333,71.333336
4550,37,77,11.083333,71.416664
4551,37,78,11.083333,71.5
4552,37,79,11.083333,71.583336
4553,37,80,11.083333,71.666664
4554,37,81,11.083333,71.75
4555,37,82,11.083333,71.833336
4556,37,83,11.083333,71.916664
4557,37,84,11.083333,72.0
4558,37,85,11.083333,72.083336
4559,37,86,11.083333,72.166664
4560,37,87,11.083333,72.25
4561,37,88,11.083333,72.333336
4562,37,89,11.083333,72.416664
4563,37,90,11.083333,72.5
4564,37,91,11.083333,72.583336
4565,37,92,11.083333,72.666664
4566,37,94,11.083333,72.833336
4567,37,95,11.083333,72.916664
4568,37,96,11.083333,73.0
4569,37,97,11.083333,73.083336
4570,37,98,11.083333,73.166664
4571,37,99,11.083333,73.25
4572,37,100,11.083333,73.333336
4573,37,101,11.083333,73.416664
4574,37,102,11.083333,73.5
4575,37,103,11.083333,73.583336
4576,37,104,11.083333,73.666664
4577,37,105,11.083333,73.75
4578,37,106,11.083333,73.833336
4579,37,107,11.083333,73.916664
4580,37,108,11.083333,74.0
4581,37,109,11.083333,74.083336
4582,37,110,11.083333,74.166664
4583,37,111,11.083333,74.25
4584,37,112,11.083333,74.333336
4585,37,113,11.083333,74.416664
4586,37,114,11.083333,74.5
4587,37,115,11.083333,74.583336
4588,37,116,11.083333,74.666664
4589,37,117,11.083333,74.75
4590,37,118,11.083333,74.833336
4591,37,119,11.083333,74.916664
4592,37,120,11.083333,75.0
4593,38,0,11.166667,65.0
4594,38,1,11.166667,65.083336
4595,38,2,11.166667,65.166664
4596,38,3,11.166667,65.25
4597,38,4,11.166667,65.333336
4598,38,5,11.166667,65.416664
4599,38,6,11.166667,65.5
4600,38,7,11.166667,65.583336
4601,38,8,11.166667,65.666664
4602,38,9,11.166667,65.75
4603,38,10,11.166667,65.833336
4604,38,11,11.166667,65.916664
4605,38,12,11.166667,66.0
4606,38,13,11.166667,66.083336
4607,38,14,11.166667,66.166664
4608,38,15,11.166667,66.25
4609,38,16,11.166667,66.333336
4610,38,17,11.166667,66.416664
4611,38,18,11.166667,66.5
4612,38,19,11.166667,66.583336
4613,38,20,11.166667,66.666664
4614,38,21,11.166667,66.75
4615,38,22,11.166667,66.833336
4616,38,23,11.166667,66.916664
4617,38,24,11.166667,67.0
4618,38,25,11.166667,67.083336
4619,38,26,11.166667,67.166664
4620,38,27,11.166667,67.25
4621,38,28,11.166667,67.333336
4622,38,29,11.166667,67.416664
4623,38,30,11.166667,67.5
4624,38,31,11.166667,67.583336
4625,38,32,11.166667,67.666664
4626,38,33,11.166667,67.75
4627,38,34,11.166667,67.833336
4628,38,35,11.166667,67.916664
4629,38,36,11.166667,68.0
4630,38,37,11.166667,68.083336
4631,38,38,11.166667,68.166664
4632,38,39,11.166667,68.25
4633,38,40,11.166667,68.333336
4634,38,41,11.166667,68.416664
4635,38,42,11.166667,68.5
4636,38,43,11.166667,68.583336
4637,38,44,11.166667,68.666664
4638,38,45,11.166667,68.75
4639,38,46,11.166667,68.833336
4640,38,47,11.166667,68.916664
4641,38,48,11.166667,69.0
4642,38,49,11.166667,69.083336
4643,38,50,11.166667,69.166664
4644,38,51,11.166667,69.25
4645,38,52,11.166667,69.333336
4646,38,53,11.166667,69.416664
4647,38,54,11.166667,69.5
4648,38,55,11.166667,69.583336
4649,38,56,11.166667,69.666664
4650,38,57,11.166667,69.75
4651,38,58,11.166667,69.833336
4652,38,59,11.166667,69.916664
4653,38,60,11.166667,70.0
4654,38,61,11.166667,70.083336
4655,38,62,11.166667,70.166664
4656,38,63,11.166667,70.25
4657,38,64,11.166667,70.333336
4658,38,65,11.166667,70.416664
4659,38,66,11.166667,70.5
4660,38,67,11.166667,70.583336
4661,38,68,11.166667,70.666664
4662,38,69,11.166667,70.75
4663,38,70,11.166667,70.833336
4664,38,71,11.166667,70.916664
4665,38,72,11.166667,71.0
4666,38,73,11.166667,71.083336
4667,38,74,11.166667,71.166664
4668,38,75,11.166667,71.25
4669,38,76,11.166667,71.333336
4670,38,77,11.166667,71.416664
4671,38,78,11.166667,71.5
4672,38,79,11.166667,71.583336
4673,38,80,11.166667,71.666664
4674,38,81,11.166667,71.75
4675,38,82,11.166667,71.833336
4676,38,83,11.166667,71.916664
4677,38,84,11.166667,72.0
4678,38,85,11.166667,72.083336
4679,38,86,11.166667,72.166664
4680,38,87,11.166667,72.25
4681,38,88,11.166667,72.333336
4682,38,89,11.166667,72.416664
4683,38,90,11.166667,72.5
4684,38,91,11.166667,72.583336
4685,38,92,11.166667,72.666664
4686,38,94,11.166667,72.833336
4687,38,95,11.166667,72.916664
4688,38,96,11.166667,73.0
4689,38,97,11.166667,73.083336
4690,38,98,11.166667,73.166664
4691,38,99,11.166667,73.25
4692,38,100,11.166667,73.333336
4693,38,101,11.166667,73.416664
4694,38,102,11.166667,73.5
4695,38,103,11.166667,73.583336
4696,38,104,11.166667,73.666664
4697,38,105,11.166667,73.75
4698,38,106,11.166667,73.833336
4699,38,107,11.166667,73.916664
4700,38,108,11.166667,74.0
4701,38,109,11.166667,74.083336
4702,38,110,11.166667,74.166664
4703,38,111,11.166667,74.25
4704,38,112,11.166667,74.333336
4705,38,113,11.166667,74.416664
4706,38,114,11.166667,74.5
4707,38,115,11.166667,74.583336
4708,38,116,11.166667,74.666664
4709,38,117,11.166667,74.75
4710,38,118,11.166667,74.833336
4711,38,119,11.166667,74.916664
4712,38,120,11.166667,75.0
4713,39,0,11.25,65.0
4714,39,1,11.25,65.083336
4715,39,2,11.25,65.166664
4716,39,3,11.25,65.25
4717,39,4,11.25,65.333336
4718,39,5,11.25,65.416664
4719,39,6,11.25,65.5
4720,39,7,11.25,65.583336
4721,39,8,11.25,65.666664
4722,39,9,11.25,65.75
4723,39,10,11.25,65.833336
4724,39,11,11.25,65.916664
4725,39,12,11.25,66.0
4726,39,13,11.25,66.083336
4727,39,14,11.25,66.166664
4728,39,15,11.25,66.25
4729,39,16,11.25,66.333336
4730,39,17,11.25,66.416664
4731,39,18,11.25,66.5
4732,39,19,11.25,66.583336
4733,39,20,11.25,66.666664
4734,39,21,11.25,66.75
4735,39,22,11.25,66.833336
4736,39,23,11.25,66.916664
4737,39,24,11.25,67.0
4738,39,25,11.25,67.083336
4739,39,26,11.25,67.166664
4740,39,27,11.25,67.25
4741,39,28,11.25,67.333336
4742,39,29,11.25,67.416664
4743,39,30,11.25,67.5
4744,39,31,11.25,67.583336
4745,39,32,11.25,67.666664
4746,39,33,11.25,67.75
4747,39,34,11.25,67.833336
4748,39,35,11.25,67.916664
4749,39,36,11.25,68.0
4750,39,37,11.25,68.083336
4751,39,38,11.25,68.166664
4752,39,39,11.25,68.25
4753,39,40,11.25,68.333336
4754,39,41,11.25,68.416664
4755,39,42,11.25,68.5
4756,39,43,11.25,68.583336
4757,39,44,11.25,68.666664
4758,39,45,11.25,68.75
4759,39,46,11.25,68.833336
4760,39,47,11.25,68.916664
4761,39,48,11.25,69.0
4762,39,49,11.25,69.083336
4763,39,50,11.25,69.166664
4764,39,51,11.25,69.25
4765,39,52,11.25,69.333336
4766,39,53,11.25,69.416664
4767,39,54,11.25,69.5
4768,39,55,11.25,69.583336
4769,39,56,11.25,69.666664
4770,39,57,11.25,69.75
4771,39,58,11.25,69.833336
4772,39,59,11.25,69.916664
4773,39,60,11.25,70.0
4774,39,61,11.25,70.083336
4775,39,62,11.25,70.166664
4776,39,63,11.25,70.25
4777,39,64,11.25,70.333336
4778,39,65,11.25,70.416664
4779,39,66,11.25,70.5
4780,39,67,11.25,70.583336
4781,39,68,11.25,70.666664
4782,39,69,11.25,70.75
4783,39,70,11.25,70.833336
4784,39,71,11.25,70.916664
4785,39,72,11.25,71.0
4786,39,73,11.25,71.083336
4787,39,74,11.25,71.166664
4788,39,75,11.25,71.25
4789,39,76,11.25,71.333336
4790,39,77,11.25,71.416664
4791,39,78,11.25,71.5
4792,39,79,11.25,71.583336
4793,39,80,11.25,71.666664
4794,39,81,11.25,71.75
4795,39,82,11.25,71.833336
4796,39,83,11.25,71.916664
4797,39,84,11.25,72.0
4798,39,85,11.25,72.083336
4799,39,86,11.25,72.166664
4800,39,87,11.25,72.25
4801,39,88,11.25,72.333336
4802,39,89,11.25,72.416664
4803,39,90,11.25,72.5
4804,39,91,11.25,72.583336
4805,39,92,11.25,72.666664
4806,39,93,11.25,72.75
4807,39,94,11.25,72.833336
4808,39,95,11.25,72.916664
4809,39,96,11.25,73.0
4810,39,97,11.25,73.083336
4811,39,98,11.25,73.166664
4812,39,99,11.25,73.25
4813,39,100,11.25,73.333336
4814,39,101,11.25,73.416664
4815,39,102,11.25,73.5
4816,39,103,11.25,73.583336
4817,39,104,11.25,73.666664
4818,39,105,11.25,73.75
4819,39,106,11.25,73.833336
4820,39,107,11.25,73.916664
4821,39,108,11.25,74.0
4822,39,109,11.25,74.083336
4823,39,110,11.25,74.166664
4824,39,111,11.25,74.25
4825,39,112,11.25,74.333336
4826,39,113,11.25,74.416664
4827,39,114,11.25,74.5
4828,39,115,11.25,74.583336
4829,39,116,11.25,74.666664
4830,39,117,11.25,74.75
4831,39,118,11.25,74.833336
4832,39,119,11.25,74.916664
4833,39,120,11.25,75.0
4834,40,0,11.333333,65.0
4835,40,1,11.333333,65.083336
4836,40,2,11.333333,65.166664
4837,40,3,11.333333,65.25
4838,40,4,11.333333,65.333336
4839,40,5,11.333333,65.416664
4840,40,6,11.333333,65.5
4841,40,7,11.333333,65.583336
4842,40,8,11.333333,65.666664
4843,40,9,11.333333,65.75
4844,40,10,11.333333,65.833336
4845,40,11,11.333333,65.916664
4846,40,12,11.333333,66.0
4847,40,13,11.333333,66.083336
4848,40,14,11.333333,66.166664
4849,40,15,11.333333,66.25
4850,40,16,11.333333,66.333336
4851,40,17,11.333333,66.416664
4852,40,18,11.333333,66.5
4853,40,19,11.333333,66.583336
4854,40,20,11.333333,66.666664
4855,40,21,11.333333,66.75
4856,40,22,11.333333,66.833336
4857,40,23,11.333333,66.916664
4858,40,24,11.333333,67.0
4859,40,25,11.333333,67.083336
4860,40,26,11.333333,67.166664
4861,40,27,11.333333,67.25
4862,40,28,11.333333,67.333336
4863,40,29,11.333333,67.416664
4864,40,30,11.333333,67.5
4865,40,31,11.333333,67.583336
4866,40,32,11.333333,67.666664
4867,40,33,11.333333,67.75
4868,40,34,11.333333,67.833336
4869,40,35,11.333333,67.916664
4870,40,36,11.333333,68.0
4871,40,37,11.333333,68.083336
4872,40,38,11.333333,68.166664
4873,40,39,11.333333,68.25
4874,40,40,11.333333,68.333336
4875,40,41,11.333333,68.416664
4876,40,42,11.333333,68.5
4877,40,43,11.333333,68.583336
4878,40,44,11.333333,68.666664
4879,40,45,11.333333,68.75
4880,40,46,11.333333,68.833336
4881,40,47,11.333333,68.916664
4882,40,48,11.333333,69.0
4883,40,49,11.333333,69.083336
4884,40,50,11.333333,69.166664
4885,40,51,11.333333,69.25
4886,40,52,11.333333,69.333336
4887,40,53,11.333333,69.416664
4888,40,54,11.333333,69.5
4889,40,55,11.333333,69.583336
4890,40,56,11.333333,69.666664
4891,40,57,11.333333,69.75
4892,40,58,11.333333,69.833336
4893,40,59,11.333333,69.916664
4894,40,60,11.333333,70.0
4895,40,61,11.333333,70.083336
4896,40,62,11.333333,70.166664
4897,40,63,11.333333,70.25
4898,40,64,11.333333,70.333336
4899,40,65,11.333333,70.416664
4900,40,66,11.333333,70.5
4901,40,67,11.333333,70.583336
4902,40,68,11.333333,70.666664
4903,40,69,11.333333,70.75
4904,40,70,11.333333,70.833336
4905,40,71,11.333333,70.916664
4906,40,72,11.333333,71.0
4907,40,73,11.333333,71.083336
4908,40,74,11.333333,71.166664
4909,40,75,11.333333,71.25
4910,40,76,11.333333,71.333336
4911,40,77,11.333333,71.416664
4912,40,78,11.333333,71.5
4913,40,79,11.333333,71.583336
4914,40,80,11.333333,71.666664
4915,40,81,11.333333,71.75
4916,40,82,11.333333,71.833336
4917,40,83,11.333333,71.916664
4918,40,84,11.333333,72.0
4919,40,85,11.333333,72.083336
4920,40,86,11.333333,72.166664
4921,40,87,11.333333,72.25
4922,40,88,11.333333,72.333336
4923,40,89,11.333333,72.416664
4924,40,90,11.333333,72.5
4925,40,91,11.333333,72.583336
4926,40,92,11.333333,72.666664
4927,40,93,11.333333,72.75
4928,40,94,11.333333,72.833336
4929,40,95,11.333333,72.916664
4930,40,96,11.333333,73.0
4931,40,97,11.333333,73.083336
4932,40,98,11.333333,73.166664
4933,40,99,11.333333,73.25
4934,40,100,11.333333,73.333336
4935,40,101,11.333333,73.416664
4936,40,102,11.333333,73.5
4937,40,103,11.333333,73.583336
4938,40,104,11.333333,73.666664
4939,40,105,11.333333,73.75
4940,40,106,11.333333,73.833336
4941,40,107,11.333333,73.916664
4942,40,108,11.333333,74.0
4943,40,109,11.333333,74.083336
4944,40,110,11.333333,74.166664
4945,40,111,11.333333,74.25
4946,40,112,11.333333,74.333336
4947,40,113,11.333333,74.416664
4948,40,114,11.333333,74.5
4949,40,115,11.333333,74.583336
4950,40,116,11.333333,74.666664
4951,40,117,11.333333,74.75
4952,40,118,11.333333,74.833336
4953,40,119,11.333333,74.916664
4954,40,120,11.333333,75.0
4955,41,0,11.416667,65.0
4956,41,1,11.416667,65.083336
4957,41,2,11.416667,65.166664
4958,41,3,11.416667,65.25
4959,41,4,11.416667,65.333336
4960,41,5,11.416667,65.416664
4961,41,6,11.416667,65.5
4962,41,7,11.416667,65.583336
4963,41,8,11.416667,65.666664
4964,41,9,11.416667,65.75
4965,41,10,11.416667,65.833336
4966,41,11,11.416667,65.916664
4967,41,12,11.416667,66.0
4968,41,13,11.416667,66.083336
4969,41,14,11.416667,66.166664
4970,41,15,11.416667,66.25
4971,41,16,11.416667,66.333336
4972,41,17,11.416667,66.416664
4973,41,18,11.416667,66.5
4974,41,19,11.416667,66.583336
4975,41,20,11.416667,66.666664
4976,41,21,11.416667,66.75
4977,41,22,11.416667,66.833336
4978,41,23,11.416667,66.916664
4979,41,24,11.416667,67.0
4980,41,25,11.416667,67.083336
4981,41,26,11.416667,67.166664
4982,41,27,11.416667,67.25
4983,41,28,11.416667,67.333336
4984,41,29,11.416667,67.416664
4985,41,30,11.416667,67.5
4986,41,31,11.416667,67.583336
4987,41,32,11.416667,67.666664
4988,41,33,11.416667,67.75
4989,41,34,11.416667,67.833336
4990,41,35,11.416667,67.916664
4991,41,36,11.416667,68.0
4992,41,37,11.416667,68.083336
4993,41,38,11.416667,68.166664
4994,41,39,11.416667,68.25
4995,41,40,11.416667,68.333336
4996,41,41,11.416667,68.416664
4997,41,42,11.416667,68.5
4998,41,43,11.416667,68.583336
4999,41,44,11.416667,68.666664
5000,41,45,11.416667,68.75
5001,41,46,11.416667,68.833336
5002,41,47,11.416667,68.916664
5003,41,48,11.416667,69.0
5004,41,49,11.416667,69.083336
5005,41,50,11.416667,69.166664
5006,41,51,11.416667,69.25
5007,41,52,11.416667,69.333336
5008,41,53,11.416667,69.416664
5009,41,54,11.416667,69.5
5010,41,55,11.416667,69.583336
5011,41,56,11.416667,69.666664
5012,41,57,11.416667,69.75
5013,41,58,11.416667,69.833336
5014,41,59,11.416667,69.916664
5015,41,60,11.416667,70.0
5016,41,61,11.416667,70.083336
5017,41,62,11.416667,70.166664
5018,41,63,11.416667,70.25
5019,41,64,11.416667,70.333336
5020,41,65,11.416667,70.416664
5021,41,66,11.416667,70.5
5022,41,67,11.416667,70.583336
5023,41,68,11.416667,70.666664
5024,41,69,11.416667,70.75
5025,41,70,11.416667,70.833336
5026,41,71,11.416667,70.916664
5027,41,72,11.416667,71.0
5028,41,73,11.416667,71.083336
5029,41,74,11.416667,71.166664
5030,41,75,11.416667,71.25
5031,41,76,11.416667,71.333336
5032,41,77,11.416667,71.416664
5033,41,78,11.416667,71.5
5034,41,79,11.416667,71.583336
5035,41,80,11.416667,71.666664
5036,41,81,11.416667,71.75
5037,41,82,11.416667,71.833336
5038,41,83,11.416667,71.916664
5039,41,84,11.416667,72.0
5040,41,85,11.416667,72.083336
5041,41,86,11.416667,72.166664
5042,41,87,11.416667,72.25
5043,41,88,11.416667,72.333336
5044,41,89,11.416667,72.416664
5045,41,90,11.416667,72.5
5046,41,91,11.416667,72.583336
5047,41,92,11.416667,72.666664
5048,41,93,11.416667,72.75
5049,41,94,11.416667,72.833336
5050,41,95,11.416667,72.916664
5051,41,96,11.416667,73.0
5052,41,97,11.416667,73.083336
5053,41,98,11.416667,73.166664
5054,41,99,11.416667,73.25
5055,41,100,11.416667,73.333336
5056,41,101,11.416667,73.416664
5057,41,102,11.416667,73.5
5058,41,103,11.416667,73.583336
5059,41,104,11.416667,73.666664
5060,41,105,11.416667,73.75
5061,41,106,11.416667,73.833336
5062,41,107,11.416667,73.916664
5063,41,108,11.416667,74.0
5064,41,109,11.416667,74.083336
5065,41,110,11.416667,74.166664
5066,41,111,11.416667,74.25
5067,41,112,11.416667,74.333336
5068,41,113,11.416667,74.416664
5069,41,114,11.416667,74.5
5070,41,115,11.416667,74.583336
5071,41,116,11.416667,74.666664
5072,41,117,11.416667,74.75
5073,41,118,11.416667,74.833336
5074,41,119,11.416667,74.916664
5075,41,120,11.416667,75.0
5076,42,0,11.5,65.0
5077,42,1,11.5,65.083336
5078,42,2,11.5,65.166664
5079,42,3,11.5,65.25
5080,42,4,11.5,65.333336
5081,42,5,11.5,65.416664
5082,42,6,11.5,65.5
5083,42,7,11.5,65.583336
5084,42,8,11.5,65.666664
5085,42,9,11.5,65.75
5086,42,10,11.5,65.833336
5087,42,11,11.5,65.916664
5088,42,12,11.5,66.0
5089,42,13,11.5,66.083336
5090,42,14,11.5,66.166664
5091,42,15,11.5,66.25
5092,42,16,11.5,66.333336
5093,42,17,11.5,66.416664
5094,42,18,11.5,66.5
5095,42,19,11.5,66.583336
5096,42,20,11.5,66.666664
5097,42,21,11.5,66.75
5098,42,22,11.5,66.833336
5099,42,23,11.5,66.916664
5100,42,24,11.5,67.0
5101,42,25,11.5,67.083336
5102,42,26,11.5,67.166664
5103,42,27,11.5,67.25
5104,42,28,11.5,67.333336
5105,42,29,11.5,67.416664
5106,42,30,11.5,67.5
5107,42,31,11.5,67.583336
5108,42,32,11.5,67.666664
5109,42,33,11.5,67.75
5110,42,34,11.5,67.833336
5111,42,35,11.5,67.916664
5112,42,36,11.5,68.0
5113,42,37,11.5,68.083336
5114,42,38,11.5,68.166664
5115,42,39,11.5,68.25
5116,42,40,11.5,68.333336
5117,42,41,11.5,68.416664
5118,42,42,11.5,68.5
5119,42,43,11.5,68.583336
5120,42,44,11.5,68.666664
5121,42,45,11.5,68.75
5122,42,46,11.5,68.833336
5123,42,47,11.5,68.916664
5124,42,48,11.5,69.0
5125,42,49,11.5,69.083336
5126,42,50,11.5,69.166664
5127,42,51,11.5,69.25
5128,42,52,11.5,69.333336
5129,42,53,11.5,69.416664
5130,42,54,11.5,69.5
5131,42,55,11.5,69.583336
5132,42,56,11.5,69.666664
5133,42,57,11.5,69.75
5134,42,58,11.5,69.833336
5135,42,59,11.5,69.916664
5136,42,60,11.5,70.0
5137,42,61,11.5,70.083336
5138,42,62,11.5,70.166664
5139,42,63,11.5,70.25
5140,42,64,11.5,70.333336
5141,42,65,11.5,70.416664
5142,42,66,11.5,70.5
5143,42,67,11.5,70.583336
5144,42,68,11.5,70.666664
5145,42,69,11.5,70.75
5146,42,70,11.5,70.833336
5147,42,71,11.5,70.916664
5148,42,72,11.5,71.0
5149,42,73,11.5,71.083336
5150,42,74,11.5,71.166664
5151,42,75,11.5,71.25
5152,42,76,11.5,71.333336
5153,42,77,11.5,71.416664
5154,42,78,11.5,71.5
5155,42,79,11.5,71.583336
5156,42,80,11.5,71.666664
5157,42,81,11.5,71.75
5158,42,82,11.5,71.833336
5159,42,83,11.5,71.916664
5160,42,84,11.5,72.0
5161,42,85,11.5,72.083336
5162,42,86,11.5,72.166664
5163,42,87,11.5,72.25
5164,42,88,11.5,72.333336
5165,42,89,11.5,72.416664
5166,42,90,11.5,72.5
5167,42,91,11.5,72.583336
5168,42,92,11.5,72.666664
5169,42,93,11.5,72.75
5170,42,94,11.5,72.833336
5171,42,95,11.5,72.916664
5172,42,97,11.5,73.083336
5173,42,98,11.5,73.166664
5174,42,99,11.5,73.25
5175,42,100,11.5,73.333336
5176,42,101,11.5,73.416664
5177,42,102,11.5,73.5
5178,42,103,11.5,73.583336
5179,42,104,11.5,73.666664
5180,42,105,11.5,73.75
5181,42,106,11.5,73.833336
5182,42,107,11.5,73.916664
5183,42,108,11.5,74.0
5184,42,109,11.5,74.083336
5185,42,110,11.5,74.166664
5186,42,111,11.5,74.25
5187,42,112,11.5,74.333336
5188,42,113,11.5,74.416664
5189,42,114,11.5,74.5
5190,42,115,11.5,74.583336
5191,42,116,11.5,74.666664
5192,42,117,11.5,74.75
5193,42,118,11.5,74.833336
5194,42,119,11.5,74.916664
5195,42,120,11.5,75.0
5196,43,0,11.583333,65.0
5197,43,1,11.583333,65.083336
5198,43,2,11.583333,65.166664
5199,43,3,11.583333,65.25
5200,43,4,11.583333,65.333336
5201,43,5,11.583333,65.416664
5202,43,6,11.583333,65.5
5203,43,7,11.583333,65.583336
5204,43,8,11.583333,65.666664
5205,43,9,11.583333,65.75
5206,43,10,11.583333,65.833336
5207,43,11,11.583333,65.916664
5208,43,12,11.583333,66.0
5209,43,13,11.583333,66.083336
5210,43,14,11.583333,66.166664
5211,43,15,11.583333,66.25
5212,43,16,11.583333,66.333336
5213,43,17,11.583333,66.416664
5214,43,18,11.583333,66.5
5215,43,19,11.583333,66.583336
5216,43,20,11.583333,66.666664
5217,43,21,11.583333,66.75
5218,43,22,11.583333,66.833336
5219,43,23,11.583333,66.916664
5220,43,24,11.583333,67.0
5221,43,25,11.583333,67.083336
5222,43,26,11.583333,67.166664
5223,43,27,11.583333,67.25
5224,43,28,11.583333,67.333336
5225,43,29,11.583333,67.416664
5226,43,30,11.583333,67.5
5227,43,31,11.583333,67.583336
5228,43,32,11.583333,67.666664
5229,43,33,11.583333,67.75
5230,43,34,11.583333,67.833336
5231,43,35,11.583333,67.916664
5232,43,36,11.583333,68.0
5233,43,37,11.583333,68.083336
5234,43,38,11.583333,68.166664
5235,43,39,11.583333,68.25
5236,43,40,11.583333,68.333336
5237,43,41,11.583333,68.416664
5238,43,42,11.583333,68.5
5239,43,43,11.583333,68.583336
5240,43,44,11.583333,68.666664
5241,43,45,11.583333,68.75
5242,43,46,11.583333,68.833336
5243,43,47,11.583333,68.916664
5244,43,48,11.583333,69.0
5245,43,49,11.583333,69.083336
5246,43,50,11.583333,69.166664
5247,43,51,11.583333,69.25
5248,43,52,11.583333,69.333336
5249,43,53,11.583333,69.416664
5250,43,54,11.583333,69.5
5251,43,55,11.583333,69.583336
5252,43,56,11.583333,69.666664
5253,43,57,11.583333,69.75
5254,43,58,11.583333,69.833336
5255,43,59,11.583333,69.916664
5256,43,60,11.583333,70.0
5257,43,61,11.583333,70.083336
5258,43,62,11.583333,70.166664
5259,43,63,11.583333,70.25
5260,43,64,11.583333,70.333336
5261,43,65,11.583333,70.416664
5262,43,66,11.583333,70.5
5263,43,67,11.583333,70.583336
5264,43,68,11.583333,70.666664
5265,43,69,11.583333,70.75
5266,43,70,11.583333,70.833336
5267,43,71,11.583333,70.916664
5268,43,72,11.583333,71.0
5269,43,73,11.583333,71.083336
5270,43,74,11.583333,71.166664
5271,43,75,11.583333,71.25
5272,43,76,11.583333,71.333336
5273,43,77,11.583333,71.416664
5274,43,78,11.583333,71.5
5275,43,79,11.583333,71.583336
5276,43,80,11.583333,71.666664
5277,43,81,11.583333,71.75
5278,43,82,11.583333,71.833336
5279,43,83,11.583333,71.916664
5280,43,84,11.583333,72.0
5281,43,85,11.583333,72.083336
5282,43,87,11.583333,72.25
5283,43,88,11.583333,72.333336
5284,43,89,11.583333,72.416664
5285,43,90,11.583333,72.5
5286,43,91,11.583333,72.583336
5287,43,92,11.583333,72.666664
5288,43,93,11.583333,72.75
5289,43,94,11.583333,72.833336
5290,43,95,11.583333,72.916664
5291,43,96,11.583333,73.0
5292,43,97,11.583333,73.083336
5293,43,98,11.583333,73.166664
5294,43,99,11.583333,73.25
5295,43,100,11.583333,73.333336
5296,43,101,11.583333,73.416664
5297,43,102,11.583333,73.5
5298,43,103,11.583333,73.583336
5299,43,104,11.583333,73.666664
5300,43,105,11.583333,73.75
5301,43,106,11.583333,73.833336
5302,43,107,11.583333,73.916664
5303,43,108,11.583333,74.0
5304,43,109,11.583333,74.083336
5305,43,110,11.583333,74.166664
5306,43,111,11.583333,74.25
5307,43,112,11.583333,74.333336
5308,43,113,11.583333,74.416664
5309,43,114,11.583333,74.5
5310,43,115,11.583333,74.583336
5311,43,116,11.583333,74.666664
5312,43,117,11.583333,74.75
5313,43,118,11.583333,74.833336
5314,43,119,11.583333,74.916664
5315,43,120,11.583333,75.0
5316,44,0,11.666667,65.0
5317,44,1,11.666667,65.083336
5318,44,2,11.666667,65.166664
5319,44,3,11.666667,65.25
5320,44,4,11.666667,65.333336
5321,44,5,11.666667,65.416664
5322,44,6,11.666667,65.5
5323,44,7,11.666667,65.583336
5324,44,8,11.666667,65.666664
5325,44,9,11.666667,65.75
5326,44,10,11.666667,65.833336
5327,44,11,11.666667,65.916664
5328,44,12,11.666667,66.0
5329,44,13,11.666667,66.083336
5330,44,14,11.666667,66.166664
5331,44,15,11.666667,66.25
5332,44,16,11.666667,66.333336
5333,44,17,11.666667,66.416664
5334,44,18,11.666667,66.5
5335,44,19,11.666667,66.583336
5336,44,20,11.666667,66.666664
5337,44,21,11.666667,66.75
5338,44,22,11.666667,66.833336
5339,44,23,11.666667,66.916664
5340,44,24,11.666667,67.0
5341,44,25,11.666667,67.083336
5342,44,26,11.666667,67.166664
5343,44,27,11.666667,67.25
5344,44,28,11.666667,67.333336
5345,44,29,11.666667,67.416664
5346,44,30,11.666667,67.5
5347,44,31,11.666667,67.583336
5348,44,32,11.666667,67.666664
5349,44,33,11.666667,67.75
5350,44,34,11.666667,67.833336
5351,44,35,11.666667,67.916664
5352,44,36,11.666667,68.0
5353,44,37,11.666667,68.083336
5354,44,38,11.666667,68.166664
5355,44,39,11.666667,68.25
5356,44,40,11.666667,68.333336
5357,44,41,11.666667,68.416664
5358,44,42,11.666667,68.5
5359,44,43,11.666667,68.583336
5360,44,44,11.666667,68.666664
5361,44,45,11.666667,68.75
5362,44,46,11.666667,68.833336
5363,44,47,11.666667,68.916664
5364,44,48,11.666667,69.0
5365,44,49,11.666667,69.083336
5366,44,50,11.666667,69.166664
5367,44,51,11.666667,69.25
5368,44,52,11.666667,69.333336
5369,44,53,11.666667,69.416664
5370,44,54,11.666667,69.5
5371,44,55,11.666667,69.583336
5372,44,56,11.666667,69.666664
5373,44,57,11.666667,69.75
5374,44,58,11.666667,69.833336
5375,44,59,11.666667,69.916664
5376,44,60,11.666667,70.0
5377,44,61,11.666667,70.083336
5378,44,62,11.666667,70.166664
5379,44,63,11.666667,70.25
5380,44,64,11.666667,70.333336
5381,44,65,11.666667,70.416664
5382,44,66,11.666667,70.5
5383,44,67,11.666667,70.583336
5384,44,68,11.666667,70.666664
5385,44,69,11.666667,70.75
5386,44,70,11.666667,70.833336
5387,44,71,11.666667,70.916664
5388,44,72,11.666667,71.0
5389,44,73,11.666667,71.083336
5390,44,74,11.666667,71.166664
5391,44,75,11.666667,71.25
5392,44,76,11.666667,71.333336
5393,44,77,11.666667,71.416664
5394,44,78,11.666667,71.5
5395,44,79,11.666667,71.583336
5396,44,80,11.666667,71.666664
5397,44,81,11.666667,71.75
5398,44,82,11.666667,71.833336
5399,44,83,11.666667,71.916664
5400,44,84,11.666667,72.0
5401,44,85,11.666667,72.083336
5402,44,86,11.666667,72.166664
5403,44,87,11.666667,72.25
5404,44,88,11.666667,72.333336
5405,44,89,11.666667,72.416664
5406,44,90,11.666667,72.5
5407,44,91,11.666667,72.583336
5408,44,93,11.666667,72.75
5409,44,94,11.666667,72.833336
5410,44,95,11.666667,72.916664
5411,44,96,11.666667,73.0
5412,44,97,11.666667,73.083336
5413,44,98,11.666667,73.166664
5414,44,99,11.666667,73.25
5415,44,100,11.666667,73.333336
5416,44,101,11.666667,73.416664
5417,44,102,11.666667,73.5
5418,44,103,11.666667,73.583336
5419,44,104,11.666667,73.666664
5420,44,105,11.666667,73.75
5421,44,106,11.666667,73.833336
5422,44,107,11.666667,73.916664
5423,44,108,11.666667,74.0
5424,44,109,11.666667,74.083336
5425,44,110,11.666667,74.166664
5426,44,111,11.666667,74.25
5427,44,112,11.666667,74.333336
5428,44,113,11.666667,74.416664
5429,44,114,11.666667,74.5
5430,44,115,11.666667,74.583336
5431,44,116,11.666667,74.666664
5432,44,117,11.666667,74.75
5433,44,118,11.666667,74.833336
5434,44,119,11.666667,74.916664
5435,44,120,11.666667,75.0
5436,45,0,11.75,65.0
5437,45,1,11.75,65.083336
5438,45,2,11.75,65.166664
5439,45,3,11.75,65.25
5440,45,4,11.75,65.333336
5441,45,5,11.75,65.416664
5442,45,6,11.75,65.5
5443,45,7,11.75,65.583336
5444,45,8,11.75,65.666664
5445,45,9,11.75,65.75
5446,45,10,11.75,65.833336
5447,45,11,11.75,65.916664
5448,45,12,11.75,66.0
5449,45,13,11.75,66.083336
5450,45,14,11.75,66.166664
5451,45,15,11.75,66.25
5452,45,16,11.75,66.333336
5453,45,17,11.75,66.416664
5454,45,18,11.75,66.5
5455,45,19,11.75,66.583336
5456,45,20,11.75,66.666664
5457,45,21,11.75,66.75
5458,45,22,11.75,66.833336
5459,45,23,11.75,66.916664
5460,45,24,11.75,67.0
5461,45,25,11.75,67.083336
5462,45,26,11.75,67.166664
5463,45,27,11.75,67.25
5464,45,28,11.75,67.333336
5465,45,29,11.75,67.416664
5466,45,30,11.75,67.5
5467,45,31,11.75,67.583336
5468,45,32,11.75,67.666664
5469,45,33,11.75,67.75
5470,45,34,11.75,67.833336
5471,45,35,11.75,67.916664
5472,45,36,11.75,68.0
5473,45,37,11.75,68.083336
5474,45,38,11.75,68.166664
5475,45,39,11.75,68.25
5476,45,40,11.75,68.333336
5477,45,41,11.75,68.416664
5478,45,42,11.75,68.5
5479,45,43,11.75,68.583336
5480,45,44,11.75,68.666664
5481,45,45,11.75,68.75
5482,45,46,11.75,68.833336
5483,45,47,11.75,68.916664
5484,45,48,11.75,69.0
5485,45,49,11.75,69.083336
5486,45,50,11.75,69.166664
5487,45,51,11.75,69.25
5488,45,52,11.75,69.333336
5489,45,53,11.75,69.416664
5490,45,54,11.75,69.5
5491,45,55,11.75,69.583336
5492,45,56,11.75,69.666664
5493,45,57,11.75,69.75
5494,45,58,11.75,69.833336
5495,45,59,11.75,69.916664
5496,45,60,11.75,70.0
5497,45,61,11.75,70.083336
5498,45,62,11.75,70.166664
5499,45,63,11.75,70.25
5500,45,64,11.75,70.333336
5501,45,65,11.75,70.416664
5502,45,66,11.75,70.5
5503,45,67,11.75,70.583336
5504,45,68,11.75,70.666664
5505,45,69,11.75,70.75
5506,45,70,11.75,70.833336
5507,45,71,11.75,70.916664
5508,45,72,11.75,71.0
5509,45,73,11.75,71.083336
5510,45,74,11.75,71.166664
5511,45,75,11.75,71.25
5512,45,76,11.75,71.333336
5513,45,77,11.75,71.416664
5514,45,78,11.75,71.5
5515,45,79,11.75,71.583336
5516,45,80,11.75,71.666664
5517,45,81,11.75,71.75
5518,45,82,11.75,71.833336
5519,45,83,11.75,71.916664
5520,45,84,11.75,72.0
5521,45,85,11.75,72.083336
5522,45,86,11.75,72.166664
5523,45,87,11.75,72.25
5524,45,88,11.75,72.333336
5525,45,89,11.75,72.416664
5526,45,90,11.75,72.5
5527,45,91,11.75,72.583336
5528,45,92,11.75,72.666664
5529,45,93,11.75,72.75
5530,45,94,11.75,72.833336
5531,45,95,11.75,72.916664
5532,45,96,11.75,73.0
5533,45,97,11.75,73.083336
5534,45,98,11.75,73.166664
5535,45,99,11.75,73.25
5536,45,100,11.75,73.333336
5537,45,101,11.75,73.416664
5538,45,102,11.75,73.5
5539,45,103,11.75,73.583336
5540,45,104,11.75,73.666664
5541,45,105,11.75,73.75
5542,45,106,11.75,73.833336
5543,45,107,11.75,73.916664
5544,45,108,11.75,74.0
5545,45,109,11.75,74.083336
5546,45,110,11.75,74.166664
5547,45,111,11.75,74.25
5548,45,112,11.75,74.333336
5549,45,113,11.75,74.416664
5550,45,114,11.75,74.5
5551,45,115,11.75,74.583336
5552,45,116,11.75,74.666664
5553,45,117,11.75,74.75
5554,45,118,11.75,74.833336
5555,45,119,11.75,74.916664
5556,45,120,11.75,75.0
5557,46,0,11.833333,65.0
5558,46,1,11.833333,65.083336
5559,46,2,11.833333,65.166664
5560,46,3,11.833333,65.25
5561,46,4,11.833333,65.333336
5562,46,5,11.833333,65.416664
5563,46,6,11.833333,65.5
5564,46,7,11.833333,65.583336
5565,46,8,11.833333,65.666664
5566,46,9,11.833333,65.75
5567,46,10,11.833333,65.833336
5568,46,11,11.833333,65.916664
5569,46,12,11.833333,66.0
5570,46,13,11.833333,66.083336
5571,46,14,11.833333,66.166664
5572,46,15,11.833333,66.25
5573,46,16,11.833333,66.333336
5574,46,17,11.833333,66.416664
5575,46,18,11.833333,66.5
5576,46,19,11.833333,66.583336
5577,46,20,11.833333,66.666664
5578,46,21,11.833333,66.75
5579,46,22,11.833333,66.833336
5580,46,23,11.833333,66.916664
5581,46,24,11.833333,67.0
5582,46,25,11.833333,67.083336
5583,46,26,11.833333,67.166664
5584,46,27,11.833333,67.25
5585,46,28,11.833333,67.333336
5586,46,29,11.833333,67.416664
5587,46,30,11.833333,67.5
5588,46,31,11.833333,67.583336
5589,46,32,11.833333,67.666664
5590,46,33,11.833333,67.75
5591,46,34,11.833333,67.833336
5592,46,35,11.833333,67.916664
5593,46,36,11.833333,68.0
5594,46,37,11.833333,68.083336
5595,46,38,11.833333,68.166664
5596,46,39,11.833333,68.25
5597,46,40,11.833333,68.333336
5598,46,41,11.833333,68.416664
5599,46,42,11.833333,68.5
5600,46,43,11.833333,68.583336
5601,46,44,11.833333,68.666664
5602,46,45,11.833333,68.75
5603,46,46,11.833333,68.833336
5604,46,47,11.833333,68.916664
5605,46,48,11.833333,69.0
5606,46,49,11.833333,69.083336
5607,46,50,11.833333,69.166664
5608,46,51,11.833333,69.25
5609,46,52,11.833333,69.333336
5610,46,53,11.833333,69.416664
5611,46,54,11.833333,69.5
5612,46,55,11.833333,69.583336
5613,46,56,11.833333,69.666664
5614,46,57,11.833333,69.75
5615,46,58,11.833333,69.833336
5616,46,59,11.833333,69.916664
5617,46,60,11.833333,70.0
5618,46,61,11.833333,70.083336
5619,46,62,11.833333,70.166664
5620,46,63,11.833333,70.25
5621,46,64,11.833333,70.333336
5622,46,65,11.833333,70.416664
5623,46,66,11.833333,70.5
5624,46,67,11.833333,70.583336
5625,46,68,11.833333,70.666664
5626,46,69,11.833333,70.75
5627,46,70,11.833333,70.833336
5628,46,71,11.833333,70.916664
5629,46,72,11.833333,71.0
5630,46,73,11.833333,71.083336
5631,46,74,11.833333,71.166664
5632,46,75,11.833333,71.25
5633,46,76,11.833333,71.333336
5634,46,77,11.833333,71.416664
5635,46,78,11.833333,71.5
5636,46,79,11.833333,71.583336
5637,46,80,11.833333,71.666664
5638,46,81,11.833333,71.75
5639,46,82,11.833333,71.833336
5640,46,83,11.833333,71.916664
5641,46,84,11.833333,72.0
5642,46,85,11.833333,72.083336
5643,46,86,11.833333,72.166664
5644,46,87,11.833333,72.25
5645,46,88,11.833333,72.333336
5646,46,89,11.833333,72.416664
5647,46,90,11.833333,72.5
5648,46,91,11.833333,72.583336
5649,46,92,11.833333,72.666664
5650,46,93,11.833333,72.75
5651,46,94,11.833333,72.833336
5652,46,95,11.833333,72.916664
5653,46,96,11.833333,73.0
5654,46,97,11.833333,73.083336
5655,46,98,11.833333,73.166664
5656,46,99,11.833333,73.25
5657,46,100,11.833333,73.333336
5658,46,101,11.833333,73.416664
5659,46,102,11.833333,73.5
5660,46,103,11.833333,73.583336
5661,46,104,11.833333,73.666664
5662,46,105,11.833333,73.75
5663,46,106,11.833333,73.833336
5664,46,107,11.833333,73.916664
5665,46,108,11.833333,74.0
5666,46,109,11.833333,74.083336
5667,46,110,11.833333,74.166664
5668,46,111,11.833333,74.25
5669,46,112,11.833333,74.333336
5670,46,113,11.833333,74.416664
5671,46,114,11.833333,74.5
5672,46,115,11.833333,74.583336
5673,46,116,11.833333,74.666664
5674,46,117,11.833333,74.75
5675,46,118,11.833333,74.833336
5676,46,119,11.833333,74.916664
5677,46,120,11.833333,75.0
5678,47,0,11.916667,65.0
5679,47,1,11.916667,65.083336
5680,47,2,11.916667,65.166664
5681,47,3,11.916667,65.25
5682,47,4,11.916667,65.333336
5683,47,5,11.916667,65.416664
5684,47,6,11.916667,65.5
5685,47,7,11.916667,65.583336
5686,47,8,11.916667,65.666664
5687,47,9,11.916667,65.75
5688,47,10,11.916667,65.833336
5689,47,11,11.916667,65.916664
5690,47,12,11.916667,66.0
5691,47,13,11.916667,66.083336
5692,47,14,11.916667,66.166664
5693,47,15,11.916667,66.25
5694,47,16,11.916667,66.333336
5695,47,17,11.916667,66.416664
5696,47,18,11.916667,66.5
5697,47,19,11.916667,66.583336
5698,47,20,11.916667,66.666664
5699,47,21,11.916667,66.75
5700,47,22,11.916667,66.833336
5701,47,23,11.916667,66.916664
5702,47,24,11.916667,67.0
5703,47,25,11.916667,67.083336
5704,47,26,11.916667,67.166664
5705,47,27,11.916667,67.25
5706,47,28,11.916667,67.333336
5707,47,29,11.916667,67.416664
5708,47,30,11.916667,67.5
5709,47,31,11.916667,67.583336
5710,47,32,11.916667,67.666664
5711,47,33,11.916667,67.75
5712,47,34,11.916667,67.833336
5713,47,35,11.916667,67.916664
5714,47,36,11.916667,68.0
5715,47,37,11.916667,68.083336
5716,47,38,11.916667,68.166664
5717,47,39,11.916667,68.25
5718,47,40,11.916667,68.333336
5719,47,41,11.916667,68.416664
5720,47,42,11.916667,68.5
5721,47,43,11.916667,68.583336
5722,47,44,11.916667,68.666664
5723,47,45,11.916667,68.75
5724,47,46,11.916667,68.833336
5725,47,47,11.916667,68.916664
5726,47,48,11.916667,69.0
5727,47,49,11.916667,69.083336
5728,47,50,11.916667,69.166664
5729,47,51,11.916667,69.25
5730,47,52,11.916667,69.333336
5731,47,53,11.916667,69.416664
5732,47,54,11.916667,69.5
5733,47,55,11.916667,69.583336
5734,47,56,11.916667,69.666664
5735,47,57,11.916667,69.75
5736,47,58,11.916667,69.833336
5737,47,59,11.916667,69.916664
5738,47,60,11.916667,70.0
5739,47,61,11.916667,70.083336
5740,47,62,11.916667,70.166664
5741,47,63,11.916667,70.25
5742,47,64,11.916667,70.333336
5743,47,65,11.916667,70.416664
5744,47,66,11.916667,70.5
5745,47,67,11.916667,70.583336
5746,47,68,11.916667,70.666664
5747,47,69,11.916667,70.75
5748,47,70,11.916667,70.833336
5749,47,71,11.916667,70.916664
5750,47,72,11.916667,71.0
5751,47,73,11.916667,71.083336
5752,47,74,11.916667,71.166664
5753,47,75,11.916667,71.25
5754,47,76,11.916667,71.333336
5755,47,77,11.916667,71.416664
5756,47,78,11.916667,71.5
5757,47,79,11.916667,71.583336
5758,47,80,11.916667,71.666664
5759,47,81,11.916667,71.75
5760,47,82,11.916667,71.833336
5761,47,83,11.916667,71.916664
5762,47,84,11.916667,72.0
5763,47,85,11.916667,72.083336
5764,47,86,11.916667,72.166664
5765,47,87,11.916667,72.25
5766,47,88,11.916667,72.333336
5767,47,89,11.916667,72.416664
5768,47,90,11.916667,72.5
5769,47,91,11.916667,72.583336
5770,47,92,11.916667,72.666664
5771,47,93,11.916667,72.75
5772,47,94,11.916667,72.833336
5773,47,95,11.916667,72.916664
5774,47,96,11.916667,73.0
5775,47,97,11.916667,73.083336
5776,47,98,11.916667,73.166664
5777,47,99,11.916667,73.25
5778,47,100,11.916667,73.333336
5779,47,101,11.916667,73.416664
5780,47,102,11.916667,73.5
5781,47,103,11.916667,73.583336
5782,47,104,11.916667,73.666664
5783,47,105,11.916667,73.75
5784,47,106,11.916667,73.833336
5785,47,107,11.916667,73.916664
5786,47,108,11.916667,74.0
5787,47,109,11.916667,74.083336
5788,47,110,11.916667,74.166664
5789,47,111,11.916667,74.25
5790,47,112,11.916667,74.333336
5791,47,113,11.916667,74.416664
5792,47,114,11.916667,74.5
5793,47,115,11.916667,74.583336
5794,47,116,11.916667,74.666664
5795,47,117,11.916667,74.75
5796,47,118,11.916667,74.833336
5797,47,119,11.916667,74.916664
5798,47,120,11.916667,75.0
5799,48,0,12.0,65.0
5800,48,1,12.0,65.083336
5801,48,2,12.0,65.166664
5802,48,3,12.0,65.25
5803,48,4,12.0,65.333336
5804,48,5,12.0,65.416664
5805,48,6,12.0,65.5
5806,48,7,12.0,65.583336
5807,48,8,12.0,65.666664
5808,48,9,12.0,65.75
5809,48,10,12.0,65.833336
5810,48,11,12.0,65.916664
5811,48,12,12.0,66.0
5812,48,13,12.0,66.083336
5813,48,14,12.0,66.166664
5814,48,15,12.0,66.25
5815,48,16,12.0,66.333336
5816,48,17,12.0,66.416664
5817,48,18,12.0,66.5
5818,48,19,12.0,66.583336
5819,48,20,12.0,66.666664
5820,48,21,12.0,66.75
5821,48,22,12.0,66.833336
5822,48,23,12.0,66.916664
5823,48,24,12.0,67.0
5824,48,25,12.0,67.083336
5825,48,26,12.0,67.166664
5826,48,27,12.0,67.25
5827,48,28,12.0,67.333336
5828,48,29,12.0,67.416664
5829,48,30,12.0,67.5
5830,48,31,12.0,67.583336
5831,48,32,12.0,67.666664
5832,48,33,12.0,67.75
5833,48,34,12.0,67.833336
5834,48,35,12.0,67.916664
5835,48,36,12.0,68.0
5836,48,37,12.0,68.083336
5837,48,38,12.0,68.166664
5838,48,39,12.0,68.25
5839,48,40,12.0,68.333336
5840,48,41,12.0,68.416664
5841,48,42,12.0,68.5
5842,48,43,12.0,68.583336
5843,48,44,12.0,68.666664
5844,48,45,12.0,68.75
5845,48,46,12.0,68.833336
5846,48,47,12.0,68.916664
5847,48,48,12.0,69.0
5848,48,49,12.0,69.083336
5849,48,50,12.0,69.166664
5850,48,51,12.0,69.25
5851,48,52,12.0,69.333336
5852,48,53,12.0,69.416664
5853,48,54,12.0,69.5
5854,48,55,12.0,69.583336
5855,48,56,12.0,69.666664
5856,48,57,12.0,69.75
5857,48,58,12.0,69.833336
5858,48,59,12.0,69.916664
5859,48,60,12.0,70.0
5860,48,61,12.0,70.083336
5861,48,62,12.0,70.166664
5862,48,63,12.0,70.25
5863,48,64,12.0,70.333336
5864,48,65,12.0,70.416664
5865,48,66,12.0,70.5
5866,48,67,12.0,70.583336
5867,48,68,12.0,70.666664
5868,48,69,12.0,70.75
5869,48,70,12.0,70.833336
5870,48,71,12.0,70.916664
5871,48,72,12.0,71.0
5872,48,73,12.0,71.083336
5873,48,74,12.0,71.166664
5874,48,75,12.0,71.25
5875,48,76,12.0,71.333336
5876,48,77,12.0,71.416664
5877,48,78,12.0,71.5
5878,48,79,12.0,71.583336
5879,48,80,12.0,71.666664
5880,48,81,12.0,71.75
5881,48,82,12.0,71.833336
5882,48,83,12.0,71.916664
5883,48,84,12.0,72.0
5884,48,85,12.0,72.083336
5885,48,86,12.0,72.166664
5886,48,87,12.0,72.25
5887,48,88,12.0,72.333336
5888,48,89,12.0,72.416664
5889,48,90,12.0,72.5
5890,48,91,12.0,72.583336
5891,48,92,12.0,72.666664
5892,48,93,12.0,72.75
5893,48,94,12.0,72.833336
5894,48,95,12.0,72.916664
5895,48,96,12.0,73.0
5896,48,97,12.0,73.083336
5897,48,98,12.0,73.166664
5898,48,99,12.0,73.25
5899,48,100,12.0,73.333336
5900,48,101,12.0,73.416664
5901,48,102,12.0,73.5
5902,48,103,12.0,73.583336
5903,48,104,12.0,73.666664
5904,48,105,12.0,73.75
5905,48,106,12.0,73.833336
5906,48,107,12.0,73.916664
5907,48,108,12.0,74.0
5908,48,109,12.0,74.083336
5909,48,110,12.0,74.166664
5910,48,111,12.0,74.25
5911,48,112,12.0,74.333336
5912,48,113,12.0,74.416664
5913,48,114,12.0,74.5
5914,48,115,12.0,74.583336
5915,48,116,12.0,74.666664
5916,48,117,12.0,74.75
5917,48,118,12.0,74.833336
5918,48,119,12.0,74.916664
5919,48,120,12.0,75.0
5920,49,0,12.083333,65.0
5921,49,1,12.083333,65.083336
5922,49,2,12.083333,65.166664
5923,49,3,12.083333,65.25
5924,49,4,12.083333,65.333336
5925,49,5,12.083333,65.416664
5926,49,6,12.083333,65.5
5927,49,7,12.083333,65.583336
5928,49,8,12.083333,65.666664
5929,49,9,12.083333,65.75
5930,49,10,12.083333,65.833336
5931,49,11,12.083333,65.916664
5932,49,12,12.083333,66.0
5933,49,13,12.083333,66.083336
5934,49,14,12.083333,66.166664
5935,49,15,12.083333,66.25
5936,49,16,12.083333,66.333336
5937,49,17,12.083333,66.416664
5938,49,18,12.083333,66.5
5939,49,19,12.083333,66.583336
5940,49,20,12.083333,66.666664
5941,49,21,12.083333,66.75
5942,49,22,12.083333,66.833336
5943,49,23,12.083333,66.916664
5944,49,24,12.083333,67.0
5945,49,25,12.083333,67.083336
5946,49,26,12.083333,67.166664
5947,49,27,12.083333,67.25
5948,49,28,12.083333,67.333336
5949,49,29,12.083333,67.416664
5950,49,30,12.083333,67.5
5951,49,31,12.083333,67.583336
5952,49,32,12.083333,67.666664
5953,49,33,12.083333,67.75
5954,49,34,12.083333,67.833336
5955,49,35,12.083333,67.916664
5956,49,36,12.083333,68.0
5957,49,37,12.083333,68.083336
5958,49,38,12.083333,68.166664
5959,49,39,12.083333,68.25
5960,49,40,12.083333,68.333336
5961,49,41,12.083333,68.416664
5962,49,42,12.083333,68.5
5963,49,43,12.083333,68.583336
5964,49,44,12.083333,68.666664
5965,49,45,12.083333,68.75
5966,49,46,12.083333,68.833336
5967,49,47,12.083333,68.916664
5968,49,48,12.083333,69.0
5969,49,49,12.083333,69.083336
5970,49,50,12.083333,69.166664
5971,49,51,12.083333,69.25
5972,49,52,12.083333,69.333336
5973,49,53,12.083333,69.416664
5974,49,54,12.083333,69.5
5975,49,55,12.083333,69.583336
5976,49,56,12.083333,69.666664
5977,49,57,12.083333,69.75
5978,49,58,12.083333,69.833336
5979,49,59,12.083333,69.916664
5980,49,60,12.083333,70.0
5981,49,61,12.083333,70.083336
5982,49,62,12.083333,70.166664
5983,49,63,12.083333,70.25
5984,49,64,12.083333,70.333336
5985,49,65,12.083333,70.416664
5986,49,66,12.083333,70.5
5987,49,67,12.083333,70.583336
5988,49,68,12.083333,70.666664
5989,49,69,12.083333,70.75
5990,49,70,12.083333,70.833336
5991,49,71,12.083333,70.916664
5992,49,72,12.083333,71.0
5993,49,73,12.083333,71.083336
5994,49,74,12.083333,71.166664
5995,49,75,12.083333,71.25
5996,49,76,12.083333,71.333336
5997,49,77,12.083333,71.416664
5998,49,78,12.083333,71.5
5999,49,79,12.083333,71.583336
6000,49,80,12.083333,71.666664
6001,49,81,12.083333,71.75
6002,49,82,12.083333,71.833336
6003,49,83,12.083333,71.916664
6004,49,84,12.083333,72.0
6005,49,85,12.083333,72.083336
6006,49,86,12.083333,72.166664
6007,49,87,12.083333,72.25
6008,49,88,12.083333,72.333336
6009,49,89,12.083333,72.416664
6010,49,90,12.083333,72.5
6011,49,91,12.083333,72.583336
6012,49,92,12.083333,72.666664
6013,49,93,12.083333,72.75
6014,49,94,12.083333,72.833336
6015,49,95,12.083333,72.916664
6016,49,96,12.083333,73.0
6017,49,97,12.083333,73.083336
6018,49,98,12.083333,73.166664
6019,49,99,12.083333,73.25
6020,49,100,12.083333,73.333336
6021,49,101,12.083333,73.416664
6022,49,102,12.083333,73.5
6023,49,103,12.083333,73.583336
6024,49,104,12.083333,73.666664
6025,49,105,12.083333,73.75
6026,49,106,12.083333,73.833336
6027,49,107,12.083333,73.916664
6028,49,108,12.083333,74.0
6029,49,109,12.083333,74.083336
6030,49,110,12.083333,74.166664
6031,49,111,12.083333,74.25
6032,49,112,12.083333,74.333336
6033,49,113,12.083333,74.416664
6034,49,114,12.083333,74.5
6035,49,115,12.083333,74.583336
6036,49,116,12.083333,74.666664
6037,49,117,12.083333,74.75
6038,49,118,12.083333,74.833336
6039,49,119,12.083333,74.916664
6040,49,120,12.083333,75.0
6041,50,0,12.166667,65.0
6042,50,1,12.166667,65.083336
6043,50,2,12.166667,65.166664
6044,50,3,12.166667,65.25
6045,50,4,12.166667,65.333336
6046,50,5,12.166667,65.416664
6047,50,6,12.166667,65.5
6048,50,7,12.166667,65.583336
6049,50,8,12.166667,65.666664
6050,50,9,12.166667,65.75
6051,50,10,12.166667,65.833336
6052,50,11,12.166667,65.916664
6053,50,12,12.166667,66.0
6054,50,13,12.166667,66.083336
6055,50,14,12.166667,66.166664
6056,50,15,12.166667,66.25
6057,50,16,12.166667,66.333336
6058,50,17,12.166667,66.416664
6059,50,18,12.166667,66.5
6060,50,19,12.166667,66.583336
6061,50,20,12.166667,66.666664
6062,50,21,12.166667,66.75
6063,50,22,12.166667,66.833336
6064,50,23,12.166667,66.916664
6065,50,24,12.166667,67.0
6066,50,25,12.166667,67.083336
6067,50,26,12.166667,67.166664
6068,50,27,12.166667,67.25
6069,50,28,12.166667,67.333336
6070,50,29,12.166667,67.416664
6071,50,30,12.166667,67.5
6072,50,31,12.166667,67.583336
6073,50,32,12.166667,67.666664
6074,50,33,12.166667,67.75
6075,50,34,12.166667,67.833336
6076,50,35,12.166667,67.916664
6077,50,36,12.166667,68.0
6078,50,37,12.166667,68.083336
6079,50,38,12.166667,68.166664
6080,50,39,12.166667,68.25
6081,50,40,12.166667,68.333336
6082,50,41,12.166667,68.416664
6083,50,42,12.166667,68.5
6084,50,43,12.166667,68.583336
6085,50,44,12.166667,68.666664
6086,50,45,12.166667,68.75
6087,50,46,12.166667,68.833336
6088,50,47,12.166667,68.916664
6089,50,48,12.166667,69.0
6090,50,49,12.166667,69.083336
6091,50,50,12.166667,69.166664
6092,50,51,12.166667,69.25
6093,50,52,12.166667,69.333336
6094,50,53,12.166667,69.416664
6095,50,54,12.166667,69.5
6096,50,55,12.166667,69.583336
6097,50,56,12.166667,69.666664
6098,50,57,12.166667,69.75
6099,50,58,12.166667,69.833336
6100,50,59,12.166667,69.916664
6101,50,60,12.166667,70.0
6102,50,61,12.166667,70.083336
6103,50,62,12.166667,70.166664
6104,50,63,12.166667,70.25
6105,50,64,12.166667,70.333336
6106,50,65,12.166667,70.416664
6107,50,66,12.166667,70.5
6108,50,67,12.166667,70.583336
6109,50,68,12.166667,70.666664
6110,50,69,12.166667,70.75
6111,50,70,12.166667,70.833336
6112,50,71,12.166667,70.916664
6113,50,72,12.166667,71.0
6114,50,73,12.166667,71.083336
6115,50,74,12.166667,71.166664
6116,50,75,12.166667,71.25
6117,50,76,12.166667,71.333336
6118,50,77,12.166667,71.416664
6119,50,78,12.166667,71.5
6120,50,79,12.166667,71.583336
6121,50,80,12.166667,71.666664
6122,50,81,12.166667,71.75
6123,50,82,12.166667,71.833336
6124,50,83,12.166667,71.916664
6125,50,84,12.166667,72.0
6126,50,85,12.166667,72.083336
6127,50,86,12.166667,72.166664
6128,50,87,12.166667,72.25
6129,50,88,12.166667,72.333336
6130,50,89,12.166667,72.416664
6131,50,90,12.166667,72.5
6132,50,91,12.166667,72.583336
6133,50,92,12.166667,72.666664
6134,50,93,12.166667,72.75
6135,50,94,12.166667,72.833336
6136,50,95,12.166667,72.916664
6137,50,96,12.166667,73.0
6138,50,97,12.166667,73.083336
6139,50,98,12.166667,73.166664
6140,50,99,12.166667,73.25
6141,50,100,12.166667,73.333336
6142,50,101,12.166667,73.416664
6143,50,102,12.166667,73.5
6144,50,103,12.166667,73.583336
6145,50,104,12.166667,73.666664
6146,50,105,12.166667,73.75
6147,50,106,12.166667,73.833336
6148,50,107,12.166667,73.916664
6149,50,108,12.166667,74.0
6150,50,109,12.166667,74.083336
6151,50,110,12.166667,74.166664
6152,50,111,12.166667,74.25
6153,50,112,12.166667,74.333336
6154,50,113,12.166667,74.416664
6155,50,114,12.166667,74.5
6156,50,115,12.166667,74.583336
6157,50,116,12.166667,74.666664
6158,50,117,12.166667,74.75
6159,50,118,12.166667,74.833336
6160,50,119,12.166667,74.916664
6161,50,120,12.166667,75.0
6162,51,0,12.25,65.0
6163,51,1,12.25,65.083336
6164,51,2,12.25,65.166664
6165,51,3,12.25,65.25
6166,51,4,12.25,65.333336
6167,51,5,12.25,65.416664
6168,51,6,12.25,65.5
6169,51,7,12.25,65.583336
6170,51,8,12.25,65.666664
6171,51,9,12.25,65.75
6172,51,10,12.25,65.833336
6173,51,11,12.25,65.916664
6174,51,12,12.25,66.0
6175,51,13,12.25,66.083336
6176,51,14,12.25,66.166664
6177,51,15,12.25,66.25
6178,51,16,12.25,66.333336
6179,51,17,12.25,66.416664
6180,51,18,12.25,66.5
6181,51,19,12.25,66.583336
6182,51,20,12.25,66.666664
6183,51,21,12.25,66.75
6184,51,22,12.25,66.833336
6185,51,23,12.25,66.916664
6186,51,24,12.25,67.0
6187,51,25,12.25,67.083336
6188,51,26,12.25,67.166664
6189,51,27,12.25,67.25
6190,51,28,12.25,67.333336
6191,51,29,12.25,67.416664
6192,51,30,12.25,67.5
6193,51,31,12.25,67.583336
6194,51,32,12.25,67.666664
6195,51,33,12.25,67.75
6196,51,34,12.25,67.833336
6197,51,35,12.25,67.916664
6198,51,36,12.25,68.0
6199,51,37,12.25,68.083336
6200,51,38,12.25,68.166664
6201,51,39,12.25,68.25
6202,51,40,12.25,68.333336
6203,51,41,12.25,68.416664
6204,51,42,12.25,68.5
6205,51,43,12.25,68.583336
6206,51,44,12.25,68.666664
6207,51,45,12.25,68.75
6208,51,46,12.25,68.833336
6209,51,47,12.25,68.916664
6210,51,48,12.25,69.0
6211,51,49,12.25,69.083336
6212,51,50,12.25,69.166664
6213,51,51,12.25,69.25
6214,51,52,12.25,69.333336
6215,51,53,12.25,69.416664
6216,51,54,12.25,69.5
6217,51,55,12.25,69.583336
6218,51,56,12.25,69.666664
6219,51,57,12.25,69.75
6220,51,58,12.25,69.833336
6221,51,59,12.25,69.916664
6222,51,60,12.25,70.0
6223,51,61,12.25,70.083336
6224,51,62,12.25,70.166664
6225,51,63,12.25,70.25
6226,51,64,12.25,70.333336
6227,51,65,12.25,70.416664
6228,51,66,12.25,70.5
6229,51,67,12.25,70.583336
6230,51,68,12.25,70.666664
6231,51,69,12.25,70.75
6232,51,70,12.25,70.833336
6233,51,71,12.25,70.916664
6234,51,72,12.25,71.0
6235,51,73,12.25,71.083336
6236,51,74,12.25,71.166664
6237,51,75,12.25,71.25
6238,51,76,12.25,71.333336
6239,51,77,12.25,71.416664
6240,51,78,12.25,71.5
6241,51,79,12.25,71.583336
6242,51,80,12.25,71.666664
6243,51,81,12.25,71.75
6244,51,82,12.25,71.833336
6245,51,83,12.25,71.916664
6246,51,84,12.25,72.0
6247,51,85,12.25,72.083336
6248,51,86,12.25,72.166664
6249,51,87,12.25,72.25
6250,51,88,12.25,72.333336
6251,51,89,12.25,72.416664
6252,51,90,12.25,72.5
6253,51,91,12.25,72.583336
6254,51,92,12.25,72.666664
6255,51,93,12.25,72.75
6256,51,94,12.25,72.833336
6257,51,95,12.25,72.916664
6258,51,96,12.25,73.0
6259,51,97,12.25,73.083336
6260,51,98,12.25,73.166664
6261,51,99,12.25,73.25
6262,51,100,12.25,73.333336
6263,51,101,12.25,73.416664
6264,51,102,12.25,73.5
6265,51,103,12.25,73.583336
6266,51,104,12.25,73.666664
6267,51,105,12.25,73.75
6268,51,106,12.25,73.833336
6269,51,107,12.25,73.916664
6270,51,108,12.25,74.0
6271,51,109,12.25,74.083336
6272,51,110,12.25,74.166664
6273,51,111,12.25,74.25
6274,51,112,12.25,74.333336
6275,51,113,12.25,74.416664
6276,51,114,12.25,74.5
6277,51,115,12.25,74.583336
6278,51,116,12.25,74.666664
6279,51,117,12.25,74.75
6280,51,118,12.25,74.833336
6281,51,119,12.25,74.916664
6282,51,120,12.25,75.0
6283,52,0,12.333333,65.0
6284,52,1,12.333333,65.083336
6285,52,2,12.333333,65.166664
6286,52,3,12.333333,65.25
6287,52,4,12.333333,65.333336
6288,52,5,12.333333,65.416664
6289,52,6,12.333333,65.5
6290,52,7,12.333333,65.583336
6291,52,8,12.333333,65.666664
6292,52,9,12.333333,65.75
6293,52,10,12.333333,65.833336
6294,52,11,12.333333,65.916664
6295,52,12,12.333333,66.0
6296,52,13,12.333333,66.083336
6297,52,14,12.333333,66.166664
6298,52,15,12.333333,66.25
6299,52,16,12.333333,66.333336
6300,52,17,12.333333,66.416664
6301,52,18,12.333333,66.5
6302,52,19,12.333333,66.583336
6303,52,20,12.333333,66.666664
6304,52,21,12.333333,66.75
6305,52,22,12.333333,66.833336
6306,52,23,12.333333,66.916664
6307,52,24,12.333333,67.0
6308,52,25,12.333333,67.083336
6309,52,26,12.333333,67.166664
6310,52,27,12.333333,67.25
6311,52,28,12.333333,67.333336
6312,52,29,12.333333,67.416664
6313,52,30,12.333333,67.5
6314,52,31,12.333333,67.583336
6315,52,32,12.333333,67.666664
6316,52,33,12.333333,67.75
6317,52,34,12.333333,67.833336
6318,52,35,12.333333,67.916664
6319,52,36,12.333333,68.0
6320,52,37,12.333333,68.083336
6321,52,38,12.333333,68.166664
6322,52,39,12.333333,68.25
6323,52,40,12.333333,68.333336
6324,52,41,12.333333,68.416664
6325,52,42,12.333333,68.5
6326,52,43,12.333333,68.583336
6327,52,44,12.333333,68.666664
6328,52,45,12.333333,68.75
6329,52,46,12.333333,68.833336
6330,52,47,12.333333,68.916664
6331,52,48,12.333333,69.0
6332,52,49,12.333333,69.083336
6333,52,50,12.333333,69.166664
6334,52,51,12.333333,69.25
6335,52,52,12.333333,69.333336
6336,52,53,12.333333,69.416664
6337,52,54,12.333333,69.5
6338,52,55,12.333333,69.583336
6339,52,56,12.333333,69.666664
6340,52,57,12.333333,69.75
6341,52,58,12.333333,69.833336
6342,52,59,12.333333,69.916664
6343,52,60,12.333333,70.0
6344,52,61,12.333333,70.083336
6345,52,62,12.333333,70.166664
6346,52,63,12.333333,70.25
6347,52,64,12.333333,70.333336
6348,52,65,12.333333,70.416664
6349,52,66,12.333333,70.5
6350,52,67,12.333333,70.583336
6351,52,68,12.333333,70.666664
6352,52,69,12.333333,70.75
6353,52,70,12.333333,70.833336
6354,52,71,12.333333,70.916664
6355,52,72,12.333333,71.0
6356,52,73,12.333333,71.083336
6357,52,74,12.333333,71.166664
6358,52,75,12.333333,71.25
6359,52,76,12.333333,71.333336
6360,52,77,12.333333,71.416664
6361,52,78,12.333333,71.5
6362,52,79,12.333333,71.583336
6363,52,80,12.333333,71.666664
6364,52,81,12.333333,71.75
6365,52,82,12.333333,71.833336
6366,52,83,12.333333,71.916664
6367,52,84,12.333333,72.0
6368,52,85,12.333333,72.083336
6369,52,86,12.333333,72.166664
6370,52,87,12.333333,72.25
6371,52,88,12.333333,72.333336
6372,52,89,12.333333,72.416664
6373,52,90,12.333333,72.5
6374,52,91,12.333333,72.583336
6375,52,92,12.333333,72.666664
6376,52,93,12.333333,72.75
6377,52,94,12.333333,72.833336
6378,52,95,12.333333,72.916664
6379,52,96,12.333333,73.0
6380,52,97,12.333333,73.083336
6381,52,98,12.333333,73.166664
6382,52,99,12.333333,73.25
6383,52,100,12.333333,73.333336
6384,52,101,12.333333,73.416664
6385,52,102,12.333333,73.5
6386,52,103,12.333333,73.583336
6387,52,104,12.333333,73.666664
6388,52,105,12.333333,73.75
6389,52,106,12.333333,73.833336
6390,52,107,12.333333,73.916664
6391,52,108,12.333333,74.0
6392,52,109,12.333333,74.083336
6393,52,110,12.333333,74.166664
6394,52,111,12.333333,74.25
6395,52,112,12.333333,74.333336
6396,52,113,12.333333,74.416664
6397,52,114,12.333333,74.5
6398,52,115,12.333333,74.583336
6399,52,116,12.333333,74.666664
6400,52,117,12.333333,74.75
6401,52,118,12.333333,74.833336
6402,52,119,12.333333,74.916664
6403,52,120,12.333333,75.0
6404,53,0,12.416667,65.0
6405,53,1,12.416667,65.083336
6406,53,2,12.416667,65.166664
6407,53,3,12.416667,65.25
6408,53,4,12.416667,65.333336
6409,53,5,12.416667,65.416664
6410,53,6,12.416667,65.5
6411,53,7,12.416667,65.583336
6412,53,8,12.416667,65.666664
6413,53,9,12.416667,65.75
6414,53,10,12.416667,65.833336
6415,53,11,12.416667,65.916664
6416,53,12,12.416667,66.0
6417,53,13,12.416667,66.083336
6418,53,14,12.416667,66.166664
6419,53,15,12.416667,66.25
6420,53,16,12.416667,66.333336
6421,53,17,12.416667,66.416664
6422,53,18,12.416667,66.5
6423,53,19,12.416667,66.583336
6424,53,20,12.416667,66.666664
6425,53,21,12.416667,66.75
6426,53,22,12.416667,66.833336
6427,53,23,12.416667,66.916664
6428,53,24,12.416667,67.0
6429,53,25,12.416667,67.083336
6430,53,26,12.416667,67.166664
6431,53,27,12.416667,67.25
6432,53,28,12.416667,67.333336
6433,53,29,12.416667,67.416664
6434,53,30,12.416667,67.5
6435,53,31,12.416667,67.583336
6436,53,32,12.416667,67.666664
6437,53,33,12.416667,67.75
6438,53,34,12.416667,67.833336
6439,53,35,12.416667,67.916664
6440,53,36,12.416667,68.0
6441,53,37,12.416667,68.083336
6442,53,38,12.416667,68.166664
6443,53,39,12.416667,68.25
6444,53,40,12.416667,68.333336
6445,53,41,12.416667,68.416664
6446,53,42,12.416667,68.5
6447,53,43,12.416667,68.583336
6448,53,44,12.416667,68.666664
6449,53,45,12.416667,68.75
6450,53,46,12.416667,68.833336
6451,53,47,12.416667,68.916664
6452,53,48,12.416667,69.0
6453,53,49,12.416667,69.083336
6454,53,50,12.416667,69.166664
6455,53,51,12.416667,69.25
6456,53,52,12.416667,69.333336
6457,53,53,12.416667,69.416664
6458,53,54,12.416667,69.5
6459,53,55,12.416667,69.583336
6460,53,56,12.416667,69.666664
6461,53,57,12.416667,69.75
6462,53,58,12.416667,69.833336
6463,53,59,12.416667,69.916664
6464,53,60,12.416667,70.0
6465,53,61,12.416667,70.083336
6466,53,62,12.416667,70.166664
6467,53,63,12.416667,70.25
6468,53,64,12.416667,70.333336
6469,53,65,12.416667,70.416664
6470,53,66,12.416667,70.5
6471,53,67,12.416667,70.583336
6472,53,68,12.416667,70.666664
6473,53,69,12.416667,70.75
6474,53,70,12.416667,70.833336
6475,53,71,12.416667,70.916664
6476,53,72,12.416667,71.0
6477,53,73,12.416667,71.083336
6478,53,74,12.416667,71.166664
6479,53,75,12.416667,71.25
6480,53,76,12.416667,71.333336
6481,53,77,12.416667,71.416664
6482,53,78,12.416667,71.5
6483,53,79,12.416667,71.583336
6484,53,80,12.416667,71.666664
6485,53,81,12.416667,71.75
6486,53,82,12.416667,71.833336
6487,53,83,12.416667,71.916664
6488,53,84,12.416667,72.0
6489,53,85,12.416667,72.083336
6490,53,86,12.416667,72.166664
6491,53,87,12.416667,72.25
6492,53,88,12.416667,72.333336
6493,53,89,12.416667,72.416664
6494,53,90,12.416667,72.5
6495,53,91,12.416667,72.583336
6496,53,92,12.416667,72.666664
6497,53,93,12.416667,72.75
6498,53,94,12.416667,72.833336
6499,53,95,12.416667,72.916664
6500,53,96,12.416667,73.0
6501,53,97,12.416667,73.083336
6502,53,98,12.416667,73.166664
6503,53,99,12.416667,73.25
6504,53,100,12.416667,73.333336
6505,53,101,12.416667,73.416664
6506,53,102,12.416667,73.5
6507,53,103,12.416667,73.583336
6508,53,104,12.416667,73.666664
6509,53,105,12.416667,73.75
6510,53,106,12.416667,73.833336
6511,53,107,12.416667,73.916664
6512,53,108,12.416667,74.0
6513,53,109,12.416667,74.083336
6514,53,110,12.416667,74.166664
6515,53,111,12.416667,74.25
6516,53,112,12.416667,74.333336
6517,53,113,12.416667,74.416664
6518,53,114,12.416667,74.5
6519,53,115,12.416667,74.583336
6520,53,116,12.416667,74.666664
6521,53,117,12.416667,74.75
6522,53,118,12.416667,74.833336
6523,53,119,12.416667,74.916664
6524,53,120,12.416667,75.0
6525,54,0,12.5,65.0
6526,54,1,12.5,65.083336
6527,54,2,12.5,65.166664
6528,54,3,12.5,65.25
6529,54,4,12.5,65.333336
6530,54,5,12.5,65.416664
6531,54,6,12.5,65.5
6532,54,7,12.5,65.583336
6533,54,8,12.5,65.666664
6534,54,9,12.5,65.75
6535,54,10,12.5,65.833336
6536,54,11,12.5,65.916664
6537,54,12,12.5,66.0
6538,54,13,12.5,66.083336
6539,54,14,12.5,66.166664
6540,54,15,12.5,66.25
6541,54,16,12.5,66.333336
6542,54,17,12.5,66.416664
6543,54,18,12.5,66.5
6544,54,19,12.5,66.583336
6545,54,20,12.5,66.666664
6546,54,21,12.5,66.75
6547,54,22,12.5,66.833336
6548,54,23,12.5,66.916664
6549,54,24,12.5,67.0
6550,54,25,12.5,67.083336
6551,54,26,12.5,67.166664
6552,54,27,12.5,67.25
6553,54,28,12.5,67.333336
6554,54,29,12.5,67.416664
6555,54,30,12.5,67.5
6556,54,31,12.5,67.583336
6557,54,32,12.5,67.666664
6558,54,33,12.5,67.75
6559,54,34,12.5,67.833336
6560,54,35,12.5,67.916664
6561,54,36,12.5,68.0
6562,54,37,12.5,68.083336
6563,54,38,12.5,68.166664
6564,54,39,12.5,68.25
6565,54,40,12.5,68.333336
6566,54,41,12.5,68.416664
6567,54,42,12.5,68.5
6568,54,43,12.5,68.583336
6569,54,44,12.5,68.666664
6570,54,45,12.5,68.75
6571,54,46,12.5,68.833336
6572,54,47,12.5,68.916664
6573,54,48,12.5,69.0
6574,54,49,12.5,69.083336
6575,54,50,12.5,69.166664
6576,54,51,12.5,69.25
6577,54,52,12.5,69.333336
6578,54,53,12.5,69.416664
6579,54,54,12.5,69.5
6580,54,55,12.5,69.583336
6581,54,56,12.5,69.666664
6582,54,57,12.5,69.75
6583,54,58,12.5,69.833336
6584,54,59,12.5,69.916664
6585,54,60,12.5,70.0
6586,54,61,12.5,70.083336
6587,54,62,12.5,70.166664
6588,54,63,12.5,70.25
6589,54,64,12.5,70.333336
6590,54,65,12.5,70.416664
6591,54,66,12.5,70.5
6592,54,67,12.5,70.583336
6593,54,68,12.5,70.666664
6594,54,69,12.5,70.75
6595,54,70,12.5,70.833336
6596,54,71,12.5,70.916664
6597,54,72,12.5,71.0
6598,54,73,12.5,71.083336
6599,54,74,12.5,71.166664
6600,54,75,12.5,71.25
6601,54,76,12.5,71.333336
6602,54,77,12.5,71.416664
6603,54,78,12.5,71.5
6604,54,79,12.5,71.583336
6605,54,80,12.5,71.666664
6606,54,81,12.5,71.75
6607,54,82,12.5,71.833336
6608,54,83,12.5,71.916664
6609,54,84,12.5,72.0
6610,54,85,12.5,72.083336
6611,54,86,12.5,72.166664
6612,54,87,12.5,72.25
6613,54,88,12.5,72.333336
6614,54,89,12.5,72.416664
6615,54,90,12.5,72.5
6616,54,91,12.5,72.583336
6617,54,92,12.5,72.666664
6618,54,93,12.5,72.75
6619,54,94,12.5,72.833336
6620,54,95,12.5,72.916664
6621,54,96,12.5,73.0
6622,54,97,12.5,73.083336
6623,54,98,12.5,73.166664
6624,54,99,12.5,73.25
6625,54,100,12.5,73.333336
6626,54,101,12.5,73.416664
6627,54,102,12.5,73.5
6628,54,103,12.5,73.583336
6629,54,104,12.5,73.666664
6630,54,105,12.5,73.75
6631,54,106,12.5,73.833336
6632,54,107,12.5,73.916664
6633,54,108,12.5,74.0
6634,54,109,12.5,74.083336
6635,54,110,12.5,74.166664
6636,54,111,12.5,74.25
6637,54,112,12.5,74.333336
6638,54,113,12.5,74.416664
6639,54,114,12.5,74.5
6640,54,115,12.5,74.583336
6641,54,116,12.5,74.666664
6642,54,117,12.5,74.75
6643,54,118,12.5,74.833336
6644,54,119,12.5,74.916664
6645,54,120,12.5,75.0
6646,55,0,12.583333,65.0
6647,55,1,12.583333,65.083336
6648,55,2,12.583333,65.166664
6649,55,3,12.583333,65.25
6650,55,4,12.583333,65.333336
6651,55,5,12.583333,65.416664
6652,55,6,12.583333,65.5
6653,55,7,12.583333,65.583336
6654,55,8,12.583333,65.666664
6655,55,9,12.583333,65.75
6656,55,10,12.583333,65.833336
6657,55,11,12.583333,65.916664
6658,55,12,12.583333,66.0
6659,55,13,12.583333,66.083336
6660,55,14,12.583333,66.166664
6661,55,15,12.583333,66.25
6662,55,16,12.583333,66.333336
6663,55,17,12.583333,66.416664
6664,55,18,12.583333,66.5
6665,55,19,12.583333,66.583336
6666,55,20,12.583333,66.666664
6667,55,21,12.583333,66.75
6668,55,22,12.583333,66.833336
6669,55,23,12.583333,66.916664
6670,55,24,12.583333,67.0
6671,55,25,12.583333,67.083336
6672,55,26,12.583333,67.166664
6673,55,27,12.583333,67.25
6674,55,28,12.583333,67.333336
6675,55,29,12.583333,67.416664
6676,55,30,12.583333,67.5
6677,55,31,12.583333,67.583336
6678,55,32,12.583333,67.666664
6679,55,33,12.583333,67.75
6680,55,34,12.583333,67.833336
6681,55,35,12.583333,67.916664
6682,55,36,12.583333,68.0
6683,55,37,12.583333,68.083336
6684,55,38,12.583333,68.166664
6685,55,39,12.583333,68.25
6686,55,40,12.583333,68.333336
6687,55,41,12.583333,68.416664
6688,55,42,12.583333,68.5
6689,55,43,12.583333,68.583336
6690,55,44,12.583333,68.666664
6691,55,45,12.583333,68.75
6692,55,46,12.583333,68.833336
6693,55,47,12.583333,68.916664
6694,55,48,12.583333,69.0
6695,55,49,12.583333,69.083336
6696,55,50,12.583333,69.166664
6697,55,51,12.583333,69.25
6698,55,52,12.583333,69.333336
6699,55,53,12.583333,69.416664
6700,55,54,12.583333,69.5
6701,55,55,12.583333,69.583336
6702,55,56,12.583333,69.666664
6703,55,57,12.583333,69.75
6704,55,58,12.583333,69.833336
6705,55,59,12.583333,69.916664
6706,55,60,12.583333,70.0
6707,55,61,12.583333,70.083336
6708,55,62,12.583333,70.166664
6709,55,63,12.583333,70.25
6710,55,64,12.583333,70.333336
6711,55,65,12.583333,70.416664
6712,55,66,12.583333,70.5
6713,55,67,12.583333,70.583336
6714,55,68,12.583333,70.666664
6715,55,69,12.583333,70.75
6716,55,70,12.583333,70.833336
6717,55,71,12.583333,70.916664
6718,55,72,12.583333,71.0
6719,55,73,12.583333,71.083336
6720,55,74,12.583333,71.166664
6721,55,75,12.583333,71.25
6722,55,76,12.583333,71.333336
6723,55,77,12.583333,71.416664
6724,55,78,12.583333,71.5
6725,55,79,12.583333,71.583336
6726,55,80,12.583333,71.666664
6727,55,81,12.583333,71.75
6728,55,82,12.583333,71.833336
6729,55,83,12.583333,71.916664
6730,55,84,12.583333,72.0
6731,55,85,12.583333,72.083336
6732,55,86,12.583333,72.166664
6733,55,87,12.583333,72.25
6734,55,88,12.583333,72.333336
6735,55,89,12.583333,72.416664
6736,55,90,12.583333,72.5
6737,55,91,12.583333,72.583336
6738,55,92,12.583333,72.666664
6739,55,93,12.583333,72.75
6740,55,94,12.583333,72.833336
6741,55,95,12.583333,72.916664
6742,55,96,12.583333,73.0
6743,55,97,12.583333,73.083336
6744,55,98,12.583333,73.166664
6745,55,99,12.583333,73.25
6746,55,100,12.583333,73.333336
6747,55,101,12.583333,73.416664
6748,55,102,12.583333,73.5
6749,55,103,12.583333,73.583336
6750,55,104,12.583333,73.666664
6751,55,105,12.583333,73.75
6752,55,106,12.583333,73.833336
6753,55,107,12.583333,73.916664
6754,55,108,12.583333,74.0
6755,55,109,12.583333,74.083336
6756,55,110,12.583333,74.166664
6757,55,111,12.583333,74.25
6758,55,112,12.583333,74.333336
6759,55,113,12.583333,74.416664
6760,55,114,12.583333,74.5
6761,55,115,12.583333,74.583336
6762,55,116,12.583333,74.666664
6763,55,117,12.583333,74.75
6764,55,118,12.583333,74.833336
6765,55,119,12.583333,74.916664
6766,56,0,12.666667,65.0
6767,56,1,12.666667,65.083336
6768,56,2,12.666667,65.166664
6769,56,3,12.666667,65.25
6770,56,4,12.666667,65.333336
6771,56,5,12.666667,65.416664
6772,56,6,12.666667,65.5
6773,56,7,12.666667,65.583336
6774,56,8,12.666667,65.666664
6775,56,9,12.666667,65.75
6776,56,10,12.666667,65.833336
6777,56,11,12.666667,65.916664
6778,56,12,12.666667,66.0
6779,56,13,12.666667,66.083336
6780,56,14,12.666667,66.166664
6781,56,15,12.666667,66.25
6782,56,16,12.666667,66.333336
6783,56,17,12.666667,66.416664
6784,56,18,12.666667,66.5
6785,56,19,12.666667,66.583336
6786,56,20,12.666667,66.666664
6787,56,21,12.666667,66.75
6788,56,22,12.666667,66.833336
6789,56,23,12.666667,66.916664
6790,56,24,12.666667,67.0
6791,56,25,12.666667,67.083336
6792,56,26,12.666667,67.166664
6793,56,27,12.666667,67.25
6794,56,28,12.666667,67.333336
6795,56,29,12.666667,67.416664
6796,56,30,12.666667,67.5
6797,56,31,12.666667,67.583336
6798,56,32,12.666667,67.666664
6799,56,33,12.666667,67.75
6800,56,34,12.666667,67.833336
6801,56,35,12.666667,67.916664
6802,56,36,12.666667,68.0
6803,56,37,12.666667,68.083336
6804,56,38,12.666667,68.166664
6805,56,39,12.666667,68.25
6806,56,40,12.666667,68.333336
6807,56,41,12.666667,68.416664
6808,56,42,12.666667,68.5
6809,56,43,12.666667,68.583336
6810,56,44,12.666667,68.666664
6811,56,45,12.666667,68.75
6812,56,46,12.666667,68.833336
6813,56,47,12.666667,68.916664
6814,56,48,12.666667,69.0
6815,56,49,12.666667,69.083336
6816,56,50,12.666667,69.166664
6817,56,51,12.666667,69.25
6818,56,52,12.666667,69.333336
6819,56,53,12.666667,69.416664
6820,56,54,12.666667,69.5
6821,56,55,12.666667,69.583336
6822,56,56,12.666667,69.666664
6823,56,57,12.666667,69.75
6824,56,58,12.666667,69.833336
6825,56,59,12.666667,69.916664
6826,56,60,12.666667,70.0
6827,56,61,12.666667,70.083336
6828,56,62,12.666667,70.166664
6829,56,63,12.666667,70.25
6830,56,64,12.666667,70.333336
6831,56,65,12.666667,70.416664
6832,56,66,12.666667,70.5
6833,56,67,12.666667,70.583336
6834,56,68,12.666667,70.666664
6835,56,69,12.666667,70.75
6836,56,70,12.666667,70.833336
6837,56,71,12.666667,70.916664
6838,56,72,12.666667,71.0
6839,56,73,12.666667,71.083336
6840,56,74,12.666667,71.166664
6841,56,75,12.666667,71.25
6842,56,76,12.666667,71.333336
6843,56,77,12.666667,71.416664
6844,56,78,12.666667,71.5
6845,56,79,12.666667,71.583336
6846,56,80,12.666667,71.666664
6847,56,81,12.666667,71.75
6848,56,82,12.666667,71.833336
6849,56,83,12.666667,71.916664
6850,56,84,12.666667,72.0
6851,56,85,12.666667,72.083336
6852,56,86,12.666667,72.166664
6853,56,87,12.666667,72.25
6854,56,88,12.666667,72.333336
6855,56,89,12.666667,72.416664
6856,56,90,12.666667,72.5
6857,56,91,12.666667,72.583336
6858,56,92,12.666667,72.666664
6859,56,93,12.666667,72.75
6860,56,94,12.666667,72.833336
6861,56,95,12.666667,72.916664
6862,56,96,12.666667,73.0
6863,56,97,12.666667,73.083336
6864,56,98,12.666667,73.166664
6865,56,99,12.666667,73.25
6866,56,100,12.666667,73.333336
6867,56,101,12.666667,73.416664
6868,56,102,12.666667,73.5
6869,56,103,12.666667,73.583336
6870,56,104,12.666667,73.666664
6871,56,105,12.666667,73.75
6872,56,106,12.666667,73.833336
6873,56,107,12.666667,73.916664
6874,56,108,12.666667,74.0
6875,56,109,12.666667,74.083336
6876,56,110,12.666667,74.166664
6877,56,111,12.666667,74.25
6878,56,112,12.666667,74.333336
6879,56,113,12.666667,74.416664
6880,56,114,12.666667,74.5
6881,56,115,12.666667,74.583336
6882,56,116,12.666667,74.666664
6883,56,117,12.666667,74.75
6884,56,118,12.666667,74.833336
6885,56,119,12.666667,74.916664
6886,57,0,12.75,65.0
6887,57,1,12.75,65.083336
6888,57,2,12.75,65.166664
6889,57,3,12.75,65.25
6890,57,4,12.75,65.333336
6891,57,5,12.75,65.416664
6892,57,6,12.75,65.5
6893,57,7,12.75,65.583336
6894,57,8,12.75,65.666664
6895,57,9,12.75,65.75
6896,57,10,12.75,65.833336
6897,57,11,12.75,65.916664
6898,57,12,12.75,66.0
6899,57,13,12.75,66.083336
6900,57,14,12.75,66.166664
6901,57,15,12.75,66.25
6902,57,16,12.75,66.333336
6903,57,17,12.75,66.416664
6904,57,18,12.75,66.5
6905,57,19,12.75,66.583336
6906,57,20,12.75,66.666664
6907,57,21,12.75,66.75
6908,57,22,12.75,66.833336
6909,57,23,12.75,66.916664
6910,57,24,12.75,67.0
6911,57,25,12.75,67.083336
6912,57,26,12.75,67.166664
6913,57,27,12.75,67.25
6914,57,28,12.75,67.333336
6915,57,29,12.75,67.416664
6916,57,30,12.75,67.5
6917,57,31,12.75,67.583336
6918,57,32,12.75,67.666664
6919,57,33,12.75,67.75
6920,57,34,12.75,67.833336
6921,57,35,12.75,67.916664
6922,57,36,12.75,68.0
6923,57,37,12.75,68.083336
6924,57,38,12.75,68.166664
6925,57,39,12.75,68.25
6926,57,40,12.75,68.333336
6927,57,41,12.75,68.416664
6928,57,42,12.75,68.5
6929,57,43,12.75,68.583336
6930,57,44,12.75,68.666664
6931,57,45,12.75,68.75
6932,57,46,12.75,68.833336
6933,57,47,12.75,68.916664
6934,57,48,12.75,69.0
6935,57,49,12.75,69.083336
6936,57,50,12.75,69.166664
6937,57,51,12.75,69.25
6938,57,52,12.75,69.333336
6939,57,53,12.75,69.416664
6940,57,54,12.75,69.5
6941,57,55,12.75,69.583336
6942,57,56,12.75,69.666664
6943,57,57,12.75,69.75
6944,57,58,12.75,69.833336
6945,57,59,12.75,69.916664
6946,57,60,12.75,70.0
6947,57,61,12.75,70.083336
6948,57,62,12.75,70.166664
6949,57,63,12.75,70.25
6950,57,64,12.75,70.333336
6951,57,65,12.75,70.416664
6952,57,66,12.75,70.5
6953,57,67,12.75,70.583336
6954,57,68,12.75,70.666664
6955,57,69,12.75,70.75
6956,57,70,12.75,70.833336
6957,57,71,12.75,70.916664
6958,57,72,12.75,71.0
6959,57,73,12.75,71.083336
6960,57,74,12.75,71.166664
6961,57,75,12.75,71.25
6962,57,76,12.75,71.333336
6963,57,77,12.75,71.416664
6964,57,78,12.75,71.5
6965,57,79,12.75,71.583336
6966,57,80,12.75,71.666664
6967,57,81,12.75,71.75
6968,57,82,12.75,71.833336
6969,57,83,12.75,71.916664
6970,57,84,12.75,72.0
6971,57,85,12.75,72.083336
6972,57,86,12.75,72.166664
6973,57,87,12.75,72.25
6974,57,88,12.75,72.333336
6975,57,89,12.75,72.416664
6976,57,90,12.75,72.5
6977,57,91,12.75,72.583336
6978,57,92,12.75,72.666664
6979,57,93,12.75,72.75
6980,57,94,12.75,72.833336
6981,57,95,12.75,72.916664
6982,57,96,12.75,73.0
6983,57,97,12.75,73.083336
6984,57,98,12.75,73.166664
6985,57,99,12.75,73.25
6986,57,100,12.75,73.333336
6987,57,101,12.75,73.416664
6988,57,102,12.75,73.5
6989,57,103,12.75,73.583336
6990,57,104,12.75,73.666664
6991,57,105,12.75,73.75
6992,57,106,12.75,73.833336
6993,57,107,12.75,73.916664
6994,57,108,12.75,74.0
6995,57,109,12.75,74.083336
6996,57,110,12.75,74.166664
6997,57,111,12.75,74.25
6998,57,112,12.75,74.333336
6999,57,113,12.75,74.416664
7000,57,114,12.75,74.5
7001,57,115,12.75,74.583336
7002,57,116,12.75,74.666664
7003,57,117,12.75,74.75
7004,57,118,12.75,74.833336
7005,58,0,12.833333,65.0
7006,58,1,12.833333,65.083336
7007,58,2,12.833333,65.166664
7008,58,3,12.833333,65.25
7009,58,4,12.833333,65.333336
7010,58,5,12.833333,65.416664
7011,58,6,12.833333,65.5
7012,58,7,12.833333,65.583336
7013,58,8,12.833333,65.666664
7014,58,9,12.833333,65.75
7015,58,10,12.833333,65.833336
7016,58,11,12.833333,65.916664
7017,58,12,12.833333,66.0
7018,58,13,12.833333,66.083336
7019,58,14,12.833333,66.166664
7020,58,15,12.833333,66.25
7021,58,16,12.833333,66.333336
7022,58,17,12.833333,66.416664
7023,58,18,12.833333,66.5
7024,58,19,12.833333,66.583336
7025,58,20,12.833333,66.666664
7026,58,21,12.833333,66.75
7027,58,22,12.833333,66.833336
7028,58,23,12.833333,66.916664
7029,58,24,12.833333,67.0
7030,58,25,12.833333,67.083336
7031,58,26,12.833333,67.166664
7032,58,27,12.833333,67.25
7033,58,28,12.833333,67.333336
7034,58,29,12.833333,67.416664
7035,58,30,12.833333,67.5
7036,58,31,12.833333,67.583336
7037,58,32,12.833333,67.666664
7038,58,33,12.833333,67.75
7039,58,34,12.833333,67.833336
7040,58,35,12.833333,67.916664
7041,58,36,12.833333,68.0
7042,58,37,12.833333,68.083336
7043,58,38,12.833333,68.166664
7044,58,39,12.833333,68.25
7045,58,40,12.833333,68.333336
7046,58,41,12.833333,68.416664
7047,58,42,12.833333,68.5
7048,58,43,12.833333,68.583336
7049,58,44,12.833333,68.666664
7050,58,45,12.833333,68.75
7051,58,46,12.833333,68.833336
7052,58,47,12.833333,68.916664
7053,58,48,12.833333,69.0
7054,58,49,12.833333,69.083336
7055,58,50,12.833333,69.166664
7056,58,51,12.833333,69.25
7057,58,52,12.833333,69.333336
7058,58,53,12.833333,69.416664
7059,58,54,12.833333,69.5
7060,58,55,12.833333,69.583336
7061,58,56,12.833333,69.666664
7062,58,57,12.833333,69.75
7063,58,58,12.833333,69.833336
7064,58,59,12.833333,69.916664
7065,58,60,12.833333,70.0
7066,58,61,12.833333,70.083336
7067,58,62,12.833333,70.166664
7068,58,63,12.833333,70.25
7069,58,64,12.833333,70.333336
7070,58,65,12.833333,70.416664
7071,58,66,12.833333,70.5
7072,58,67,12.833333,70.583336
7073,58,68,12.833333,70.666664
7074,58,69,12.833333,70.75
7075,58,70,12.833333,70.833336
7076,58,71,12.833333,70.916664
7077,58,72,12.833333,71.0
7078,58,73,12.833333,71.083336
7079,58,74,12.833333,71.166664
7080,58,75,12.833333,71.25
7081,58,76,12.833333,71.333336
7082,58,77,12.833333,71.416664
7083,58,78,12.833333,71.5
7084,58,79,12.833333,71.583336
7085,58,80,12.833333,71.666664
7086,58,81,12.833333,71.75
7087,58,82,12.833333,71.833336
7088,58,83,12.833333,71.916664
7089,58,84,12.833333,72.0
7090,58,85,12.833333,72.083336
7091,58,86,12.833333,72.166664
7092,58,87,12.833333,72.25
7093,58,88,12.833333,72.333336
7094,58,89,12.833333,72.416664
7095,58,90,12.833333,72.5
7096,58,91,12.833333,72.583336
7097,58,92,12.833333,72.666664
7098,58,93,12.833333,72.75
7099,58,94,12.833333,72.833336
7100,58,95,12.833333,72.916664
7101,58,96,12.833333,73.0
7102,58,97,12.833333,73.083336
7103,58,98,12.833333,73.166664
7104,58,99,12.833333,73.25
7105,58,100,12.833333,73.333336
7106,58,101,12.833333,73.416664
7107,58,102,12.833333,73.5
7108,58,103,12.833333,73.583336
7109,58,104,12.833333,73.666664
7110,58,105,12.833333,73.75
7111,58,106,12.833333,73.833336
7112,58,107,12.833333,73.916664
7113,58,108,12.833333,74.0
7114,58,109,12.833333,74.083336
7115,58,110,12.833333,74.166664
7116,58,111,12.833333,74.25
7117,58,112,12.833333,74.333336
7118,58,113,12.833333,74.416664
7119,58,114,12.833333,74.5
7120,58,115,12.833333,74.583336
7121,58,116,12.833333,74.666664
7122,58,117,12.833333,74.75
7123,58,118,12.833333,74.833336
7124,59,0,12.916667,65.0
7125,59,1,12.916667,65.083336
7126,59,2,12.916667,65.166664
7127,59,3,12.916667,65.25
7128,59,4,12.916667,65.333336
7129,59,5,12.916667,65.416664
7130,59,6,12.916667,65.5
7131,59,7,12.916667,65.583336
7132,59,8,12.916667,65.666664
7133,59,9,12.916667,65.75
7134,59,10,12.916667,65.833336
7135,59,11,12.916667,65.916664
7136,59,12,12.916667,66.0
7137,59,13,12.916667,66.083336
7138,59,14,12.916667,66.166664
7139,59,15,12.916667,66.25
7140,59,16,12.916667,66.333336
7141,59,17,12.916667,66.416664
7142,59,18,12.916667,66.5
7143,59,19,12.916667,66.583336
7144,59,20,12.916667,66.666664
7145,59,21,12.916667,66.75
7146,59,22,12.916667,66.833336
7147,59,23,12.916667,66.916664
7148,59,24,12.916667,67.0
7149,59,25,12.916667,67.083336
7150,59,26,12.916667,67.166664
7151,59,27,12.916667,67.25
7152,59,28,12.916667,67.333336
7153,59,29,12.916667,67.416664
7154,59,30,12.916667,67.5
7155,59,31,12.916667,67.583336
7156,59,32,12.916667,67.666664
7157,59,33,12.916667,67.75
7158,59,34,12.916667,67.833336
7159,59,35,12.916667,67.916664
7160,59,36,12.916667,68.0
7161,59,37,12.916667,68.083336
7162,59,38,12.916667,68.166664
7163,59,39,12.916667,68.25
7164,59,40,12.916667,68.333336
7165,59,41,12.916667,68.416664
7166,59,42,12.916667,68.5
7167,59,43,12.916667,68.583336
7168,59,44,12.916667,68.666664
7169,59,45,12.916667,68.75
7170,59,46,12.916667,68.833336
7171,59,47,12.916667,68.916664
7172,59,48,12.916667,69.0
7173,59,49,12.916667,69.083336
7174,59,50,12.916667,69.166664
7175,59,51,12.916667,69.25
7176,59,52,12.916667,69.333336
7177,59,53,12.916667,69.416664
7178,59,54,12.916667,69.5
7179,59,55,12.916667,69.583336
7180,59,56,12.916667,69.666664
7181,59,57,12.916667,69.75
7182,59,58,12.916667,69.833336
7183,59,59,12.916667,69.916664
7184,59,60,12.916667,70.0
7185,59,61,12.916667,70.083336
7186,59,62,12.916667,70.166664
7187,59,63,12.916667,70.25
7188,59,64,12.916667,70.333336
7189,59,65,12.916667,70.416664
7190,59,66,12.916667,70.5
7191,59,67,12.916667,70.583336
7192,59,68,12.916667,70.666664
7193,59,69,12.916667,70.75
7194,59,70,12.916667,70.833336
7195,59,71,12.916667,70.916664
7196,59,72,12.916667,71.0
7197,59,73,12.916667,71.083336
7198,59,74,12.916667,71.166664
7199,59,75,12.916667,71.25
7200,59,76,12.916667,71.333336
7201,59,77,12.916667,71.416664
7202,59,78,12.916667,71.5
7203,59,79,12.916667,71.583336
7204,59,80,12.916667,71.666664
7205,59,81,12.916667,71.75
7206,59,82,12.916667,71.833336
7207,59,83,12.916667,71.916664
7208,59,84,12.916667,72.0
7209,59,85,12.916667,72.083336
7210,59,86,12.916667,72.166664
7211,59,87,12.916667,72.25
7212,59,88,12.916667,72.333336
7213,59,89,12.916667,72.416664
7214,59,90,12.916667,72.5
7215,59,91,12.916667,72.583336
7216,59,92,12.916667,72.666664
7217,59,93,12.916667,72.75
7218,59,94,12.916667,72.833336
7219,59,95,12.916667,72.916664
7220,59,96,12.916667,73.0
7221,59,97,12.916667,73.083336
7222,59,98,12.916667,73.166664
7223,59,99,12.916667,73.25
7224,59,100,12.916667,73.333336
7225,59,101,12.916667,73.416664
7226,59,102,12.916667,73.5
7227,59,103,12.916667,73.583336
7228,59,104,12.916667,73.666664
7229,59,105,12.916667,73.75
7230,59,106,12.916667,73.833336
7231,59,107,12.916667,73.916664
7232,59,108,12.916667,74.0
7233,59,109,12.916667,74.083336
7234,59,110,12.916667,74.166664
7235,59,111,12.916667,74.25
7236,59,112,12.916667,74.333336
7237,59,113,12.916667,74.416664
7238,59,114,12.916667,74.5
7239,59,115,12.916667,74.583336
7240,59,116,12.916667,74.666664
7241,59,117,12.916667,74.75
7242,59,118,12.916667,74.833336
7243,60,0,13.0,65.0
7244,60,1,13.0,65.083336
7245,60,2,13.0,65.166664
7246,60,3,13.0,65.25
7247,60,4,13.0,65.333336
7248,60,5,13.0,65.416664
7249,60,6,13.0,65.5
7250,60,7,13.0,65.583336
7251,60,8,13.0,65.666664
7252,60,9,13.0,65.75
7253,60,10,13.0,65.833336
7254,60,11,13.0,65.916664
7255,60,12,13.0,66.0
7256,60,13,13.0,66.083336
7257,60,14,13.0,66.166664
7258,60,15,13.0,66.25
7259,60,16,13.0,66.333336
7260,60,17,13.0,66.416664
7261,60,18,13.0,66.5
7262,60,19,13.0,66.583336
7263,60,20,13.0,66.666664
7264,60,21,13.0,66.75
7265,60,22,13.0,66.833336
7266,60,23,13.0,66.916664
7267,60,24,13.0,67.0
7268,60,25,13.0,67.083336
7269,60,26,13.0,67.166664
7270,60,27,13.0,67.25
7271,60,28,13.0,67.333336
7272,60,29,13.0,67.416664
7273,60,30,13.0,67.5
7274,60,31,13.0,67.583336
7275,60,32,13.0,67.666664
7276,60,33,13.0,67.75
7277,60,34,13.0,67.833336
7278,60,35,13.0,67.916664
7279,60,36,13.0,68.0
7280,60,37,13.0,68.083336
7281,60,38,13.0,68.166664
7282,60,39,13.0,68.25
7283,60,40,13.0,68.333336
7284,60,41,13.0,68.416664
7285,60,42,13.0,68.5
7286,60,43,13.0,68.583336
7287,60,44,13.0,68.666664
7288,60,45,13.0,68.75
7289,60,46,13.0,68.833336
7290,60,47,13.0,68.916664
7291,60,48,13.0,69.0
7292,60,49,13.0,69.083336
7293,60,50,13.0,69.166664
7294,60,51,13.0,69.25
7295,60,52,13.0,69.333336
7296,60,53,13.0,69.416664
7297,60,54,13.0,69.5
7298,60,55,13.0,69.583336
7299,60,56,13.0,69.666664
7300,60,57,13.0,69.75
7301,60,58,13.0,69.833336
7302,60,59,13.0,69.916664
7303,60,60,13.0,70.0
7304,60,61,13.0,70.083336
7305,60,62,13.0,70.166664
7306,60,63,13.0,70.25
7307,60,64,13.0,70.333336
7308,60,65,13.0,70.416664
7309,60,66,13.0,70.5
7310,60,67,13.0,70.583336
7311,60,68,13.0,70.666664
7312,60,69,13.0,70.75
7313,60,70,13.0,70.833336
7314,60,71,13.0,70.916664
7315,60,72,13.0,71.0
7316,60,73,13.0,71.083336
7317,60,74,13.0,71.166664
7318,60,75,13.0,71.25
7319,60,76,13.0,71.333336
7320,60,77,13.0,71.416664
7321,60,78,13.0,71.5
7322,60,79,13.0,71.583336
7323,60,80,13.0,71.666664
7324,60,81,13.0,71.75
7325,60,82,13.0,71.833336
7326,60,83,13.0,71.916664
7327,60,84,13.0,72.0
7328,60,85,13.0,72.083336
7329,60,86,13.0,72.166664
7330,60,87,13.0,72.25
7331,60,88,13.0,72.333336
7332,60,89,13.0,72.416664
7333,60,90,13.0,72.5
7334,60,91,13.0,72.583336
7335,60,92,13.0,72.666664
7336,60,93,13.0,72.75
7337,60,94,13.0,72.833336
7338,60,95,13.0,72.916664
7339,60,96,13.0,73.0
7340,60,97,13.0,73.083336
7341,60,98,13.0,73.166664
7342,60,99,13.0,73.25
7343,60,100,13.0,73.333336
7344,60,101,13.0,73.416664
7345,60,102,13.0,73.5
7346,60,103,13.0,73.583336
7347,60,104,13.0,73.666664
7348,60,105,13.0,73.75
7349,60,106,13.0,73.833336
7350,60,107,13.0,73.916664
7351,60,108,13.0,74.0
7352,60,109,13.0,74.083336
7353,60,110,13.0,74.166664
7354,60,111,13.0,74.25
7355,60,112,13.0,74.333336
7356,60,113,13.0,74.416664
7357,60,114,13.0,74.5
7358,60,115,13.0,74.583336
7359,60,116,13.0,74.666664
7360,60,117,13.0,74.75
7361,61,0,13.083333,65.0
7362,61,1,13.083333,65.083336
7363,61,2,13.083333,65.166664
7364,61,3,13.083333,65.25
7365,61,4,13.083333,65.333336
7366,61,5,13.083333,65.416664
7367,61,6,13.083333,65.5
7368,61,7,13.083333,65.583336
7369,61,8,13.083333,65.666664
7370,61,9,13.083333,65.75
7371,61,10,13.083333,65.833336
7372,61,11,13.083333,65.916664
7373,61,12,13.083333,66.0
7374,61,13,13.083333,66.083336
7375,61,14,13.083333,66.166664
7376,61,15,13.083333,66.25
7377,61,16,13.083333,66.333336
7378,61,17,13.083333,66.416664
7379,61,18,13.083333,66.5
7380,61,19,13.083333,66.583336
7381,61,20,13.083333,66.666664
7382,61,21,13.083333,66.75
7383,61,22,13.083333,66.833336
7384,61,23,13.083333,66.916664
7385,61,24,13.083333,67.0
7386,61,25,13.083333,67.083336
7387,61,26,13.083333,67.166664
7388,61,27,13.083333,67.25
7389,61,28,13.083333,67.333336
7390,61,29,13.083333,67.416664
7391,61,30,13.083333,67.5
7392,61,31,13.083333,67.583336
7393,61,32,13.083333,67.666664
7394,61,33,13.083333,67.75
7395,61,34,13.083333,67.833336
7396,61,35,13.083333,67.916664
7397,61,36,13.083333,68.0
7398,61,37,13.083333,68.083336
7399,61,38,13.083333,68.166664
7400,61,39,13.083333,68.25
7401,61,40,13.083333,68.333336
7402,61,41,13.083333,68.416664
7403,61,42,13.083333,68.5
7404,61,43,13.083333,68.583336
7405,61,44,13.083333,68.666664
7406,61,45,13.083333,68.75
7407,61,46,13.083333,68.833336
7408,61,47,13.083333,68.916664
7409,61,48,13.083333,69.0
7410,61,49,13.083333,69.083336
7411,61,50,13.083333,69.166664
7412,61,51,13.083333,69.25
7413,61,52,13.083333,69.333336
7414,61,53,13.083333,69.416664
7415,61,54,13.083333,69.5
7416,61,55,13.083333,69.583336
7417,61,56,13.083333,69.666664
7418,61,57,13.083333,69.75
7419,61,58,13.083333,69.833336
7420,61,59,13.083333,69.916664
7421,61,60,13.083333,70.0
7422,61,61,13.083333,70.083336
7423,61,62,13.083333,70.166664
7424,61,63,13.083333,70.25
7425,61,64,13.083333,70.333336
7426,61,65,13.083333,70.416664
7427,61,66,13.083333,70.5
7428,61,67,13.083333,70.583336
7429,61,68,13.083333,70.666664
7430,61,69,13.083333,70.75
7431,61,70,13.083333,70.833336
7432,61,71,13.083333,70.916664
7433,61,72,13.083333,71.0
7434,61,73,13.083333,71.083336
7435,61,74,13.083333,71.166664
7436,61,75,13.083333,71.25
7437,61,76,13.083333,71.333336
7438,61,77,13.083333,71.416664
7439,61,78,13.083333,71.5
7440,61,79,13.083333,71.583336
7441,61,80,13.083333,71.666664
7442,61,81,13.083333,71.75
7443,61,82,13.083333,71.833336
7444,61,83,13.083333,71.916664
7445,61,84,13.083333,72.0
7446,61,85,13.083333,72.083336
7447,61,86,13.083333,72.166664
7448,61,87,13.083333,72.25
7449,61,88,13.083333,72.333336
7450,61,89,13.083333,72.416664
7451,61,90,13.083333,72.5
7452,61,91,13.083333,72.583336
7453,61,92,13.083333,72.666664
7454,61,93,13.083333,72.75
7455,61,94,13.083333,72.833336
7456,61,95,13.083333,72.916664
7457,61,96,13.083333,73.0
7458,61,97,13.083333,73.083336
7459,61,98,13.083333,73.166664
7460,61,99,13.083333,73.25
7461,61,100,13.083333,73.333336
7462,61,101,13.083333,73.416664
7463,61,102,13.083333,73.5
7464,61,103,13.083333,73.583336
7465,61,104,13.083333,73.666664
7466,61,105,13.083333,73.75
7467,61,106,13.083333,73.833336
7468,61,107,13.083333,73.916664
7469,61,108,13.083333,74.0
7470,61,109,13.083333,74.083336
7471,61,110,13.083333,74.166664
7472,61,111,13.083333,74.25
7473,61,112,13.083333,74.333336
7474,61,113,13.083333,74.416664
7475,61,114,13.083333,74.5
7476,61,115,13.083333,74.583336
7477,61,116,13.083333,74.666664
7478,61,117,13.083333,74.75
7479,62,0,13.166667,65.0
7480,62,1,13.166667,65.083336
7481,62,2,13.166667,65.166664
7482,62,3,13.166667,65.25
7483,62,4,13.166667,65.333336
7484,62,5,13.166667,65.416664
7485,62,6,13.166667,65.5
7486,62,7,13.166667,65.583336
7487,62,8,13.166667,65.666664
7488,62,9,13.166667,65.75
7489,62,10,13.166667,65.833336
7490,62,11,13.166667,65.916664
7491,62,12,13.166667,66.0
7492,62,13,13.166667,66.083336
7493,62,14,13.166667,66.166664
7494,62,15,13.166667,66.25
7495,62,16,13.166667,66.333336
7496,62,17,13.166667,66.416664
7497,62,18,13.166667,66.5
7498,62,19,13.166667,66.583336
7499,62,20,13.166667,66.666664
7500,62,21,13.166667,66.75
7501,62,22,13.166667,66.833336
7502,62,23,13.166667,66.916664
7503,62,24,13.166667,67.0
7504,62,25,13.166667,67.083336
7505,62,26,13.166667,67.166664
7506,62,27,13.166667,67.25
7507,62,28,13.166667,67.333336
7508,62,29,13.166667,67.416664
7509,62,30,13.166667,67.5
7510,62,31,13.166667,67.583336
7511,62,32,13.166667,67.666664
7512,62,33,13.166667,67.75
7513,62,34,13.166667,67.833336
7514,62,35,13.166667,67.916664
7515,62,36,13.166667,68.0
7516,62,37,13.166667,68.083336
7517,62,38,13.166667,68.166664
7518,62,39,13.166667,68.25
7519,62,40,13.166667,68.333336
7520,62,41,13.166667,68.416664
7521,62,42,13.166667,68.5
7522,62,43,13.166667,68.583336
7523,62,44,13.166667,68.666664
7524,62,45,13.166667,68.75
7525,62,46,13.166667,68.833336
7526,62,47,13.166667,68.916664
7527,62,48,13.166667,69.0
7528,62,49,13.166667,69.083336
7529,62,50,13.166667,69.166664
7530,62,51,13.166667,69.25
7531,62,52,13.166667,69.333336
7532,62,53,13.166667,69.416664
7533,62,54,13.166667,69.5
7534,62,55,13.166667,69.583336
7535,62,56,13.166667,69.666664
7536,62,57,13.166667,69.75
7537,62,58,13.166667,69.833336
7538,62,59,13.166667,69.916664
7539,62,60,13.166667,70.0
7540,62,61,13.166667,70.083336
7541,62,62,13.166667,70.166664
7542,62,63,13.166667,70.25
7543,62,64,13.166667,70.333336
7544,62,65,13.166667,70.416664
7545,62,66,13.166667,70.5
7546,62,67,13.166667,70.583336
7547,62,68,13.166667,70.666664
7548,62,69,13.166667,70.75
7549,62,70,13.166667,70.833336
7550,62,71,13.166667,70.916664
7551,62,72,13.166667,71.0
7552,62,73,13.166667,71.083336
7553,62,74,13.166667,71.166664
7554,62,75,13.166667,71.25
7555,62,76,13.166667,71.333336
7556,62,77,13.166667,71.416664
7557,62,78,13.166667,71.5
7558,62,79,13.166667,71.583336
7559,62,80,13.166667,71.666664
7560,62,81,13.166667,71.75
7561,62,82,13.166667,71.833336
7562,62,83,13.166667,71.916664
7563,62,84,13.166667,72.0
7564,62,85,13.166667,72.083336
7565,62,86,13.166667,72.166664
7566,62,87,13.166667,72.25
7567,62,88,13.166667,72.333336
7568,62,89,13.166667,72.416664
7569,62,90,13.166667,72.5
7570,62,91,13.166667,72.583336
7571,62,92,13.166667,72.666664
7572,62,93,13.166667,72.75
7573,62,94,13.166667,72.833336
7574,62,95,13.166667,72.916664
7575,62,96,13.166667,73.0
7576,62,97,13.166667,73.083336
7577,62,98,13.166667,73.166664
7578,62,99,13.166667,73.25
7579,62,100,13.166667,73.333336
7580,62,101,13.166667,73.416664
7581,62,102,13.166667,73.5
7582,62,103,13.166667,73.583336
7583,62,104,13.166667,73.666664
7584,62,105,13.166667,73.75
7585,62,106,13.166667,73.833336
7586,62,107,13.166667,73.916664
7587,62,108,13.166667,74.0
7588,62,109,13.166667,74.083336
7589,62,110,13.166667,74.166664
7590,62,111,13.166667,74.25
7591,62,112,13.166667,74.333336
7592,62,113,13.166667,74.416664
7593,62,114,13.166667,74.5
7594,62,115,13.166667,74.583336
7595,62,116,13.166667,74.666664
7596,62,117,13.166667,74.75
7597,63,0,13.25,65.0
7598,63,1,13.25,65.083336
7599,63,2,13.25,65.166664
7600,63,3,13.25,65.25
7601,63,4,13.25,65.333336
7602,63,5,13.25,65.416664
7603,63,6,13.25,65.5
7604,63,7,13.25,65.583336
7605,63,8,13.25,65.666664
7606,63,9,13.25,65.75
7607,63,10,13.25,65.833336
7608,63,11,13.25,65.916664
7609,63,12,13.25,66.0
7610,63,13,13.25,66.083336
7611,63,14,13.25,66.166664
7612,63,15,13.25,66.25
7613,63,16,13.25,66.333336
7614,63,17,13.25,66.416664
7615,63,18,13.25,66.5
7616,63,19,13.25,66.583336
7617,63,20,13.25,66.666664
7618,63,21,13.25,66.75
7619,63,22,13.25,66.833336
7620,63,23,13.25,66.916664
7621,63,24,13.25,67.0
7622,63,25,13.25,67.083336
7623,63,26,13.25,67.166664
7624,63,27,13.25,67.25
7625,63,28,13.25,67.333336
7626,63,29,13.25,67.416664
7627,63,30,13.25,67.5
7628,63,31,13.25,67.583336
7629,63,32,13.25,67.666664
7630,63,33,13.25,67.75
7631,63,34,13.25,67.833336
7632,63,35,13.25,67.916664
7633,63,36,13.25,68.0
7634,63,37,13.25,68.083336
7635,63,38,13.25,68.166664
7636,63,39,13.25,68.25
7637,63,40,13.25,68.333336
7638,63,41,13.25,68.416664
7639,63,42,13.25,68.5
7640,63,43,13.25,68.583336
7641,63,44,13.25,68.666664
7642,63,45,13.25,68.75
7643,63,46,13.25,68.833336
7644,63,47,13.25,68.916664
7645,63,48,13.25,69.0
7646,63,49,13.25,69.083336
7647,63,50,13.25,69.166664
7648,63,51,13.25,69.25
7649,63,52,13.25,69.333336
7650,63,53,13.25,69.416664
7651,63,54,13.25,69.5
7652,63,55,13.25,69.583336
7653,63,56,13.25,69.666664
7654,63,57,13.25,69.75
7655,63,58,13.25,69.833336
7656,63,59,13.25,69.916664
7657,63,60,13.25,70.0
7658,63,61,13.25,70.083336
7659,63,62,13.25,70.166664
7660,63,63,13.25,70.25
7661,63,64,13.25,70.333336
7662,63,65,13.25,70.416664
7663,63,66,13.25,70.5
7664,63,67,13.25,70.583336
7665,63,68,13.25,70.666664
7666,63,69,13.25,70.75
7667,63,70,13.25,70.833336
7668,63,71,13.25,70.916664
7669,63,72,13.25,71.0
7670,63,73,13.25,71.083336
7671,63,74,13.25,71.166664
7672,63,75,13.25,71.25
7673,63,76,13.25,71.333336
7674,63,77,13.25,71.416664
7675,63,78,13.25,71.5
7676,63,79,13.25,71.583336
7677,63,80,13.25,71.666664
7678,63,81,13.25,71.75
7679,63,82,13.25,71.833336
7680,63,83,13.25,71.916664
7681,63,84,13.25,72.0
7682,63,85,13.25,72.083336
7683,63,86,13.25,72.166664
7684,63,87,13.25,72.25
7685,63,88,13.25,72.333336
7686,63,89,13.25,72.416664
7687,63,90,13.25,72.5
7688,63,91,13.25,72.583336
7689,63,92,13.25,72.666664
7690,63,93,13.25,72.75
7691,63,94,13.25,72.833336
7692,63,95,13.25,72.916664
7693,63,96,13.25,73.0
7694,63,97,13.25,73.083336
7695,63,98,13.25,73.166664
7696,63,99,13.25,73.25
7697,63,100,13.25,73.333336
7698,63,101,13.25,73.416664
7699,63,102,13.25,73.5
7700,63,103,13.25,73.583336
7701,63,104,13.25,73.666664
7702,63,105,13.25,73.75
7703,63,106,13.25,73.833336
7704,63,107,13.25,73.916664
7705,63,108,13.25,74.0
7706,63,109,13.25,74.083336
7707,63,110,13.25,74.166664
7708,63,111,13.25,74.25
7709,63,112,13.25,74.333336
7710,63,113,13.25,74.416664
7711,63,114,13.25,74.5
7712,63,115,13.25,74.583336
7713,63,116,13.25,74.666664
7714,63,117,13.25,74.75
7715,64,0,13.333333,65.0
7716,64,1,13.333333,65.083336
7717,64,2,13.333333,65.166664
7718,64,3,13.333333,65.25
7719,64,4,13.333333,65.333336
7720,64,5,13.333333,65.416664
7721,64,6,13.333333,65.5
7722,64,7,13.333333,65.583336
7723,64,8,13.333333,65.666664
7724,64,9,13.333333,65.75
7725,64,10,13.333333,65.833336
7726,64,11,13.333333,65.916664
7727,64,12,13.333333,66.0
7728,64,13,13.333333,66.083336
7729,64,14,13.333333,66.166664
7730,64,15,13.333333,66.25
7731,64,16,13.333333,66.333336
7732,64,17,13.333333,66.416664
7733,64,18,13.333333,66.5
7734,64,19,13.333333,66.583336
7735,64,20,13.333333,66.666664
7736,64,21,13.333333,66.75
7737,64,22,13.333333,66.833336
7738,64,23,13.333333,66.916664
7739,64,24,13.333333,67.0
7740,64,25,13.333333,67.083336
7741,64,26,13.333333,67.166664
7742,64,27,13.333333,67.25
7743,64,28,13.333333,67.333336
7744,64,29,13.333333,67.416664
7745,64,30,13.333333,67.5
7746,64,31,13.333333,67.583336
7747,64,32,13.333333,67.666664
7748,64,33,13.333333,67.75
7749,64,34,13.333333,67.833336
7750,64,35,13.333333,67.916664
7751,64,36,13.333333,68.0
7752,64,37,13.333333,68.083336
7753,64,38,13.333333,68.166664
7754,64,39,13.333333,68.25
7755,64,40,13.333333,68.333336
7756,64,41,13.333333,68.416664
7757,64,42,13.333333,68.5
7758,64,43,13.333333,68.583336
7759,64,44,13.333333,68.666664
7760,64,45,13.333333,68.75
7761,64,46,13.333333,68.833336
7762,64,47,13.333333,68.916664
7763,64,48,13.333333,69.0
7764,64,49,13.333333,69.083336
7765,64,50,13.333333,69.166664
7766,64,51,13.333333,69.25
7767,64,52,13.333333,69.333336
7768,64,53,13.333333,69.416664
7769,64,54,13.333333,69.5
7770,64,55,13.333333,69.583336
7771,64,56,13.333333,69.666664
7772,64,57,13.333333,69.75
7773,64,58,13.333333,69.833336
7774,64,59,13.333333,69.916664
7775,64,60,13.333333,70.0
7776,64,61,13.333333,70.083336
7777,64,62,13.333333,70.166664
7778,64,63,13.333333,70.25
7779,64,64,13.333333,70.333336
7780,64,65,13.333333,70.416664
7781,64,66,13.333333,70.5
7782,64,67,13.333333,70.583336
7783,64,68,13.333333,70.666664
7784,64,69,13.333333,70.75
7785,64,70,13.333333,70.833336
7786,64,71,13.333333,70.916664
7787,64,72,13.333333,71.0
7788,64,73,13.333333,71.083336
7789,64,74,13.333333,71.166664
7790,64,75,13.333333,71.25
7791,64,76,13.333333,71.333336
7792,64,77,13.333333,71.416664
7793,64,78,13.333333,71.5
7794,64,79,13.333333,71.583336
7795,64,80,13.333333,71.666664
7796,64,81,13.333333,71.75
7797,64,82,13.333333,71.833336
7798,64,83,13.333333,71.916664
7799,64,84,13.333333,72.0
7800,64,85,13.333333,72.083336
7801,64,86,13.333333,72.166664
7802,64,87,13.333333,72.25
7803,64,88,13.333333,72.333336
7804,64,89,13.333333,72.416664
7805,64,90,13.333333,72.5
7806,64,91,13.333333,72.583336
7807,64,92,13.333333,72.666664
7808,64,93,13.333333,72.75
7809,64,94,13.333333,72.833336
7810,64,95,13.333333,72.916664
7811,64,96,13.333333,73.0
7812,64,97,13.333333,73.083336
7813,64,98,13.333333,73.166664
7814,64,99,13.333333,73.25
7815,64,100,13.333333,73.333336
7816,64,101,13.333333,73.416664
7817,64,102,13.333333,73.5
7818,64,103,13.333333,73.583336
7819,64,104,13.333333,73.666664
7820,64,105,13.333333,73.75
7821,64,106,13.333333,73.833336
7822,64,107,13.333333,73.916664
7823,64,108,13.333333,74.0
7824,64,109,13.333333,74.083336
7825,64,110,13.333333,74.166664
7826,64,111,13.333333,74.25
7827,64,112,13.333333,74.333336
7828,64,113,13.333333,74.416664
7829,64,114,13.333333,74.5
7830,64,115,13.333333,74.583336
7831,64,116,13.333333,74.666664
7832,64,117,13.333333,74.75
7833,65,0,13.416667,65.0
7834,65,1,13.416667,65.083336
7835,65,2,13.416667,65.166664
7836,65,3,13.416667,65.25
7837,65,4,13.416667,65.333336
7838,65,5,13.416667,65.416664
7839,65,6,13.416667,65.5
7840,65,7,13.416667,65.583336
7841,65,8,13.416667,65.666664
7842,65,9,13.416667,65.75
7843,65,10,13.416667,65.833336
7844,65,11,13.416667,65.916664
7845,65,12,13.416667,66.0
7846,65,13,13.416667,66.083336
7847,65,14,13.416667,66.166664
7848,65,15,13.416667,66.25
7849,65,16,13.416667,66.333336
7850,65,17,13.416667,66.416664
7851,65,18,13.416667,66.5
7852,65,19,13.416667,66.583336
7853,65,20,13.416667,66.666664
7854,65,21,13.416667,66.75
7855,65,22,13.416667,66.833336
7856,65,23,13.416667,66.916664
7857,65,24,13.416667,67.0
7858,65,25,13.416667,67.083336
7859,65,26,13.416667,67.166664
7860,65,27,13.416667,67.25
7861,65,28,13.416667,67.333336
7862,65,29,13.416667,67.416664
7863,65,30,13.416667,67.5
7864,65,31,13.416667,67.583336
7865,65,32,13.416667,67.666664
7866,65,33,13.416667,67.75
7867,65,34,13.416667,67.833336
7868,65,35,13.416667,67.916664
7869,65,36,13.416667,68.0
7870,65,37,13.416667,68.083336
7871,65,38,13.416667,68.166664
7872,65,39,13.416667,68.25
7873,65,40,13.416667,68.333336
7874,65,41,13.416667,68.416664
7875,65,42,13.416667,68.5
7876,65,43,13.416667,68.583336
7877,65,44,13.416667,68.666664
7878,65,45,13.416667,68.75
7879,65,46,13.416667,68.833336
7880,65,47,13.416667,68.916664
7881,65,48,13.416667,69.0
7882,65,49,13.416667,69.083336
7883,65,50,13.416667,69.166664
7884,65,51,13.416667,69.25
7885,65,52,13.416667,69.333336
7886,65,53,13.416667,69.416664
7887,65,54,13.416667,69.5
7888,65,55,13.416667,69.583336
7889,65,56,13.416667,69.666664
7890,65,57,13.416667,69.75
7891,65,58,13.416667,69.833336
7892,65,59,13.416667,69.916664
7893,65,60,13.416667,70.0
7894,65,61,13.416667,70.083336
7895,65,62,13.416667,70.166664
7896,65,63,13.416667,70.25
7897,65,64,13.416667,70.333336
7898,65,65,13.416667,70.416664
7899,65,66,13.416667,70.5
7900,65,67,13.416667,70.583336
7901,65,68,13.416667,70.666664
7902,65,69,13.416667,70.75
7903,65,70,13.416667,70.833336
7904,65,71,13.416667,70.916664
7905,65,72,13.416667,71.0
7906,65,73,13.416667,71.083336
7907,65,74,13.416667,71.166664
7908,65,75,13.416667,71.25
7909,65,76,13.416667,71.333336
7910,65,77,13.416667,71.416664
7911,65,78,13.416667,71.5
7912,65,79,13.416667,71.583336
7913,65,80,13.416667,71.666664
7914,65,81,13.416667,71.75
7915,65,82,13.416667,71.833336
7916,65,83,13.416667,71.916664
7917,65,84,13.416667,72.0
7918,65,85,13.416667,72.083336
7919,65,86,13.416667,72.166664
7920,65,87,13.416667,72.25
7921,65,88,13.416667,72.333336
7922,65,89,13.416667,72.416664
7923,65,90,13.416667,72.5
7924,65,91,13.416667,72.583336
7925,65,92,13.416667,72.666664
7926,65,93,13.416667,72.75
7927,65,94,13.416667,72.833336
7928,65,95,13.416667,72.916664
7929,65,96,13.416667,73.0
7930,65,97,13.416667,73.083336
7931,65,98,13.416667,73.166664
7932,65,99,13.416667,73.25
7933,65,100,13.416667,73.333336
7934,65,101,13.416667,73.416664
7935,65,102,13.416667,73.5
7936,65,103,13.416667,73.583336
7937,65,104,13.416667,73.666664
7938,65,105,13.416667,73.75
7939,65,106,13.416667,73.833336
7940,65,107,13.416667,73.916664
7941,65,108,13.416667,74.0
7942,65,109,13.416667,74.083336
7943,65,110,13.416667,74.166664
7944,65,111,13.416667,74.25
7945,65,112,13.416667,74.333336
7946,65,113,13.416667,74.416664
7947,65,114,13.416667,74.5
7948,65,115,13.416667,74.583336
7949,65,116,13.416667,74.666664
7950,66,0,13.5,65.0
7951,66,1,13.5,65.083336
7952,66,2,13.5,65.166664
7953,66,3,13.5,65.25
7954,66,4,13.5,65.333336
7955,66,5,13.5,65.416664
7956,66,6,13.5,65.5
7957,66,7,13.5,65.583336
7958,66,8,13.5,65.666664
7959,66,9,13.5,65.75
7960,66,10,13.5,65.833336
7961,66,11,13.5,65.916664
7962,66,12,13.5,66.0
7963,66,13,13.5,66.083336
7964,66,14,13.5,66.166664
7965,66,15,13.5,66.25
7966,66,16,13.5,66.333336
7967,66,17,13.5,66.416664
7968,66,18,13.5,66.5
7969,66,19,13.5,66.583336
7970,66,20,13.5,66.666664
7971,66,21,13.5,66.75
7972,66,22,13.5,66.833336
7973,66,23,13.5,66.916664
7974,66,24,13.5,67.0
7975,66,25,13.5,67.083336
7976,66,26,13.5,67.166664
7977,66,27,13.5,67.25
7978,66,28,13.5,67.333336
7979,66,29,13.5,67.416664
7980,66,30,13.5,67.5
7981,66,31,13.5,67.583336
7982,66,32,13.5,67.666664
7983,66,33,13.5,67.75
7984,66,34,13.5,67.833336
7985,66,35,13.5,67.916664
7986,66,36,13.5,68.0
7987,66,37,13.5,68.083336
7988,66,38,13.5,68.166664
7989,66,39,13.5,68.25
7990,66,40,13.5,68.333336
7991,66,41,13.5,68.416664
7992,66,42,13.5,68.5
7993,66,43,13.5,68.583336
7994,66,44,13.5,68.666664
7995,66,45,13.5,68.75
7996,66,46,13.5,68.833336
7997,66,47,13.5,68.916664
7998,66,48,13.5,69.0
7999,66,49,13.5,69.083336
8000,66,50,13.5,69.166664
8001,66,51,13.5,69.25
8002,66,52,13.5,69.333336
8003,66,53,13.5,69.416664
8004,66,54,13.5,69.5
8005,66,55,13.5,69.583336
8006,66,56,13.5,69.666664
8007,66,57,13.5,69.75
8008,66,58,13.5,69.833336
8009,66,59,13.5,69.916664
8010,66,60,13.5,70.0
8011,66,61,13.5,70.083336
8012,66,62,13.5,70.166664
8013,66,63,13.5,70.25
8014,66,64,13.5,70.333336
8015,66,65,13.5,70.416664
8016,66,66,13.5,70.5
8017,66,67,13.5,70.583336
8018,66,68,13.5,70.666664
8019,66,69,13.5,70.75
8020,66,70,13.5,70.833336
8021,66,71,13.5,70.916664
8022,66,72,13.5,71.0
8023,66,73,13.5,71.083336
8024,66,74,13.5,71.166664
8025,66,75,13.5,71.25
8026,66,76,13.5,71.333336
8027,66,77,13.5,71.416664
8028,66,78,13.5,71.5
8029,66,79,13.5,71.583336
8030,66,80,13.5,71.666664
8031,66,81,13.5,71.75
8032,66,82,13.5,71.833336
8033,66,83,13.5,71.916664
8034,66,84,13.5,72.0
8035,66,85,13.5,72.083336
8036,66,86,13.5,72.166664
8037,66,87,13.5,72.25
8038,66,88,13.5,72.333336
8039,66,89,13.5,72.416664
8040,66,90,13.5,72.5
8041,66,91,13.5,72.583336
8042,66,92,13.5,72.666664
8043,66,93,13.5,72.75
8044,66,94,13.5,72.833336
8045,66,95,13.5,72.916664
8046,66,96,13.5,73.0
8047,66,97,13.5,73.083336
8048,66,98,13.5,73.166664
8049,66,99,13.5,73.25
8050,66,100,13.5,73.333336
8051,66,101,13.5,73.416664
8052,66,102,13.5,73.5
8053,66,103,13.5,73.583336
8054,66,104,13.5,73.666664
8055,66,105,13.5,73.75
8056,66,106,13.5,73.833336
8057,66,107,13.5,73.916664
8058,66,108,13.5,74.0
8059,66,109,13.5,74.083336
8060,66,110,13.5,74.166664
8061,66,111,13.5,74.25
8062,66,112,13.5,74.333336
8063,66,113,13.5,74.416664
8064,66,114,13.5,74.5
8065,66,115,13.5,74.583336
8066,66,116,13.5,74.666664
8067,67,0,13.583333,65.0
8068,67,1,13.583333,65.083336
8069,67,2,13.583333,65.166664
8070,67,3,13.583333,65.25
8071,67,4,13.583333,65.333336
8072,67,5,13.583333,65.416664
8073,67,6,13.583333,65.5
8074,67,7,13.583333,65.583336
8075,67,8,13.583333,65.666664
8076,67,9,13.583333,65.75
8077,67,10,13.583333,65.833336
8078,67,11,13.583333,65.916664
8079,67,12,13.583333,66.0
8080,67,13,13.583333,66.083336
8081,67,14,13.583333,66.166664
8082,67,15,13.583333,66.25
8083,67,16,13.583333,66.333336
8084,67,17,13.583333,66.416664
8085,67,18,13.583333,66.5
8086,67,19,13.583333,66.583336
8087,67,20,13.583333,66.666664
8088,67,21,13.583333,66.75
8089,67,22,13.583333,66.833336
8090,67,23,13.583333,66.916664
8091,67,24,13.583333,67.0
8092,67,25,13.583333,67.083336
8093,67,26,13.583333,67.166664
8094,67,27,13.583333,67.25
8095,67,28,13.583333,67.333336
8096,67,29,13.583333,67.416664
8097,67,30,13.583333,67.5
8098,67,31,13.583333,67.583336
8099,67,32,13.583333,67.666664
8100,67,33,13.583333,67.75
8101,67,34,13.583333,67.833336
8102,67,35,13.583333,67.916664
8103,67,36,13.583333,68.0
8104,67,37,13.583333,68.083336
8105,67,38,13.583333,68.166664
8106,67,39,13.583333,68.25
8107,67,40,13.583333,68.333336
8108,67,41,13.583333,68.416664
8109,67,42,13.583333,68.5
8110,67,43,13.583333,68.583336
8111,67,44,13.583333,68.666664
8112,67,45,13.583333,68.75
8113,67,46,13.583333,68.833336
8114,67,47,13.583333,68.916664
8115,67,48,13.583333,69.0
8116,67,49,13.583333,69.083336
8117,67,50,13.583333,69.166664
8118,67,51,13.583333,69.25
8119,67,52,13.583333,69.333336
8120,67,53,13.583333,69.416664
8121,67,54,13.583333,69.5
8122,67,55,13.583333,69.583336
8123,67,56,13.583333,69.666664
8124,67,57,13.583333,69.75
8125,67,58,13.583333,69.833336
8126,67,59,13.583333,69.916664
8127,67,60,13.583333,70.0
8128,67,61,13.583333,70.083336
8129,67,62,13.583333,70.166664
8130,67,63,13.583333,70.25
8131,67,64,13.583333,70.333336
8132,67,65,13.583333,70.416664
8133,67,66,13.583333,70.5
8134,67,67,13.583333,70.583336
8135,67,68,13.583333,70.666664
8136,67,69,13.583333,70.75
8137,67,70,13.583333,70.833336
8138,67,71,13.583333,70.916664
8139,67,72,13.583333,71.0
8140,67,73,13.583333,71.083336
8141,67,74,13.583333,71.166664
8142,67,75,13.583333,71.25
8143,67,76,13.583333,71.333336
8144,67,77,13.583333,71.416664
8145,67,78,13.583333,71.5
8146,67,79,13.583333,71.583336
8147,67,80,13.583333,71.666664
8148,67,81,13.583333,71.75
8149,67,82,13.583333,71.833336
8150,67,83,13.583333,71.916664
8151,67,84,13.583333,72.0
8152,67,85,13.583333,72.083336
8153,67,86,13.583333,72.166664
8154,67,87,13.583333,72.25
8155,67,88,13.583333,72.333336
8156,67,89,13.583333,72.416664
8157,67,90,13.583333,72.5
8158,67,91,13.583333,72.583336
8159,67,92,13.583333,72.666664
8160,67,93,13.583333,72.75
8161,67,94,13.583333,72.833336
8162,67,95,13.583333,72.916664
8163,67,96,13.583333,73.0
8164,67,97,13.583333,73.083336
8165,67,98,13.583333,73.166664
8166,67,99,13.583333,73.25
8167,67,100,13.583333,73.333336
8168,67,101,13.583333,73.416664
8169,67,102,13.583333,73.5
8170,67,103,13.583333,73.583336
8171,67,104,13.583333,73.666664
8172,67,105,13.583333,73.75
8173,67,106,13.583333,73.833336
8174,67,107,13.583333,73.916664
8175,67,108,13.583333,74.0
8176,67,109,13.583333,74.083336
8177,67,110,13.583333,74.166664
8178,67,111,13.583333,74.25
8179,67,112,13.583333,74.333336
8180,67,113,13.583333,74.416664
8181,67,114,13.583333,74.5
8182,67,115,13.583333,74.583336
8183,67,116,13.583333,74.666664
8184,68,0,13.666667,65.0
8185,68,1,13.666667,65.083336
8186,68,2,13.666667,65.166664
8187,68,3,13.666667,65.25
8188,68,4,13.666667,65.333336
8189,68,5,13.666667,65.416664
8190,68,6,13.666667,65.5
8191,68,7,13.666667,65.583336
8192,68,8,13.666667,65.666664
8193,68,9,13.666667,65.75
8194,68,10,13.666667,65.833336
8195,68,11,13.666667,65.916664
8196,68,12,13.666667,66.0
8197,68,13,13.666667,66.083336
8198,68,14,13.666667,66.166664
8199,68,15,13.666667,66.25
8200,68,16,13.666667,66.333336
8201,68,17,13.666667,66.416664
8202,68,18,13.666667,66.5
8203,68,19,13.666667,66.583336
8204,68,20,13.666667,66.666664
8205,68,21,13.666667,66.75
8206,68,22,13.666667,66.833336
8207,68,23,13.666667,66.916664
8208,68,24,13.666667,67.0
8209,68,25,13.666667,67.083336
8210,68,26,13.666667,67.166664
8211,68,27,13.666667,67.25
8212,68,28,13.666667,67.333336
8213,68,29,13.666667,67.416664
8214,68,30,13.666667,67.5
8215,68,31,13.666667,67.583336
8216,68,32,13.666667,67.666664
8217,68,33,13.666667,67.75
8218,68,34,13.666667,67.833336
8219,68,35,13.666667,67.916664
8220,68,36,13.666667,68.0
8221,68,37,13.666667,68.083336
8222,68,38,13.666667,68.166664
8223,68,39,13.666667,68.25
8224,68,40,13.666667,68.333336
8225,68,41,13.666667,68.416664
8226,68,42,13.666667,68.5
8227,68,43,13.666667,68.583336
8228,68,44,13.666667,68.666664
8229,68,45,13.666667,68.75
8230,68,46,13.666667,68.833336
8231,68,47,13.666667,68.916664
8232,68,48,13.666667,69.0
8233,68,49,13.666667,69.083336
8234,68,50,13.666667,69.166664
8235,68,51,13.666667,69.25
8236,68,52,13.666667,69.333336
8237,68,53,13.666667,69.416664
8238,68,54,13.666667,69.5
8239,68,55,13.666667,69.583336
8240,68,56,13.666667,69.666664
8241,68,57,13.666667,69.75
8242,68,58,13.666667,69.833336
8243,68,59,13.666667,69.916664
8244,68,60,13.666667,70.0
8245,68,61,13.666667,70.083336
8246,68,62,13.666667,70.166664
8247,68,63,13.666667,70.25
8248,68,64,13.666667,70.333336
8249,68,65,13.666667,70.416664
8250,68,66,13.666667,70.5
8251,68,67,13.666667,70.583336
8252,68,68,13.666667,70.666664
8253,68,69,13.666667,70.75
8254,68,70,13.666667,70.833336
8255,68,71,13.666667,70.916664
8256,68,72,13.666667,71.0
8257,68,73,13.666667,71.083336
8258,68,74,13.666667,71.166664
8259,68,75,13.666667,71.25
8260,68,76,13.666667,71.333336
8261,68,77,13.666667,71.416664
8262,68,78,13.666667,71.5
8263,68,79,13.666667,71.583336
8264,68,80,13.666667,71.666664
8265,68,81,13.666667,71.75
8266,68,82,13.666667,71.833336
8267,68,83,13.666667,71.916664
8268,68,84,13.666667,72.0
8269,68,85,13.666667,72.083336
8270,68,86,13.666667,72.166664
8271,68,87,13.666667,72.25
8272,68,88,13.666667,72.333336
8273,68,89,13.666667,72.416664
8274,68,90,13.666667,72.5
8275,68,91,13.666667,72.583336
8276,68,92,13.666667,72.666664
8277,68,93,13.666667,72.75
8278,68,94,13.666667,72.833336
8279,68,95,13.666667,72.916664
8280,68,96,13.666667,73.0
8281,68,97,13.666667,73.083336
8282,68,98,13.666667,73.166664
8283,68,99,13.666667,73.25
8284,68,100,13.666667,73.333336
8285,68,101,13.666667,73.416664
8286,68,102,13.666667,73.5
8287,68,103,13.666667,73.583336
8288,68,104,13.666667,73.666664
8289,68,105,13.666667,73.75
8290,68,106,13.666667,73.833336
8291,68,107,13.666667,73.916664
8292,68,108,13.666667,74.0
8293,68,109,13.666667,74.083336
8294,68,110,13.666667,74.166664
8295,68,111,13.666667,74.25
8296,68,112,13.666667,74.333336
8297,68,113,13.666667,74.416664
8298,68,114,13.666667,74.5
8299,68,115,13.666667,74.583336
8300,68,116,13.666667,74.666664
8301,69,0,13.75,65.0
8302,69,1,13.75,65.083336
8303,69,2,13.75,65.166664
8304,69,3,13.75,65.25
8305,69,4,13.75,65.333336
8306,69,5,13.75,65.416664
8307,69,6,13.75,65.5
8308,69,7,13.75,65.583336
8309,69,8,13.75,65.666664
8310,69,9,13.75,65.75
8311,69,10,13.75,65.833336
8312,69,11,13.75,65.916664
8313,69,12,13.75,66.0
8314,69,13,13.75,66.083336
8315,69,14,13.75,66.166664
8316,69,15,13.75,66.25
8317,69,16,13.75,66.333336
8318,69,17,13.75,66.416664
8319,69,18,13.75,66.5
8320,69,19,13.75,66.583336
8321,69,20,13.75,66.666664
8322,69,21,13.75,66.75
8323,69,22,13.75,66.833336
8324,69,23,13.75,66.916664
8325,69,24,13.75,67.0
8326,69,25,13.75,67.083336
8327,69,26,13.75,67.166664
8328,69,27,13.75,67.25
8329,69,28,13.75,67.333336
8330,69,29,13.75,67.416664
8331,69,30,13.75,67.5
8332,69,31,13.75,67.583336
8333,69,32,13.75,67.666664
8334,69,33,13.75,67.75
8335,69,34,13.75,67.833336
8336,69,35,13.75,67.916664
8337,69,36,13.75,68.0
8338,69,37,13.75,68.083336
8339,69,38,13.75,68.166664
8340,69,39,13.75,68.25
8341,69,40,13.75,68.333336
8342,69,41,13.75,68.416664
8343,69,42,13.75,68.5
8344,69,43,13.75,68.583336
8345,69,44,13.75,68.666664
8346,69,45,13.75,68.75
8347,69,46,13.75,68.833336
8348,69,47,13.75,68.916664
8349,69,48,13.75,69.0
8350,69,49,13.75,69.083336
8351,69,50,13.75,69.166664
8352,69,51,13.75,69.25
8353,69,52,13.75,69.333336
8354,69,53,13.75,69.416664
8355,69,54,13.75,69.5
8356,69,55,13.75,69.583336
8357,69,56,13.75,69.666664
8358,69,57,13.75,69.75
8359,69,58,13.75,69.833336
8360,69,59,13.75,69.916664
8361,69,60,13.75,70.0
8362,69,61,13.75,70.083336
8363,69,62,13.75,70.166664
8364,69,63,13.75,70.25
8365,69,64,13.75,70.333336
8366,69,65,13.75,70.416664
8367,69,66,13.75,70.5
8368,69,67,13.75,70.583336
8369,69,68,13.75,70.666664
8370,69,69,13.75,70.75
8371,69,70,13.75,70.833336
8372,69,71,13.75,70.916664
8373,69,72,13.75,71.0
8374,69,73,13.75,71.083336
8375,69,74,13.75,71.166664
8376,69,75,13.75,71.25
8377,69,76,13.75,71.333336
8378,69,77,13.75,71.416664
8379,69,78,13.75,71.5
8380,69,79,13.75,71.583336
8381,69,80,13.75,71.666664
8382,69,81,13.75,71.75
8383,69,82,13.75,71.833336
8384,69,83,13.75,71.916664
8385,69,84,13.75,72.0
8386,69,85,13.75,72.083336
8387,69,86,13.75,72.166664
8388,69,87,13.75,72.25
8389,69,88,13.75,72.333336
8390,69,89,13.75,72.416664
8391,69,90,13.75,72.5
8392,69,91,13.75,72.583336
8393,69,92,13.75,72.666664
8394,69,93,13.75,72.75
8395,69,94,13.75,72.833336
8396,69,95,13.75,72.916664
8397,69,96,13.75,73.0
8398,69,97,13.75,73.083336
8399,69,98,13.75,73.166664
8400,69,99,13.75,73.25
8401,69,100,13.75,73.333336
8402,69,101,13.75,73.416664
8403,69,102,13.75,73.5
8404,69,103,13.75,73.583336
8405,69,104,13.75,73.666664
8406,69,105,13.75,73.75
8407,69,106,13.75,73.833336
8408,69,107,13.75,73.916664
8409,69,108,13.75,74.0
8410,69,109,13.75,74.083336
8411,69,110,13.75,74.166664
8412,69,111,13.75,74.25
8413,69,112,13.75,74.333336
8414,69,113,13.75,74.416664
8415,69,114,13.75,74.5
8416,69,115,13.75,74.583336
8417,70,0,13.833333,65.0
8418,70,1,13.833333,65.083336
8419,70,2,13.833333,65.166664
8420,70,3,13.833333,65.25
8421,70,4,13.833333,65.333336
8422,70,5,13.833333,65.416664
8423,70,6,13.833333,65.5
8424,70,7,13.833333,65.583336
8425,70,8,13.833333,65.666664
8426,70,9,13.833333,65.75
8427,70,10,13.833333,65.833336
8428,70,11,13.833333,65.916664
8429,70,12,13.833333,66.0
8430,70,13,13.833333,66.083336
8431,70,14,13.833333,66.166664
8432,70,15,13.833333,66.25
8433,70,16,13.833333,66.333336
8434,70,17,13.833333,66.416664
8435,70,18,13.833333,66.5
8436,70,19,13.833333,66.583336
8437,70,20,13.833333,66.666664
8438,70,21,13.833333,66.75
8439,70,22,13.833333,66.833336
8440,70,23,13.833333,66.916664
8441,70,24,13.833333,67.0
8442,70,25,13.833333,67.083336
8443,70,26,13.833333,67.166664
8444,70,27,13.833333,67.25
8445,70,28,13.833333,67.333336
8446,70,29,13.833333,67.416664
8447,70,30,13.833333,67.5
8448,70,31,13.833333,67.583336
8449,70,32,13.833333,67.666664
8450,70,33,13.833333,67.75
8451,70,34,13.833333,67.833336
8452,70,35,13.833333,67.916664
8453,70,36,13.833333,68.0
8454,70,37,13.833333,68.083336
8455,70,38,13.833333,68.166664
8456,70,39,13.833333,68.25
8457,70,40,13.833333,68.333336
8458,70,41,13.833333,68.416664
8459,70,42,13.833333,68.5
8460,70,43,13.833333,68.583336
8461,70,44,13.833333,68.666664
8462,70,45,13.833333,68.75
8463,70,46,13.833333,68.833336
8464,70,47,13.833333,68.916664
8465,70,48,13.833333,69.0
8466,70,49,13.833333,69.083336
8467,70,50,13.833333,69.166664
8468,70,51,13.833333,69.25
8469,70,52,13.833333,69.333336
8470,70,53,13.833333,69.416664
8471,70,54,13.833333,69.5
8472,70,55,13.833333,69.583336
8473,70,56,13.833333,69.666664
8474,70,57,13.833333,69.75
8475,70,58,13.833333,69.833336
8476,70,59,13.833333,69.916664
8477,70,60,13.833333,70.0
8478,70,61,13.833333,70.083336
8479,70,62,13.833333,70.166664
8480,70,63,13.833333,70.25
8481,70,64,13.833333,70.333336
8482,70,65,13.833333,70.416664
8483,70,66,13.833333,70.5
8484,70,67,13.833333,70.583336
8485,70,68,13.833333,70.666664
8486,70,69,13.833333,70.75
8487,70,70,13.833333,70.833336
8488,70,71,13.833333,70.916664
8489,70,72,13.833333,71.0
8490,70,73,13.833333,71.083336
8491,70,74,13.833333,71.166664
8492,70,75,13.833333,71.25
8493,70,76,13.833333,71.333336
8494,70,77,13.833333,71.416664
8495,70,78,13.833333,71.5
8496,70,79,13.833333,71.583336
8497,70,80,13.833333,71.666664
8498,70,81,13.833333,71.75
8499,70,82,13.833333,71.833336
8500,70,83,13.833333,71.916664
8501,70,84,13.833333,72.0
8502,70,85,13.833333,72.083336
8503,70,86,13.833333,72.166664
8504,70,87,13.833333,72.25
8505,70,88,13.833333,72.333336
8506,70,89,13.833333,72.416664
8507,70,90,13.833333,72.5
8508,70,91,13.833333,72.583336
8509,70,92,13.833333,72.666664
8510,70,93,13.833333,72.75
8511,70,94,13.833333,72.833336
8512,70,95,13.833333,72.916664
8513,70,96,13.833333,73.0
8514,70,97,13.833333,73.083336
8515,70,98,13.833333,73.166664
8516,70,99,13.833333,73.25
8517,70,100,13.833333,73.333336
8518,70,101,13.833333,73.416664
8519,70,102,13.833333,73.5
8520,70,103,13.833333,73.583336
8521,70,104,13.833333,73.666664
8522,70,105,13.833333,73.75
8523,70,106,13.833333,73.833336
8524,70,107,13.833333,73.916664
8525,70,108,13.833333,74.0
8526,70,109,13.833333,74.083336
8527,70,110,13.833333,74.166664
8528,70,111,13.833333,74.25
8529,70,112,13.833333,74.333336
8530,70,113,13.833333,74.416664
8531,70,114,13.833333,74.5
8532,70,115,13.833333,74.583336
8533,71,0,13.916667,65.0
8534,71,1,13.916667,65.083336
8535,71,2,13.916667,65.166664
8536,71,3,13.916667,65.25
8537,71,4,13.916667,65.333336
8538,71,5,13.916667,65.416664
8539,71,6,13.916667,65.5
8540,71,7,13.916667,65.583336
8541,71,8,13.916667,65.666664
8542,71,9,13.916667,65.75
8543,71,10,13.916667,65.833336
8544,71,11,13.916667,65.916664
8545,71,12,13.916667,66.0
8546,71,13,13.916667,66.083336
8547,71,14,13.916667,66.166664
8548,71,15,13.916667,66.25
8549,71,16,13.916667,66.333336
8550,71,17,13.916667,66.416664
8551,71,18,13.916667,66.5
8552,71,19,13.916667,66.583336
8553,71,20,13.916667,66.666664
8554,71,21,13.916667,66.75
8555,71,22,13.916667,66.833336
8556,71,23,13.916667,66.916664
8557,71,24,13.916667,67.0
8558,71,25,13.916667,67.083336
8559,71,26,13.916667,67.166664
8560,71,27,13.916667,67.25
8561,71,28,13.916667,67.333336
8562,71,29,13.916667,67.416664
8563,71,30,13.916667,67.5
8564,71,31,13.916667,67.583336
8565,71,32,13.916667,67.666664
8566,71,33,13.916667,67.75
8567,71,34,13.916667,67.833336
8568,71,35,13.916667,67.916664
8569,71,36,13.916667,68.0
8570,71,37,13.916667,68.083336
8571,71,38,13.916667,68.166664
8572,71,39,13.916667,68.25
8573,71,40,13.916667,68.333336
8574,71,41,13.916667,68.416664
8575,71,42,13.916667,68.5
8576,71,43,13.916667,68.583336
8577,71,44,13.916667,68.666664
8578,71,45,13.916667,68.75
8579,71,46,13.916667,68.833336
8580,71,47,13.916667,68.916664
8581,71,48,13.916667,69.0
8582,71,49,13.916667,69.083336
8583,71,50,13.916667,69.166664
8584,71,51,13.916667,69.25
8585,71,52,13.916667,69.333336
8586,71,53,13.916667,69.416664
8587,71,54,13.916667,69.5
8588,71,55,13.916667,69.583336
8589,71,56,13.916667,69.666664
8590,71,57,13.916667,69.75
8591,71,58,13.916667,69.833336
8592,71,59,13.916667,69.916664
8593,71,60,13.916667,70.0
8594,71,61,13.916667,70.083336
8595,71,62,13.916667,70.166664
8596,71,63,13.916667,70.25
8597,71,64,13.916667,70.333336
8598,71,65,13.916667,70.416664
8599,71,66,13.916667,70.5
8600,71,67,13.916667,70.583336
8601,71,68,13.916667,70.666664
8602,71,69,13.916667,70.75
8603,71,70,13.916667,70.833336
8604,71,71,13.916667,70.916664
8605,71,72,13.916667,71.0
8606,71,73,13.916667,71.083336
8607,71,74,13.916667,71.166664
8608,71,75,13.916667,71.25
8609,71,76,13.916667,71.333336
8610,71,77,13.916667,71.416664
8611,71,78,13.916667,71.5
8612,71,79,13.916667,71.583336
8613,71,80,13.916667,71.666664
8614,71,81,13.916667,71.75
8615,71,82,13.916667,71.833336
8616,71,83,13.916667,71.916664
8617,71,84,13.916667,72.0
8618,71,85,13.916667,72.083336
8619,71,86,13.916667,72.166664
8620,71,87,13.916667,72.25
8621,71,88,13.916667,72.333336
8622,71,89,13.916667,72.416664
8623,71,90,13.916667,72.5
8624,71,91,13.916667,72.583336
8625,71,92,13.916667,72.666664
8626,71,93,13.916667,72.75
8627,71,94,13.916667,72.833336
8628,71,95,13.916667,72.916664
8629,71,96,13.916667,73.0
8630,71,97,13.916667,73.083336
8631,71,98,13.916667,73.166664
8632,71,99,13.916667,73.25
8633,71,100,13.916667,73.333336
8634,71,101,13.916667,73.416664
8635,71,102,13.916667,73.5
8636,71,103,13.916667,73.583336
8637,71,104,13.916667,73.666664
8638,71,105,13.916667,73.75
8639,71,106,13.916667,73.833336
8640,71,107,13.916667,73.916664
8641,71,108,13.916667,74.0
8642,71,109,13.916667,74.083336
8643,71,110,13.916667,74.166664
8644,71,111,13.916667,74.25
8645,71,112,13.916667,74.333336
8646,71,113,13.916667,74.416664
8647,71,114,13.916667,74.5
8648,71,115,13.916667,74.583336
8649,72,0,14.0,65.0
8650,72,1,14.0,65.083336
8651,72,2,14.0,65.166664
8652,72,3,14.0,65.25
8653,72,4,14.0,65.333336
8654,72,5,14.0,65.416664
8655,72,6,14.0,65.5
8656,72,7,14.0,65.583336
8657,72,8,14.0,65.666664
8658,72,9,14.0,65.75
8659,72,10,14.0,65.833336
8660,72,11,14.0,65.916664
8661,72,12,14.0,66.0
8662,72,13,14.0,66.083336
8663,72,14,14.0,66.166664
8664,72,15,14.0,66.25
8665,72,16,14.0,66.333336
8666,72,17,14.0,66.416664
8667,72,18,14.0,66.5
8668,72,19,14.0,66.583336
8669,72,20,14.0,66.666664
8670,72,21,14.0,66.75
8671,72,22,14.0,66.833336
8672,72,23,14.0,66.916664
8673,72,24,14.0,67.0
8674,72,25,14.0,67.083336
8675,72,26,14.0,67.166664
8676,72,27,14.0,67.25
8677,72,28,14.0,67.333336
8678,72,29,14.0,67.416664
8679,72,30,14.0,67.5
8680,72,31,14.0,67.583336
8681,72,32,14.0,67.666664
8682,72,33,14.0,67.75
8683,72,34,14.0,67.833336
8684,72,35,14.0,67.916664
8685,72,36,14.0,68.0
8686,72,37,14.0,68.083336
8687,72,38,14.0,68.166664
8688,72,39,14.0,68.25
8689,72,40,14.0,68.333336
8690,72,41,14.0,68.416664
8691,72,42,14.0,68.5
8692,72,43,14.0,68.583336
8693,72,44,14.0,68.666664
8694,72,45,14.0,68.75
8695,72,46,14.0,68.833336
8696,72,47,14.0,68.916664
8697,72,48,14.0,69.0
8698,72,49,14.0,69.083336
8699,72,50,14.0,69.166664
8700,72,51,14.0,69.25
8701,72,52,14.0,69.333336
8702,72,53,14.0,69.416664
8703,72,54,14.0,69.5
8704,72,55,14.0,69.583336
8705,72,56,14.0,69.666664
8706,72,57,14.0,69.75
8707,72,58,14.0,69.833336
8708,72,59,14.0,69.916664
8709,72,60,14.0,70.0
8710,72,61,14.0,70.083336
8711,72,62,14.0,70.166664
8712,72,63,14.0,70.25
8713,72,64,14.0,70.333336
8714,72,65,14.0,70.416664
8715,72,66,14.0,70.5
8716,72,67,14.0,70.583336
8717,72,68,14.0,70.666664
8718,72,69,14.0,70.75
8719,72,70,14.0,70.833336
8720,72,71,14.0,70.916664
8721,72,72,14.0,71.0
8722,72,73,14.0,71.083336
8723,72,74,14.0,71.166664
8724,72,75,14.0,71.25
8725,72,76,14.0,71.333336
8726,72,77,14.0,71.416664
8727,72,78,14.0,71.5
8728,72,79,14.0,71.583336
8729,72,80,14.0,71.666664
8730,72,81,14.0,71.75
8731,72,82,14.0,71.833336
8732,72,83,14.0,71.916664
8733,72,84,14.0,72.0
8734,72,85,14.0,72.083336
8735,72,86,14.0,72.166664
8736,72,87,14.0,72.25
8737,72,88,14.0,72.333336
8738,72,89,14.0,72.416664
8739,72,90,14.0,72.5
8740,72,91,14.0,72.583336
8741,72,92,14.0,72.666664
8742,72,93,14.0,72.75
8743,72,94,14.0,72.833336
8744,72,95,14.0,72.916664
8745,72,96,14.0,73.0
8746,72,97,14.0,73.083336
8747,72,98,14.0,73.166664
8748,72,99,14.0,73.25
8749,72,100,14.0,73.333336
8750,72,101,14.0,73.416664
8751,72,102,14.0,73.5
8752,72,103,14.0,73.583336
8753,72,104,14.0,73.666664
8754,72,105,14.0,73.75
8755,72,106,14.0,73.833336
8756,72,107,14.0,73.916664
8757,72,108,14.0,74.0
8758,72,109,14.0,74.083336
8759,72,110,14.0,74.166664
8760,72,111,14.0,74.25
8761,72,112,14.0,74.333336
8762,72,113,14.0,74.416664
8763,72,114,14.0,74.5
8764,73,0,14.083333,65.0
8765,73,1,14.083333,65.083336
8766,73,2,14.083333,65.166664
8767,73,3,14.083333,65.25
8768,73,4,14.083333,65.333336
8769,73,5,14.083333,65.416664
8770,73,6,14.083333,65.5
8771,73,7,14.083333,65.583336
8772,73,8,14.083333,65.666664
8773,73,9,14.083333,65.75
8774,73,10,14.083333,65.833336
8775,73,11,14.083333,65.916664
8776,73,12,14.083333,66.0
8777,73,13,14.083333,66.083336
8778,73,14,14.083333,66.166664
8779,73,15,14.083333,66.25
8780,73,16,14.083333,66.333336
8781,73,17,14.083333,66.416664
8782,73,18,14.083333,66.5
8783,73,19,14.083333,66.583336
8784,73,20,14.083333,66.666664
8785,73,21,14.083333,66.75
8786,73,22,14.083333,66.833336
8787,73,23,14.083333,66.916664
8788,73,24,14.083333,67.0
8789,73,25,14.083333,67.083336
8790,73,26,14.083333,67.166664
8791,73,27,14.083333,67.25
8792,73,28,14.083333,67.333336
8793,73,29,14.083333,67.416664
8794,73,30,14.083333,67.5
8795,73,31,14.083333,67.583336
8796,73,32,14.083333,67.666664
8797,73,33,14.083333,67.75
8798,73,34,14.083333,67.833336
8799,73,35,14.083333,67.916664
8800,73,36,14.083333,68.0
8801,73,37,14.083333,68.083336
8802,73,38,14.083333,68.166664
8803,73,39,14.083333,68.25
8804,73,40,14.083333,68.333336
8805,73,41,14.083333,68.416664
8806,73,42,14.083333,68.5
8807,73,43,14.083333,68.583336
8808,73,44,14.083333,68.666664
8809,73,45,14.083333,68.75
8810,73,46,14.083333,68.833336
8811,73,47,14.083333,68.916664
8812,73,48,14.083333,69.0
8813,73,49,14.083333,69.083336
8814,73,50,14.083333,69.166664
8815,73,51,14.083333,69.25
8816,73,52,14.083333,69.333336
8817,73,53,14.083333,69.416664
8818,73,54,14.083333,69.5
8819,73,55,14.083333,69.583336
8820,73,56,14.083333,69.666664
8821,73,57,14.083333,69.75
8822,73,58,14.083333,69.833336
8823,73,59,14.083333,69.916664
8824,73,60,14.083333,70.0
8825,73,61,14.083333,70.083336
8826,73,62,14.083333,70.166664
8827,73,63,14.083333,70.25
8828,73,64,14.083333,70.333336
8829,73,65,14.083333,70.416664
8830,73,66,14.083333,70.5
8831,73,67,14.083333,70.583336
8832,73,68,14.083333,70.666664
8833,73,69,14.083333,70.75
8834,73,70,14.083333,70.833336
8835,73,71,14.083333,70.916664
8836,73,72,14.083333,71.0
8837,73,73,14.083333,71.083336
8838,73,74,14.083333,71.166664
8839,73,75,14.083333,71.25
8840,73,76,14.083333,71.333336
8841,73,77,14.083333,71.416664
8842,73,78,14.083333,71.5
8843,73,79,14.083333,71.583336
8844,73,80,14.083333,71.666664
8845,73,81,14.083333,71.75
8846,73,82,14.083333,71.833336
8847,73,83,14.083333,71.916664
8848,73,84,14.083333,72.0
8849,73,85,14.083333,72.083336
8850,73,86,14.083333,72.166664
8851,73,87,14.083333,72.25
8852,73,88,14.083333,72.333336
8853,73,89,14.083333,72.416664
8854,73,90,14.083333,72.5
8855,73,91,14.083333,72.583336
8856,73,92,14.083333,72.666664
8857,73,93,14.083333,72.75
8858,73,94,14.083333,72.833336
8859,73,95,14.083333,72.916664
8860,73,96,14.083333,73.0
8861,73,97,14.083333,73.083336
8862,73,98,14.083333,73.166664
8863,73,99,14.083333,73.25
8864,73,100,14.083333,73.333336
8865,73,101,14.083333,73.416664
8866,73,102,14.083333,73.5
8867,73,103,14.083333,73.583336
8868,73,104,14.083333,73.666664
8869,73,105,14.083333,73.75
8870,73,106,14.083333,73.833336
8871,73,107,14.083333,73.916664
8872,73,108,14.083333,74.0
8873,73,109,14.083333,74.083336
8874,73,110,14.083333,74.166664
8875,73,111,14.083333,74.25
8876,73,112,14.083333,74.333336
8877,73,113,14.083333,74.416664
8878,73,114,14.083333,74.5
8879,74,0,14.166667,65.0
8880,74,1,14.166667,65.083336
8881,74,2,14.166667,65.166664
8882,74,3,14.166667,65.25
8883,74,4,14.166667,65.333336
8884,74,5,14.166667,65.416664
8885,74,6,14.166667,65.5
8886,74,7,14.166667,65.583336
8887,74,8,14.166667,65.666664
8888,74,9,14.166667,65.75
8889,74,10,14.166667,65.833336
8890,74,11,14.166667,65.916664
8891,74,12,14.166667,66.0
8892,74,13,14.166667,66.083336
8893,74,14,14.166667,66.166664
8894,74,15,14.166667,66.25
8895,74,16,14.166667,66.333336
8896,74,17,14.166667,66.416664
8897,74,18,14.166667,66.5
8898,74,19,14.166667,66.583336
8899,74,20,14.166667,66.666664
8900,74,21,14.166667,66.75
8901,74,22,14.166667,66.833336
8902,74,23,14.166667,66.916664
8903,74,24,14.166667,67.0
8904,74,25,14.166667,67.083336
8905,74,26,14.166667,67.166664
8906,74,27,14.166667,67.25
8907,74,28,14.166667,67.333336
8908,74,29,14.166667,67.416664
8909,74,30,14.166667,67.5
8910,74,31,14.166667,67.583336
8911,74,32,14.166667,67.666664
8912,74,33,14.166667,67.75
8913,74,34,14.166667,67.833336
8914,74,35,14.166667,67.916664
8915,74,36,14.166667,68.0
8916,74,37,14.166667,68.083336
8917,74,38,14.166667,68.166664
8918,74,39,14.166667,68.25
8919,74,40,14.166667,68.333336
8920,74,41,14.166667,68.416664
8921,74,42,14.166667,68.5
8922,74,43,14.166667,68.583336
8923,74,44,14.166667,68.666664
8924,74,45,14.166667,68.75
8925,74,46,14.166667,68.833336
8926,74,47,14.166667,68.916664
8927,74,48,14.166667,69.0
8928,74,49,14.166667,69.083336
8929,74,50,14.166667,69.166664
8930,74,51,14.166667,69.25
8931,74,52,14.166667,69.333336
8932,74,53,14.166667,69.416664
8933,74,54,14.166667,69.5
8934,74,55,14.166667,69.583336
8935,74,56,14.166667,69.666664
8936,74,57,14.166667,69.75
8937,74,58,14.166667,69.833336
8938,74,59,14.166667,69.916664
8939,74,60,14.166667,70.0
8940,74,61,14.166667,70.083336
8941,74,62,14.166667,70.166664
8942,74,63,14.166667,70.25
8943,74,64,14.166667,70.333336
8944,74,65,14.166667,70.416664
8945,74,66,14.166667,70.5
8946,74,67,14.166667,70.583336
8947,74,68,14.166667,70.666664
8948,74,69,14.166667,70.75
8949,74,70,14.166667,70.833336
8950,74,71,14.166667,70.916664
8951,74,72,14.166667,71.0
8952,74,73,14.166667,71.083336
8953,74,74,14.166667,71.166664
8954,74,75,14.166667,71.25
8955,74,76,14.166667,71.333336
8956,74,77,14.166667,71.416664
8957,74,78,14.166667,71.5
8958,74,79,14.166667,71.583336
8959,74,80,14.166667,71.666664
8960,74,81,14.166667,71.75
8961,74,82,14.166667,71.833336
8962,74,83,14.166667,71.916664
8963,74,84,14.166667,72.0
8964,74,85,14.166667,72.083336
8965,74,86,14.166667,72.166664
8966,74,87,14.166667,72.25
8967,74,88,14.166667,72.333336
8968,74,89,14.166667,72.416664
8969,74,90,14.166667,72.5
8970,74,91,14.166667,72.583336
8971,74,92,14.166667,72.666664
8972,74,93,14.166667,72.75
8973,74,94,14.166667,72.833336
8974,74,95,14.166667,72.916664
8975,74,96,14.166667,73.0
8976,74,97,14.166667,73.083336
8977,74,98,14.166667,73.166664
8978,74,99,14.166667,73.25
8979,74,100,14.166667,73.333336
8980,74,101,14.166667,73.416664
8981,74,102,14.166667,73.5
8982,74,103,14.166667,73.583336
8983,74,104,14.166667,73.666664
8984,74,105,14.166667,73.75
8985,74,106,14.166667,73.833336
8986,74,107,14.166667,73.916664
8987,74,108,14.166667,74.0
8988,74,109,14.166667,74.083336
8989,74,110,14.166667,74.166664
8990,74,111,14.166667,74.25
8991,74,112,14.166667,74.333336
8992,74,113,14.166667,74.416664
8993,74,114,14.166667,74.5
8994,75,0,14.25,65.0
8995,75,1,14.25,65.083336
8996,75,2,14.25,65.166664
8997,75,3,14.25,65.25
8998,75,4,14.25,65.333336
8999,75,5,14.25,65.416664
9000,75,6,14.25,65.5
9001,75,7,14.25,65.583336
9002,75,8,14.25,65.666664
9003,75,9,14.25,65.75
9004,75,10,14.25,65.833336
9005,75,11,14.25,65.916664
9006,75,12,14.25,66.0
9007,75,13,14.25,66.083336
9008,75,14,14.25,66.166664
9009,75,15,14.25,66.25
9010,75,16,14.25,66.333336
9011,75,17,14.25,66.416664
9012,75,18,14.25,66.5
9013,75,19,14.25,66.583336
9014,75,20,14.25,66.666664
9015,75,21,14.25,66.75
9016,75,22,14.25,66.833336
9017,75,23,14.25,66.916664
9018,75,24,14.25,67.0
9019,75,25,14.25,67.083336
9020,75,26,14.25,67.166664
9021,75,27,14.25,67.25
9022,75,28,14.25,67.333336
9023,75,29,14.25,67.416664
9024,75,30,14.25,67.5
9025,75,31,14.25,67.583336
9026,75,32,14.25,67.666664
9027,75,33,14.25,67.75
9028,75,34,14.25,67.833336
9029,75,35,14.25,67.916664
9030,75,36,14.25,68.0
9031,75,37,14.25,68.083336
9032,75,38,14.25,68.166664
9033,75,39,14.25,68.25
9034,75,40,14.25,68.333336
9035,75,41,14.25,68.416664
9036,75,42,14.25,68.5
9037,75,43,14.25,68.583336
9038,75,44,14.25,68.666664
9039,75,45,14.25,68.75
9040,75,46,14.25,68.833336
9041,75,47,14.25,68.916664
9042,75,48,14.25,69.0
9043,75,49,14.25,69.083336
9044,75,50,14.25,69.166664
9045,75,51,14.25,69.25
9046,75,52,14.25,69.333336
9047,75,53,14.25,69.416664
9048,75,54,14.25,69.5
9049,75,55,14.25,69.583336
9050,75,56,14.25,69.666664
9051,75,57,14.25,69.75
9052,75,58,14.25,69.833336
9053,75,59,14.25,69.916664
9054,75,60,14.25,70.0
9055,75,61,14.25,70.083336
9056,75,62,14.25,70.166664
9057,75,63,14.25,70.25
9058,75,64,14.25,70.333336
9059,75,65,14.25,70.416664
9060,75,66,14.25,70.5
9061,75,67,14.25,70.583336
9062,75,68,14.25,70.666664
9063,75,69,14.25,70.75
9064,75,70,14.25,70.833336
9065,75,71,14.25,70.916664
9066,75,72,14.25,71.0
9067,75,73,14.25,71.083336
9068,75,74,14.25,71.166664
9069,75,75,14.25,71.25
9070,75,76,14.25,71.333336
9071,75,77,14.25,71.416664
9072,75,78,14.25,71.5
9073,75,79,14.25,71.583336
9074,75,80,14.25,71.666664
9075,75,81,14.25,71.75
9076,75,82,14.25,71.833336
9077,75,83,14.25,71.916664
9078,75,84,14.25,72.0
9079,75,85,14.25,72.083336
9080,75,86,14.25,72.166664
9081,75,87,14.25,72.25
9082,75,88,14.25,72.333336
9083,75,89,14.25,72.416664
9084,75,90,14.25,72.5
9085,75,91,14.25,72.583336
9086,75,92,14.25,72.666664
9087,75,93,14.25,72.75
9088,75,94,14.25,72.833336
9089,75,95,14.25,72.916664
9090,75,96,14.25,73.0
9091,75,97,14.25,73.083336
9092,75,98,14.25,73.166664
9093,75,99,14.25,73.25
9094,75,100,14.25,73.333336
9095,75,101,14.25,73.416664
9096,75,102,14.25,73.5
9097,75,103,14.25,73.583336
9098,75,104,14.25,73.666664
9099,75,105,14.25,73.75
9100,75,106,14.25,73.833336
9101,75,107,14.25,73.916664
9102,75,108,14.25,74.0
9103,75,109,14.25,74.083336
9104,75,110,14.25,74.166664
9105,75,111,14.25,74.25
9106,75,112,14.25,74.333336
9107,75,113,14.25,74.416664
9108,76,0,14.333333,65.0
9109,76,1,14.333333,65.083336
9110,76,2,14.333333,65.166664
9111,76,3,14.333333,65.25
9112,76,4,14.333333,65.333336
9113,76,5,14.333333,65.416664
9114,76,6,14.333333,65.5
9115,76,7,14.333333,65.583336
9116,76,8,14.333333,65.666664
9117,76,9,14.333333,65.75
9118,76,10,14.333333,65.833336
9119,76,11,14.333333,65.916664
9120,76,12,14.333333,66.0
9121,76,13,14.333333,66.083336
9122,76,14,14.333333,66.166664
9123,76,15,14.333333,66.25
9124,76,16,14.333333,66.333336
9125,76,17,14.333333,66.416664
9126,76,18,14.333333,66.5
9127,76,19,14.333333,66.583336
9128,76,20,14.333333,66.666664
9129,76,21,14.333333,66.75
9130,76,22,14.333333,66.833336
9131,76,23,14.333333,66.916664
9132,76,24,14.333333,67.0
9133,76,25,14.333333,67.083336
9134,76,26,14.333333,67.166664
9135,76,27,14.333333,67.25
9136,76,28,14.333333,67.333336
9137,76,29,14.333333,67.416664
9138,76,30,14.333333,67.5
9139,76,31,14.333333,67.583336
9140,76,32,14.333333,67.666664
9141,76,33,14.333333,67.75
9142,76,34,14.333333,67.833336
9143,76,35,14.333333,67.916664
9144,76,36,14.333333,68.0
9145,76,37,14.333333,68.083336
9146,76,38,14.333333,68.166664
9147,76,39,14.333333,68.25
9148,76,40,14.333333,68.333336
9149,76,41,14.333333,68.416664
9150,76,42,14.333333,68.5
9151,76,43,14.333333,68.583336
9152,76,44,14.333333,68.666664
9153,76,45,14.333333,68.75
9154,76,46,14.333333,68.833336
9155,76,47,14.333333,68.916664
9156,76,48,14.333333,69.0
9157,76,49,14.333333,69.083336
9158,76,50,14.333333,69.166664
9159,76,51,14.333333,69.25
9160,76,52,14.333333,69.333336
9161,76,53,14.333333,69.416664
9162,76,54,14.333333,69.5
9163,76,55,14.333333,69.583336
9164,76,56,14.333333,69.666664
9165,76,57,14.333333,69.75
9166,76,58,14.333333,69.833336
9167,76,59,14.333333,69.916664
9168,76,60,14.333333,70.0
9169,76,61,14.333333,70.083336
9170,76,62,14.333333,70.166664
9171,76,63,14.333333,70.25
9172,76,64,14.333333,70.333336
9173,76,65,14.333333,70.416664
9174,76,66,14.333333,70.5
9175,76,67,14.333333,70.583336
9176,76,68,14.333333,70.666664
9177,76,69,14.333333,70.75
9178,76,70,14.333333,70.833336
9179,76,71,14.333333,70.916664
9180,76,72,14.333333,71.0
9181,76,73,14.333333,71.083336
9182,76,74,14.333333,71.166664
9183,76,75,14.333333,71.25
9184,76,76,14.333333,71.333336
9185,76,77,14.333333,71.416664
9186,76,78,14.333333,71.5
9187,76,79,14.333333,71.583336
9188,76,80,14.333333,71.666664
9189,76,81,14.333333,71.75
9190,76,82,14.333333,71.833336
9191,76,83,14.333333,71.916664
9192,76,84,14.333333,72.0
9193,76,85,14.333333,72.083336
9194,76,86,14.333333,72.166664
9195,76,87,14.333333,72.25
9196,76,88,14.333333,72.333336
9197,76,89,14.333333,72.416664
9198,76,90,14.333333,72.5
9199,76,91,14.333333,72.583336
9200,76,92,14.333333,72.666664
9201,76,93,14.333333,72.75
9202,76,94,14.333333,72.833336
9203,76,95,14.333333,72.916664
9204,76,96,14.333333,73.0
9205,76,97,14.333333,73.083336
9206,76,98,14.333333,73.166664
9207,76,99,14.333333,73.25
9208,76,100,14.333333,73.333336
9209,76,101,14.333333,73.416664
9210,76,102,14.333333,73.5
9211,76,103,14.333333,73.583336
9212,76,104,14.333333,73.666664
9213,76,105,14.333333,73.75
9214,76,106,14.333333,73.833336
9215,76,107,14.333333,73.916664
9216,76,108,14.333333,74.0
9217,76,109,14.333333,74.083336
9218,76,110,14.333333,74.166664
9219,76,111,14.333333,74.25
9220,76,112,14.333333,74.333336
9221,76,113,14.333333,74.416664
9222,77,0,14.416667,65.0
9223,77,1,14.416667,65.083336
9224,77,2,14.416667,65.166664
9225,77,3,14.416667,65.25
9226,77,4,14.416667,65.333336
9227,77,5,14.416667,65.416664
9228,77,6,14.416667,65.5
9229,77,7,14.416667,65.583336
9230,77,8,14.416667,65.666664
9231,77,9,14.416667,65.75
9232,77,10,14.416667,65.833336
9233,77,11,14.416667,65.916664
9234,77,12,14.416667,66.0
9235,77,13,14.416667,66.083336
9236,77,14,14.416667,66.166664
9237,77,15,14.416667,66.25
9238,77,16,14.416667,66.333336
9239,77,17,14.416667,66.416664
9240,77,18,14.416667,66.5
9241,77,19,14.416667,66.583336
9242,77,20,14.416667,66.666664
9243,77,21,14.416667,66.75
9244,77,22,14.416667,66.833336
9245,77,23,14.416667,66.916664
9246,77,24,14.416667,67.0
9247,77,25,14.416667,67.083336
9248,77,26,14.416667,67.166664
9249,77,27,14.416667,67.25
9250,77,28,14.416667,67.333336
9251,77,29,14.416667,67.416664
9252,77,30,14.416667,67.5
9253,77,31,14.416667,67.583336
9254,77,32,14.416667,67.666664
9255,77,33,14.416667,67.75
9256,77,34,14.416667,67.833336
9257,77,35,14.416667,67.916664
9258,77,36,14.416667,68.0
9259,77,37,14.416667,68.083336
9260,77,38,14.416667,68.166664
9261,77,39,14.416667,68.25
9262,77,40,14.416667,68.333336
9263,77,41,14.416667,68.416664
9264,77,42,14.416667,68.5
9265,77,43,14.416667,68.583336
9266,77,44,14.416667,68.666664
9267,77,45,14.416667,68.75
9268,77,46,14.416667,68.833336
9269,77,47,14.416667,68.916664
9270,77,48,14.416667,69.0
9271,77,49,14.416667,69.083336
9272,77,50,14.416667,69.166664
9273,77,51,14.416667,69.25
9274,77,52,14.416667,69.333336
9275,77,53,14.416667,69.416664
9276,77,54,14.416667,69.5
9277,77,55,14.416667,69.583336
9278,77,56,14.416667,69.666664
9279,77,57,14.416667,69.75
9280,77,58,14.416667,69.833336
9281,77,59,14.416667,69.916664
9282,77,60,14.416667,70.0
9283,77,61,14.416667,70.083336
9284,77,62,14.416667,70.166664
9285,77,63,14.416667,70.25
9286,77,64,14.416667,70.333336
9287,77,65,14.416667,70.416664
9288,77,66,14.416667,70.5
9289,77,67,14.416667,70.583336
9290,77,68,14.416667,70.666664
9291,77,69,14.416667,70.75
9292,77,70,14.416667,70.833336
9293,77,71,14.416667,70.916664
9294,77,72,14.416667,71.0
9295,77,73,14.416667,71.083336
9296,77,74,14.416667,71.166664
9297,77,75,14.416667,71.25
9298,77,76,14.416667,71.333336
9299,77,77,14.416667,71.416664
9300,77,78,14.416667,71.5
9301,77,79,14.416667,71.583336
9302,77,80,14.416667,71.666664
9303,77,81,14.416667,71.75
9304,77,82,14.416667,71.833336
9305,77,83,14.416667,71.916664
9306,77,84,14.416667,72.0
9307,77,85,14.416667,72.083336
9308,77,86,14.416667,72.166664
9309,77,87,14.416667,72.25
9310,77,88,14.416667,72.333336
9311,77,89,14.416667,72.416664
9312,77,90,14.416667,72.5
9313,77,91,14.416667,72.583336
9314,77,92,14.416667,72.666664
9315,77,93,14.416667,72.75
9316,77,94,14.416667,72.833336
9317,77,95,14.416667,72.916664
9318,77,96,14.416667,73.0
9319,77,97,14.416667,73.083336
9320,77,98,14.416667,73.166664
9321,77,99,14.416667,73.25
9322,77,100,14.416667,73.333336
9323,77,101,14.416667,73.416664
9324,77,102,14.416667,73.5
9325,77,103,14.416667,73.583336
9326,77,104,14.416667,73.666664
9327,77,105,14.416667,73.75
9328,77,106,14.416667,73.833336
9329,77,107,14.416667,73.916664
9330,77,108,14.416667,74.0
9331,77,109,14.416667,74.083336
9332,77,110,14.416667,74.166664
9333,77,111,14.416667,74.25
9334,77,112,14.416667,74.333336
9335,77,113,14.416667,74.416664
9336,78,0,14.5,65.0
9337,78,1,14.5,65.083336
9338,78,2,14.5,65.166664
9339,78,3,14.5,65.25
9340,78,4,14.5,65.333336
9341,78,5,14.5,65.416664
9342,78,6,14.5,65.5
9343,78,7,14.5,65.583336
9344,78,8,14.5,65.666664
9345,78,9,14.5,65.75
9346,78,10,14.5,65.833336
9347,78,11,14.5,65.916664
9348,78,12,14.5,66.0
9349,78,13,14.5,66.083336
9350,78,14,14.5,66.166664
9351,78,15,14.5,66.25
9352,78,16,14.5,66.333336
9353,78,17,14.5,66.416664
9354,78,18,14.5,66.5
9355,78,19,14.5,66.583336
9356,78,20,14.5,66.666664
9357,78,21,14.5,66.75
9358,78,22,14.5,66.833336
9359,78,23,14.5,66.916664
9360,78,24,14.5,67.0
9361,78,25,14.5,67.083336
9362,78,26,14.5,67.166664
9363,78,27,14.5,67.25
9364,78,28,14.5,67.333336
9365,78,29,14.5,67.416664
9366,78,30,14.5,67.5
9367,78,31,14.5,67.583336
9368,78,32,14.5,67.666664
9369,78,33,14.5,67.75
9370,78,34,14.5,67.833336
9371,78,35,14.5,67.916664
9372,78,36,14.5,68.0
9373,78,37,14.5,68.083336
9374,78,38,14.5,68.166664
9375,78,39,14.5,68.25
9376,78,40,14.5,68.333336
9377,78,41,14.5,68.416664
9378,78,42,14.5,68.5
9379,78,43,14.5,68.583336
9380,78,44,14.5,68.666664
9381,78,45,14.5,68.75
9382,78,46,14.5,68.833336
9383,78,47,14.5,68.916664
9384,78,48,14.5,69.0
9385,78,49,14.5,69.083336
9386,78,50,14.5,69.166664
9387,78,51,14.5,69.25
9388,78,52,14.5,69.333336
9389,78,53,14.5,69.416664
9390,78,54,14.5,69.5
9391,78,55,14.5,69.583336
9392,78,56,14.5,69.666664
9393,78,57,14.5,69.75
9394,78,58,14.5,69.833336
9395,78,59,14.5,69.916664
9396,78,60,14.5,70.0
9397,78,61,14.5,70.083336
9398,78,62,14.5,70.166664
9399,78,63,14.5,70.25
9400,78,64,14.5,70.333336
9401,78,65,14.5,70.416664
9402,78,66,14.5,70.5
9403,78,67,14.5,70.583336
9404,78,68,14.5,70.666664
9405,78,69,14.5,70.75
9406,78,70,14.5,70.833336
9407,78,71,14.5,70.916664
9408,78,72,14.5,71.0
9409,78,73,14.5,71.083336
9410,78,74,14.5,71.166664
9411,78,75,14.5,71.25
9412,78,76,14.5,71.333336
9413,78,77,14.5,71.416664
9414,78,78,14.5,71.5
9415,78,79,14.5,71.583336
9416,78,80,14.5,71.666664
9417,78,81,14.5,71.75
9418,78,82,14.5,71.833336
9419,78,83,14.5,71.916664
9420,78,84,14.5,72.0
9421,78,85,14.5,72.083336
9422,78,86,14.5,72.166664
9423,78,87,14.5,72.25
9424,78,88,14.5,72.333336
9425,78,89,14.5,72.416664
9426,78,90,14.5,72.5
9427,78,91,14.5,72.583336
9428,78,92,14.5,72.666664
9429,78,93,14.5,72.75
9430,78,94,14.5,72.833336
9431,78,95,14.5,72.916664
9432,78,96,14.5,73.0
9433,78,97,14.5,73.083336
9434,78,98,14.5,73.166664
9435,78,99,14.5,73.25
9436,78,100,14.5,73.333336
9437,78,101,14.5,73.416664
9438,78,102,14.5,73.5
9439,78,103,14.5,73.583336
9440,78,104,14.5,73.666664
9441,78,105,14.5,73.75
9442,78,106,14.5,73.833336
9443,78,107,14.5,73.916664
9444,78,108,14.5,74.0
9445,78,109,14.5,74.083336
9446,78,110,14.5,74.166664
9447,78,111,14.5,74.25
9448,78,112,14.5,74.333336
9449,79,0,14.583333,65.0
9450,79,1,14.583333,65.083336
9451,79,2,14.583333,65.166664
9452,79,3,14.583333,65.25
9453,79,4,14.583333,65.333336
9454,79,5,14.583333,65.416664
9455,79,6,14.583333,65.5
9456,79,7,14.583333,65.583336
9457,79,8,14.583333,65.666664
9458,79,9,14.583333,65.75
9459,79,10,14.583333,65.833336
9460,79,11,14.583333,65.916664
9461,79,12,14.583333,66.0
9462,79,13,14.583333,66.083336
9463,79,14,14.583333,66.166664
9464,79,15,14.583333,66.25
9465,79,16,14.583333,66.333336
9466,79,17,14.583333,66.416664
9467,79,18,14.583333,66.5
9468,79,19,14.583333,66.583336
9469,79,20,14.583333,66.666664
9470,79,21,14.583333,66.75
9471,79,22,14.583333,66.833336
9472,79,23,14.583333,66.916664
9473,79,24,14.583333,67.0
9474,79,25,14.583333,67.083336
9475,79,26,14.583333,67.166664
9476,79,27,14.583333,67.25
9477,79,28,14.583333,67.333336
9478,79,29,14.583333,67.416664
9479,79,30,14.583333,67.5
9480,79,31,14.583333,67.583336
9481,79,32,14.583333,67.666664
9482,79,33,14.583333,67.75
9483,79,34,14.583333,67.833336
9484,79,35,14.583333,67.916664
9485,79,36,14.583333,68.0
9486,79,37,14.583333,68.083336
9487,79,38,14.583333,68.166664
9488,79,39,14.583333,68.25
9489,79,40,14.583333,68.333336
9490,79,41,14.583333,68.416664
9491,79,42,14.583333,68.5
9492,79,43,14.583333,68.583336
9493,79,44,14.583333,68.666664
9494,79,45,14.583333,68.75
9495,79,46,14.583333,68.833336
9496,79,47,14.583333,68.916664
9497,79,48,14.583333,69.0
9498,79,49,14.583333,69.083336
9499,79,50,14.583333,69.166664
9500,79,51,14.583333,69.25
9501,79,52,14.583333,69.333336
9502,79,53,14.583333,69.416664
9503,79,54,14.583333,69.5
9504,79,55,14.583333,69.583336
9505,79,56,14.583333,69.666664
9506,79,57,14.583333,69.75
9507,79,58,14.583333,69.833336
9508,79,59,14.583333,69.916664
9509,79,60,14.583333,70.0
9510,79,61,14.583333,70.083336
9511,79,62,14.583333,70.166664
9512,79,63,14.583333,70.25
9513,79,64,14.583333,70.333336
9514,79,65,14.583333,70.416664
9515,79,66,14.583333,70.5
9516,79,67,14.583333,70.583336
9517,79,68,14.583333,70.666664
9518,79,69,14.583333,70.75
9519,79,70,14.583333,70.833336
9520,79,71,14.583333,70.916664
9521,79,72,14.583333,71.0
9522,79,73,14.583333,71.083336
9523,79,74,14.583333,71.166664
9524,79,75,14.583333,71.25
9525,79,76,14.583333,71.333336
9526,79,77,14.583333,71.416664
9527,79,78,14.583333,71.5
9528,79,79,14.583333,71.583336
9529,79,80,14.583333,71.666664
9530,79,81,14.583333,71.75
9531,79,82,14.583333,71.833336
9532,79,83,14.583333,71.916664
9533,79,84,14.583333,72.0
9534,79,85,14.583333,72.083336
9535,79,86,14.583333,72.166664
9536,79,87,14.583333,72.25
9537,79,88,14.583333,72.333336
9538,79,89,14.583333,72.416664
9539,79,90,14.583333,72.5
9540,79,91,14.583333,72.583336
9541,79,92,14.583333,72.666664
9542,79,93,14.583333,72.75
9543,79,94,14.583333,72.833336
9544,79,95,14.583333,72.916664
9545,79,96,14.583333,73.0
9546,79,97,14.583333,73.083336
9547,79,98,14.583333,73.166664
9548,79,99,14.583333,73.25
9549,79,100,14.583333,73.333336
9550,79,101,14.583333,73.416664
9551,79,102,14.583333,73.5
9552,79,103,14.583333,73.583336
9553,79,104,14.583333,73.666664
9554,79,105,14.583333,73.75
9555,79,106,14.583333,73.833336
9556,79,107,14.583333,73.916664
9557,79,108,14.583333,74.0
9558,79,109,14.583333,74.083336
9559,79,110,14.583333,74.166664
9560,79,111,14.583333,74.25
9561,79,112,14.583333,74.333336
9562,80,0,14.666667,65.0
9563,80,1,14.666667,65.083336
9564,80,2,14.666667,65.166664
9565,80,3,14.666667,65.25
9566,80,4,14.666667,65.333336
9567,80,5,14.666667,65.416664
9568,80,6,14.666667,65.5
9569,80,7,14.666667,65.583336
9570,80,8,14.666667,65.666664
9571,80,9,14.666667,65.75
9572,80,10,14.666667,65.833336
9573,80,11,14.666667,65.916664
9574,80,12,14.666667,66.0
9575,80,13,14.666667,66.083336
9576,80,14,14.666667,66.166664
9577,80,15,14.666667,66.25
9578,80,16,14.666667,66.333336
9579,80,17,14.666667,66.416664
9580,80,18,14.666667,66.5
9581,80,19,14.666667,66.583336
9582,80,20,14.666667,66.666664
9583,80,21,14.666667,66.75
9584,80,22,14.666667,66.833336
9585,80,23,14.666667,66.916664
9586,80,24,14.666667,67.0
9587,80,25,14.666667,67.083336
9588,80,26,14.666667,67.166664
9589,80,27,14.666667,67.25
9590,80,28,14.666667,67.333336
9591,80,29,14.666667,67.416664
9592,80,30,14.666667,67.5
9593,80,31,14.666667,67.583336
9594,80,32,14.666667,67.666664
9595,80,33,14.666667,67.75
9596,80,34,14.666667,67.833336
9597,80,35,14.666667,67.916664
9598,80,36,14.666667,68.0
9599,80,37,14.666667,68.083336
9600,80,38,14.666667,68.166664
9601,80,39,14.666667,68.25
9602,80,40,14.666667,68.333336
9603,80,41,14.666667,68.416664
9604,80,42,14.666667,68.5
9605,80,43,14.666667,68.583336
9606,80,44,14.666667,68.666664
9607,80,45,14.666667,68.75
9608,80,46,14.666667,68.833336
9609,80,47,14.666667,68.916664
9610,80,48,14.666667,69.0
9611,80,49,14.666667,69.083336
9612,80,50,14.666667,69.166664
9613,80,51,14.666667,69.25
9614,80,52,14.666667,69.333336
9615,80,53,14.666667,69.416664
9616,80,54,14.666667,69.5
9617,80,55,14.666667,69.583336
9618,80,56,14.666667,69.666664
9619,80,57,14.666667,69.75
9620,80,58,14.666667,69.833336
9621,80,59,14.666667,69.916664
9622,80,60,14.666667,70.0
9623,80,61,14.666667,70.083336
9624,80,62,14.666667,70.166664
9625,80,63,14.666667,70.25
9626,80,64,14.666667,70.333336
9627,80,65,14.666667,70.416664
9628,80,66,14.666667,70.5
9629,80,67,14.666667,70.583336
9630,80,68,14.666667,70.666664
9631,80,69,14.666667,70.75
9632,80,70,14.666667,70.833336
9633,80,71,14.666667,70.916664
9634,80,72,14.666667,71.0
9635,80,73,14.666667,71.083336
9636,80,74,14.666667,71.166664
9637,80,75,14.666667,71.25
9638,80,76,14.666667,71.333336
9639,80,77,14.666667,71.416664
9640,80,78,14.666667,71.5
9641,80,79,14.666667,71.583336
9642,80,80,14.666667,71.666664
9643,80,81,14.666667,71.75
9644,80,82,14.666667,71.833336
9645,80,83,14.666667,71.916664
9646,80,84,14.666667,72.0
9647,80,85,14.666667,72.083336
9648,80,86,14.666667,72.166664
9649,80,87,14.666667,72.25
9650,80,88,14.666667,72.333336
9651,80,89,14.666667,72.416664
9652,80,90,14.666667,72.5
9653,80,91,14.666667,72.583336
9654,80,92,14.666667,72.666664
9655,80,93,14.666667,72.75
9656,80,94,14.666667,72.833336
9657,80,95,14.666667,72.916664
9658,80,96,14.666667,73.0
9659,80,97,14.666667,73.083336
9660,80,98,14.666667,73.166664
9661,80,99,14.666667,73.25
9662,80,100,14.666667,73.333336
9663,80,101,14.666667,73.416664
9664,80,102,14.666667,73.5
9665,80,103,14.666667,73.583336
9666,80,104,14.666667,73.666664
9667,80,105,14.666667,73.75
9668,80,106,14.666667,73.833336
9669,80,107,14.666667,73.916664
9670,80,108,14.666667,74.0
9671,80,109,14.666667,74.083336
9672,80,110,14.666667,74.166664
9673,80,111,14.666667,74.25
9674,81,0,14.75,65.0
9675,81,1,14.75,65.083336
9676,81,2,14.75,65.166664
9677,81,3,14.75,65.25
9678,81,4,14.75,65.333336
9679,81,5,14.75,65.416664
9680,81,6,14.75,65.5
9681,81,7,14.75,65.583336
9682,81,8,14.75,65.666664
9683,81,9,14.75,65.75
9684,81,10,14.75,65.833336
9685,81,11,14.75,65.916664
9686,81,12,14.75,66.0
9687,81,13,14.75,66.083336
9688,81,14,14.75,66.166664
9689,81,15,14.75,66.25
9690,81,16,14.75,66.333336
9691,81,17,14.75,66.416664
9692,81,18,14.75,66.5
9693,81,19,14.75,66.583336
9694,81,20,14.75,66.666664
9695,81,21,14.75,66.75
9696,81,22,14.75,66.833336
9697,81,23,14.75,66.916664
9698,81,24,14.75,67.0
9699,81,25,14.75,67.083336
9700,81,26,14.75,67.166664
9701,81,27,14.75,67.25
9702,81,28,14.75,67.333336
9703,81,29,14.75,67.416664
9704,81,30,14.75,67.5
9705,81,31,14.75,67.583336
9706,81,32,14.75,67.666664
9707,81,33,14.75,67.75
9708,81,34,14.75,67.833336
9709,81,35,14.75,67.916664
9710,81,36,14.75,68.0
9711,81,37,14.75,68.083336
9712,81,38,14.75,68.166664
9713,81,39,14.75,68.25
9714,81,40,14.75,68.333336
9715,81,41,14.75,68.416664
9716,81,42,14.75,68.5
9717,81,43,14.75,68.583336
9718,81,44,14.75,68.666664
9719,81,45,14.75,68.75
9720,81,46,14.75,68.833336
9721,81,47,14.75,68.916664
9722,81,48,14.75,69.0
9723,81,49,14.75,69.083336
9724,81,50,14.75,69.166664
9725,81,51,14.75,69.25
9726,81,52,14.75,69.333336
9727,81,53,14.75,69.416664
9728,81,54,14.75,69.5
9729,81,55,14.75,69.583336
9730,81,56,14.75,69.666664
9731,81,57,14.75,69.75
9732,81,58,14.75,69.833336
9733,81,59,14.75,69.916664
9734,81,60,14.75,70.0
9735,81,61,14.75,70.083336
9736,81,62,14.75,70.166664
9737,81,63,14.75,70.25
9738,81,64,14.75,70.333336
9739,81,65,14.75,70.416664
9740,81,66,14.75,70.5
9741,81,67,14.75,70.583336
9742,81,68,14.75,70.666664
9743,81,69,14.75,70.75
9744,81,70,14.75,70.833336
9745,81,71,14.75,70.916664
9746,81,72,14.75,71.0
9747,81,73,14.75,71.083336
9748,81,74,14.75,71.166664
9749,81,75,14.75,71.25
9750,81,76,14.75,71.333336
9751,81,77,14.75,71.416664
9752,81,78,14.75,71.5
9753,81,79,14.75,71.583336
9754,81,80,14.75,71.666664
9755,81,81,14.75,71.75
9756,81,82,14.75,71.833336
9757,81,83,14.75,71.916664
9758,81,84,14.75,72.0
9759,81,85,14.75,72.083336
9760,81,86,14.75,72.166664
9761,81,87,14.75,72.25
9762,81,88,14.75,72.333336
9763,81,89,14.75,72.416664
9764,81,90,14.75,72.5
9765,81,91,14.75,72.583336
9766,81,92,14.75,72.666664
9767,81,93,14.75,72.75
9768,81,94,14.75,72.833336
9769,81,95,14.75,72.916664
9770,81,96,14.75,73.0
9771,81,97,14.75,73.083336
9772,81,98,14.75,73.166664
9773,81,99,14.75,73.25
9774,81,100,14.75,73.333336
9775,81,101,14.75,73.416664
9776,81,102,14.75,73.5
9777,81,103,14.75,73.583336
9778,81,104,14.75,73.666664
9779,81,105,14.75,73.75
9780,81,106,14.75,73.833336
9781,81,107,14.75,73.916664
9782,81,108,14.75,74.0
9783,81,109,14.75,74.083336
9784,81,110,14.75,74.166664
9785,82,0,14.833333,65.0
9786,82,1,14.833333,65.083336
9787,82,2,14.833333,65.166664
9788,82,3,14.833333,65.25
9789,82,4,14.833333,65.333336
9790,82,5,14.833333,65.416664
9791,82,6,14.833333,65.5
9792,82,7,14.833333,65.583336
9793,82,8,14.833333,65.666664
9794,82,9,14.833333,65.75
9795,82,10,14.833333,65.833336
9796,82,11,14.833333,65.916664
9797,82,12,14.833333,66.0
9798,82,13,14.833333,66.083336
9799,82,14,14.833333,66.166664
9800,82,15,14.833333,66.25
9801,82,16,14.833333,66.333336
9802,82,17,14.833333,66.416664
9803,82,18,14.833333,66.5
9804,82,19,14.833333,66.583336
9805,82,20,14.833333,66.666664
9806,82,21,14.833333,66.75
9807,82,22,14.833333,66.833336
9808,82,23,14.833333,66.916664
9809,82,24,14.833333,67.0
9810,82,25,14.833333,67.083336
9811,82,26,14.833333,67.166664
9812,82,27,14.833333,67.25
9813,82,28,14.833333,67.333336
9814,82,29,14.833333,67.416664
9815,82,30,14.833333,67.5
9816,82,31,14.833333,67.583336
9817,82,32,14.833333,67.666664
9818,82,33,14.833333,67.75
9819,82,34,14.833333,67.833336
9820,82,35,14.833333,67.916664
9821,82,36,14.833333,68.0
9822,82,37,14.833333,68.083336
9823,82,38,14.833333,68.166664
9824,82,39,14.833333,68.25
9825,82,40,14.833333,68.333336
9826,82,41,14.833333,68.416664
9827,82,42,14.833333,68.5
9828,82,43,14.833333,68.583336
9829,82,44,14.833333,68.666664
9830,82,45,14.833333,68.75
9831,82,46,14.833333,68.833336
9832,82,47,14.833333,68.916664
9833,82,48,14.833333,69.0
9834,82,49,14.833333,69.083336
9835,82,50,14.833333,69.166664
9836,82,51,14.833333,69.25
9837,82,52,14.833333,69.333336
9838,82,53,14.833333,69.416664
9839,82,54,14.833333,69.5
9840,82,55,14.833333,69.583336
9841,82,56,14.833333,69.666664
9842,82,57,14.833333,69.75
9843,82,58,14.833333,69.833336
9844,82,59,14.833333,69.916664
9845,82,60,14.833333,70.0
9846,82,61,14.833333,70.083336
9847,82,62,14.833333,70.166664
9848,82,63,14.833333,70.25
9849,82,64,14.833333,70.333336
9850,82,65,14.833333,70.416664
9851,82,66,14.833333,70.5
9852,82,67,14.833333,70.583336
9853,82,68,14.833333,70.666664
9854,82,69,14.833333,70.75
9855,82,70,14.833333,70.833336
9856,82,71,14.833333,70.916664
9857,82,72,14.833333,71.0
9858,82,73,14.833333,71.083336
9859,82,74,14.833333,71.166664
9860,82,75,14.833333,71.25
9861,82,76,14.833333,71.333336
9862,82,77,14.833333,71.416664
9863,82,78,14.833333,71.5
9864,82,79,14.833333,71.583336
9865,82,80,14.833333,71.666664
9866,82,81,14.833333,71.75
9867,82,82,14.833333,71.833336
9868,82,83,14.833333,71.916664
9869,82,84,14.833333,72.0
9870,82,85,14.833333,72.083336
9871,82,86,14.833333,72.166664
9872,82,87,14.833333,72.25
9873,82,88,14.833333,72.333336
9874,82,89,14.833333,72.416664
9875,82,90,14.833333,72.5
9876,82,91,14.833333,72.583336
9877,82,92,14.833333,72.666664
9878,82,93,14.833333,72.75
9879,82,94,14.833333,72.833336
9880,82,95,14.833333,72.916664
9881,82,96,14.833333,73.0
9882,82,97,14.833333,73.083336
9883,82,98,14.833333,73.166664
9884,82,99,14.833333,73.25
9885,82,100,14.833333,73.333336
9886,82,101,14.833333,73.416664
9887,82,102,14.833333,73.5
9888,82,103,14.833333,73.583336
9889,82,104,14.833333,73.666664
9890,82,105,14.833333,73.75
9891,82,106,14.833333,73.833336
9892,82,107,14.833333,73.916664
9893,82,108,14.833333,74.0
9894,82,109,14.833333,74.083336
9895,83,0,14.916667,65.0
9896,83,1,14.916667,65.083336
9897,83,2,14.916667,65.166664
9898,83,3,14.916667,65.25
9899,83,4,14.916667,65.333336
9900,83,5,14.916667,65.416664
9901,83,6,14.916667,65.5
9902,83,7,14.916667,65.583336
9903,83,8,14.916667,65.666664
9904,83,9,14.916667,65.75
9905,83,10,14.916667,65.833336
9906,83,11,14.916667,65.916664
9907,83,12,14.916667,66.0
9908,83,13,14.916667,66.083336
9909,83,14,14.916667,66.166664
9910,83,15,14.916667,66.25
9911,83,16,14.916667,66.333336
9912,83,17,14.916667,66.416664
9913,83,18,14.916667,66.5
9914,83,19,14.916667,66.583336
9915,83,20,14.916667,66.666664
9916,83,21,14.916667,66.75
9917,83,22,14.916667,66.833336
9918,83,23,14.916667,66.916664
9919,83,24,14.916667,67.0
9920,83,25,14.916667,67.083336
9921,83,26,14.916667,67.166664
9922,83,27,14.916667,67.25
9923,83,28,14.916667,67.333336
9924,83,29,14.916667,67.416664
9925,83,30,14.916667,67.5
9926,83,31,14.916667,67.583336
9927,83,32,14.916667,67.666664
9928,83,33,14.916667,67.75
9929,83,34,14.916667,67.833336
9930,83,35,14.916667,67.916664
9931,83,36,14.916667,68.0
9932,83,37,14.916667,68.083336
9933,83,38,14.916667,68.166664
9934,83,39,14.916667,68.25
9935,83,40,14.916667,68.333336
9936,83,41,14.916667,68.416664
9937,83,42,14.916667,68.5
9938,83,43,14.916667,68.583336
9939,83,44,14.916667,68.666664
9940,83,45,14.916667,68.75
9941,83,46,14.916667,68.833336
9942,83,47,14.916667,68.916664
9943,83,48,14.916667,69.0
9944,83,49,14.916667,69.083336
9945,83,50,14.916667,69.166664
9946,83,51,14.916667,69.25
9947,83,52,14.916667,69.333336
9948,83,53,14.916667,69.416664
9949,83,54,14.916667,69.5
9950,83,55,14.916667,69.583336
9951,83,56,14.916667,69.666664
9952,83,57,14.916667,69.75
9953,83,58,14.916667,69.833336
9954,83,59,14.916667,69.916664
9955,83,60,14.916667,70.0
9956,83,61,14.916667,70.083336
9957,83,62,14.916667,70.166664
9958,83,63,14.916667,70.25
9959,83,64,14.916667,70.333336
9960,83,65,14.916667,70.416664
9961,83,66,14.916667,70.5
9962,83,67,14.916667,70.583336
9963,83,68,14.916667,70.666664
9964,83,69,14.916667,70.75
9965,83,70,14.916667,70.833336
9966,83,71,14.916667,70.916664
9967,83,72,14.916667,71.0
9968,83,73,14.916667,71.083336
9969,83,74,14.916667,71.166664
9970,83,75,14.916667,71.25
9971,83,76,14.916667,71.333336
9972,83,77,14.916667,71.416664
9973,83,78,14.916667,71.5
9974,83,79,14.916667,71.583336
9975,83,80,14.916667,71.666664
9976,83,81,14.916667,71.75
9977,83,82,14.916667,71.833336
9978,83,83,14.916667,71.916664
9979,83,84,14.916667,72.0
9980,83,85,14.916667,72.083336
9981,83,86,14.916667,72.166664
9982,83,87,14.916667,72.25
9983,83,88,14.916667,72.333336
9984,83,89,14.916667,72.416664
9985,83,90,14.916667,72.5
9986,83,91,14.916667,72.583336
9987,83,92,14.916667,72.666664
9988,83,93,14.916667,72.75
9989,83,94,14.916667,72.833336
9990,83,95,14.916667,72.916664
9991,83,96,14.916667,73.0
9992,83,97,14.916667,73.083336
9993,83,98,14.916667,73.166664
9994,83,99,14.916667,73.25
9995,83,100,14.916667,73.333336
9996,83,101,14.916667,73.416664
9997,83,102,14.916667,73.5
9998,83,103,14.916667,73.583336
9999,83,104,14.916667,73.666664
10000,83,105,14.916667,73.75
10001,83,106,14.916667,73.833336
10002,83,107,14.916667,73.916664
10003,83,108,14.916667,74.0
10004,83,109,14.916667,74.083336
10005,84,0,15.0,65.0
10006,84,1,15.0,65.083336
10007,84,2,15.0,65.166664
10008,84,3,15.0,65.25
10009,84,4,15.0,65.333336
10010,84,5,15.0,65.416664
10011,84,6,15.0,65.5
10012,84,7,15.0,65.583336
10013,84,8,15.0,65.666664
10014,84,9,15.0,65.75
10015,84,10,15.0,65.833336
10016,84,11,15.0,65.916664
10017,84,12,15.0,66.0
10018,84,13,15.0,66.083336
10019,84,14,15.0,66.166664
10020,84,15,15.0,66.25
10021,84,16,15.0,66.333336
10022,84,17,15.0,66.416664
10023,84,18,15.0,66.5
10024,84,19,15.0,66.583336
10025,84,20,15.0,66.666664
10026,84,21,15.0,66.75
10027,84,22,15.0,66.833336
10028,84,23,15.0,66.916664
10029,84,24,15.0,67.0
10030,84,25,15.0,67.083336
10031,84,26,15.0,67.166664
10032,84,27,15.0,67.25
10033,84,28,15.0,67.333336
10034,84,29,15.0,67.416664
10035,84,30,15.0,67.5
10036,84,31,15.0,67.583336
10037,84,32,15.0,67.666664
10038,84,33,15.0,67.75
10039,84,34,15.0,67.833336
10040,84,35,15.0,67.916664
10041,84,36,15.0,68.0
10042,84,37,15.0,68.083336
10043,84,38,15.0,68.166664
10044,84,39,15.0,68.25
10045,84,40,15.0,68.333336
10046,84,41,15.0,68.416664
10047,84,42,15.0,68.5
10048,84,43,15.0,68.583336
10049,84,44,15.0,68.666664
10050,84,45,15.0,68.75
10051,84,46,15.0,68.833336
10052,84,47,15.0,68.916664
10053,84,48,15.0,69.0
10054,84,49,15.0,69.083336
10055,84,50,15.0,69.166664
10056,84,51,15.0,69.25
10057,84,52,15.0,69.333336
10058,84,53,15.0,69.416664
10059,84,54,15.0,69.5
10060,84,55,15.0,69.583336
10061,84,56,15.0,69.666664
10062,84,57,15.0,69.75
10063,84,58,15.0,69.833336
10064,84,59,15.0,69.916664
10065,84,60,15.0,70.0
10066,84,61,15.0,70.083336
10067,84,62,15.0,70.166664
10068,84,63,15.0,70.25
10069,84,64,15.0,70.333336
10070,84,65,15.0,70.416664
10071,84,66,15.0,70.5
10072,84,67,15.0,70.583336
10073,84,68,15.0,70.666664
10074,84,69,15.0,70.75
10075,84,70,15.0,70.833336
10076,84,71,15.0,70.916664
10077,84,72,15.0,71.0
10078,84,73,15.0,71.083336
10079,84,74,15.0,71.166664
10080,84,75,15.0,71.25
10081,84,76,15.0,71.333336
10082,84,77,15.0,71.416664
10083,84,78,15.0,71.5
10084,84,79,15.0,71.583336
10085,84,80,15.0,71.666664
10086,84,81,15.0,71.75
10087,84,82,15.0,71.833336
10088,84,83,15.0,71.916664
10089,84,84,15.0,72.0
10090,84,85,15.0,72.083336
10091,84,86,15.0,72.166664
10092,84,87,15.0,72.25
10093,84,88,15.0,72.333336
10094,84,89,15.0,72.416664
10095,84,90,15.0,72.5
10096,84,91,15.0,72.583336
10097,84,92,15.0,72.666664
10098,84,93,15.0,72.75
10099,84,94,15.0,72.833336
10100,84,95,15.0,72.916664
10101,84,96,15.0,73.0
10102,84,97,15.0,73.083336
10103,84,98,15.0,73.166664
10104,84,99,15.0,73.25
10105,84,100,15.0,73.333336
10106,84,101,15.0,73.416664
10107,84,102,15.0,73.5
10108,84,103,15.0,73.583336
10109,84,104,15.0,73.666664
10110,84,105,15.0,73.75
10111,84,106,15.0,73.833336
10112,84,107,15.0,73.916664
10113,84,108,15.0,74.0
10114,85,0,15.083333,65.0
10115,85,1,15.083333,65.083336
10116,85,2,15.083333,65.166664
10117,85,3,15.083333,65.25
10118,85,4,15.083333,65.333336
10119,85,5,15.083333,65.416664
10120,85,6,15.083333,65.5
10121,85,7,15.083333,65.583336
10122,85,8,15.083333,65.666664
10123,85,9,15.083333,65.75
10124,85,10,15.083333,65.833336
10125,85,11,15.083333,65.916664
10126,85,12,15.083333,66.0
10127,85,13,15.083333,66.083336
10128,85,14,15.083333,66.166664
10129,85,15,15.083333,66.25
10130,85,16,15.083333,66.333336
10131,85,17,15.083333,66.416664
10132,85,18,15.083333,66.5
10133,85,19,15.083333,66.583336
10134,85,20,15.083333,66.666664
10135,85,21,15.083333,66.75
10136,85,22,15.083333,66.833336
10137,85,23,15.083333,66.916664
10138,85,24,15.083333,67.0
10139,85,25,15.083333,67.083336
10140,85,26,15.083333,67.166664
10141,85,27,15.083333,67.25
10142,85,28,15.083333,67.333336
10143,85,29,15.083333,67.416664
10144,85,30,15.083333,67.5
10145,85,31,15.083333,67.583336
10146,85,32,15.083333,67.666664
10147,85,33,15.083333,67.75
10148,85,34,15.083333,67.833336
10149,85,35,15.083333,67.916664
10150,85,36,15.083333,68.0
10151,85,37,15.083333,68.083336
10152,85,38,15.083333,68.166664
10153,85,39,15.083333,68.25
10154,85,40,15.083333,68.333336
10155,85,41,15.083333,68.416664
10156,85,42,15.083333,68.5
10157,85,43,15.083333,68.583336
10158,85,44,15.083333,68.666664
10159,85,45,15.083333,68.75
10160,85,46,15.083333,68.833336
10161,85,47,15.083333,68.916664
10162,85,48,15.083333,69.0
10163,85,49,15.083333,69.083336
10164,85,50,15.083333,69.166664
10165,85,51,15.083333,69.25
10166,85,52,15.083333,69.333336
10167,85,53,15.083333,69.416664
10168,85,54,15.083333,69.5
10169,85,55,15.083333,69.583336
10170,85,56,15.083333,69.666664
10171,85,57,15.083333,69.75
10172,85,58,15.083333,69.833336
10173,85,59,15.083333,69.916664
10174,85,60,15.083333,70.0
10175,85,61,15.083333,70.083336
10176,85,62,15.083333,70.166664
10177,85,63,15.083333,70.25
10178,85,64,15.083333,70.333336
10179,85,65,15.083333,70.416664
10180,85,66,15.083333,70.5
10181,85,67,15.083333,70.583336
10182,85,68,15.083333,70.666664
10183,85,69,15.083333,70.75
10184,85,70,15.083333,70.833336
10185,85,71,15.083333,70.916664
10186,85,72,15.083333,71.0
10187,85,73,15.083333,71.083336
10188,85,74,15.083333,71.166664
10189,85,75,15.083333,71.25
10190,85,76,15.083333,71.333336
10191,85,77,15.083333,71.416664
10192,85,78,15.083333,71.5
10193,85,79,15.083333,71.583336
10194,85,80,15.083333,71.666664
10195,85,81,15.083333,71.75
10196,85,82,15.083333,71.833336
10197,85,83,15.083333,71.916664
10198,85,84,15.083333,72.0
10199,85,85,15.083333,72.083336
10200,85,86,15.083333,72.166664
10201,85,87,15.083333,72.25
10202,85,88,15.083333,72.333336
10203,85,89,15.083333,72.416664
10204,85,90,15.083333,72.5
10205,85,91,15.083333,72.583336
10206,85,92,15.083333,72.666664
10207,85,93,15.083333,72.75
10208,85,94,15.083333,72.833336
10209,85,95,15.083333,72.916664
10210,85,96,15.083333,73.0
10211,85,97,15.083333,73.083336
10212,85,98,15.083333,73.166664
10213,85,99,15.083333,73.25
10214,85,100,15.083333,73.333336
10215,85,101,15.083333,73.416664
10216,85,102,15.083333,73.5
10217,85,103,15.083333,73.583336
10218,85,104,15.083333,73.666664
10219,85,105,15.083333,73.75
10220,85,106,15.083333,73.833336
10221,85,107,15.083333,73.916664
10222,85,108,15.083333,74.0
10223,86,0,15.166667,65.0
10224,86,1,15.166667,65.083336
10225,86,2,15.166667,65.166664
10226,86,3,15.166667,65.25
10227,86,4,15.166667,65.333336
10228,86,5,15.166667,65.416664
10229,86,6,15.166667,65.5
10230,86,7,15.166667,65.583336
10231,86,8,15.166667,65.666664
10232,86,9,15.166667,65.75
10233,86,10,15.166667,65.833336
10234,86,11,15.166667,65.916664
10235,86,12,15.166667,66.0
10236,86,13,15.166667,66.083336
10237,86,14,15.166667,66.166664
10238,86,15,15.166667,66.25
10239,86,16,15.166667,66.333336
10240,86,17,15.166667,66.416664
10241,86,18,15.166667,66.5
10242,86,19,15.166667,66.583336
10243,86,20,15.166667,66.666664
10244,86,21,15.166667,66.75
10245,86,22,15.166667,66.833336
10246,86,23,15.166667,66.916664
10247,86,24,15.166667,67.0
10248,86,25,15.166667,67.083336
10249,86,26,15.166667,67.166664
10250,86,27,15.166667,67.25
10251,86,28,15.166667,67.333336
10252,86,29,15.166667,67.416664
10253,86,30,15.166667,67.5
10254,86,31,15.166667,67.583336
10255,86,32,15.166667,67.666664
10256,86,33,15.166667,67.75
10257,86,34,15.166667,67.833336
10258,86,35,15.166667,67.916664
10259,86,36,15.166667,68.0
10260,86,37,15.166667,68.083336
10261,86,38,15.166667,68.166664
10262,86,39,15.166667,68.25
10263,86,40,15.166667,68.333336
10264,86,41,15.166667,68.416664
10265,86,42,15.166667,68.5
10266,86,43,15.166667,68.583336
10267,86,44,15.166667,68.666664
10268,86,45,15.166667,68.75
10269,86,46,15.166667,68.833336
10270,86,47,15.166667,68.916664
10271,86,48,15.166667,69.0
10272,86,49,15.166667,69.083336
10273,86,50,15.166667,69.166664
10274,86,51,15.166667,69.25
10275,86,52,15.166667,69.333336
10276,86,53,15.166667,69.416664
10277,86,54,15.166667,69.5
10278,86,55,15.166667,69.583336
10279,86,56,15.166667,69.666664
10280,86,57,15.166667,69.75
10281,86,58,15.166667,69.833336
10282,86,59,15.166667,69.916664
10283,86,60,15.166667,70.0
10284,86,61,15.166667,70.083336
10285,86,62,15.166667,70.166664
10286,86,63,15.166667,70.25
10287,86,64,15.166667,70.333336
10288,86,65,15.166667,70.416664
10289,86,66,15.166667,70.5
10290,86,67,15.166667,70.583336
10291,86,68,15.166667,70.666664
10292,86,69,15.166667,70.75
10293,86,70,15.166667,70.833336
10294,86,71,15.166667,70.916664
10295,86,72,15.166667,71.0
10296,86,73,15.166667,71.083336
10297,86,74,15.166667,71.166664
10298,86,75,15.166667,71.25
10299,86,76,15.166667,71.333336
10300,86,77,15.166667,71.416664
10301,86,78,15.166667,71.5
10302,86,79,15.166667,71.583336
10303,86,80,15.166667,71.666664
10304,86,81,15.166667,71.75
10305,86,82,15.166667,71.833336
10306,86,83,15.166667,71.916664
10307,86,84,15.166667,72.0
10308,86,85,15.166667,72.083336
10309,86,86,15.166667,72.166664
10310,86,87,15.166667,72.25
10311,86,88,15.166667,72.333336
10312,86,89,15.166667,72.416664
10313,86,90,15.166667,72.5
10314,86,91,15.166667,72.583336
10315,86,92,15.166667,72.666664
10316,86,93,15.166667,72.75
10317,86,94,15.166667,72.833336
10318,86,95,15.166667,72.916664
10319,86,96,15.166667,73.0
10320,86,97,15.166667,73.083336
10321,86,98,15.166667,73.166664
10322,86,99,15.166667,73.25
10323,86,100,15.166667,73.333336
10324,86,101,15.166667,73.416664
10325,86,102,15.166667,73.5
10326,86,103,15.166667,73.583336
10327,86,104,15.166667,73.666664
10328,86,105,15.166667,73.75
10329,86,106,15.166667,73.833336
10330,86,107,15.166667,73.916664
10331,87,0,15.25,65.0
10332,87,1,15.25,65.083336
10333,87,2,15.25,65.166664
10334,87,3,15.25,65.25
10335,87,4,15.25,65.333336
10336,87,5,15.25,65.416664
10337,87,6,15.25,65.5
10338,87,7,15.25,65.583336
10339,87,8,15.25,65.666664
10340,87,9,15.25,65.75
10341,87,10,15.25,65.833336
10342,87,11,15.25,65.916664
10343,87,12,15.25,66.0
10344,87,13,15.25,66.083336
10345,87,14,15.25,66.166664
10346,87,15,15.25,66.25
10347,87,16,15.25,66.333336
10348,87,17,15.25,66.416664
10349,87,18,15.25,66.5
10350,87,19,15.25,66.583336
10351,87,20,15.25,66.666664
10352,87,21,15.25,66.75
10353,87,22,15.25,66.833336
10354,87,23,15.25,66.916664
10355,87,24,15.25,67.0
10356,87,25,15.25,67.083336
10357,87,26,15.25,67.166664
10358,87,27,15.25,67.25
10359,87,28,15.25,67.333336
10360,87,29,15.25,67.416664
10361,87,30,15.25,67.5
10362,87,31,15.25,67.583336
10363,87,32,15.25,67.666664
10364,87,33,15.25,67.75
10365,87,34,15.25,67.833336
10366,87,35,15.25,67.916664
10367,87,36,15.25,68.0
10368,87,37,15.25,68.083336
10369,87,38,15.25,68.166664
10370,87,39,15.25,68.25
10371,87,40,15.25,68.333336
10372,87,41,15.25,68.416664
10373,87,42,15.25,68.5
10374,87,43,15.25,68.583336
10375,87,44,15.25,68.666664
10376,87,45,15.25,68.75
10377,87,46,15.25,68.833336
10378,87,47,15.25,68.916664
10379,87,48,15.25,69.0
10380,87,49,15.25,69.083336
10381,87,50,15.25,69.166664
10382,87,51,15.25,69.25
10383,87,52,15.25,69.333336
10384,87,53,15.25,69.416664
10385,87,54,15.25,69.5
10386,87,55,15.25,69.583336
10387,87,56,15.25,69.666664
10388,87,57,15.25,69.75
10389,87,58,15.25,69.833336
10390,87,59,15.25,69.916664
10391,87,60,15.25,70.0
10392,87,61,15.25,70.083336
10393,87,62,15.25,70.166664
10394,87,63,15.25,70.25
10395,87,64,15.25,70.333336
10396,87,65,15.25,70.416664
10397,87,66,15.25,70.5
10398,87,67,15.25,70.583336
10399,87,68,15.25,70.666664
10400,87,69,15.25,70.75
10401,87,70,15.25,70.833336
10402,87,71,15.25,70.916664
10403,87,72,15.25,71.0
10404,87,73,15.25,71.083336
10405,87,74,15.25,71.166664
10406,87,75,15.25,71.25
10407,87,76,15.25,71.333336
10408,87,77,15.25,71.416664
10409,87,78,15.25,71.5
10410,87,79,15.25,71.583336
10411,87,80,15.25,71.666664
10412,87,81,15.25,71.75
10413,87,82,15.25,71.833336
10414,87,83,15.25,71.916664
10415,87,84,15.25,72.0
10416,87,85,15.25,72.083336
10417,87,86,15.25,72.166664
10418,87,87,15.25,72.25
10419,87,88,15.25,72.333336
10420,87,89,15.25,72.416664
10421,87,90,15.25,72.5
10422,87,91,15.25,72.583336
10423,87,92,15.25,72.666664
10424,87,93,15.25,72.75
10425,87,94,15.25,72.833336
10426,87,95,15.25,72.916664
10427,87,96,15.25,73.0
10428,87,97,15.25,73.083336
10429,87,98,15.25,73.166664
10430,87,99,15.25,73.25
10431,87,100,15.25,73.333336
10432,87,101,15.25,73.416664
10433,87,102,15.25,73.5
10434,87,103,15.25,73.583336
10435,87,104,15.25,73.666664
10436,87,105,15.25,73.75
10437,87,106,15.25,73.833336
10438,87,107,15.25,73.916664
10439,88,0,15.333333,65.0
10440,88,1,15.333333,65.083336
10441,88,2,15.333333,65.166664
10442,88,3,15.333333,65.25
10443,88,4,15.333333,65.333336
10444,88,5,15.333333,65.416664
10445,88,6,15.333333,65.5
10446,88,7,15.333333,65.583336
10447,88,8,15.333333,65.666664
10448,88,9,15.333333,65.75
10449,88,10,15.333333,65.833336
10450,88,11,15.333333,65.916664
10451,88,12,15.333333,66.0
10452,88,13,15.333333,66.083336
10453,88,14,15.333333,66.166664
10454,88,15,15.333333,66.25
10455,88,16,15.333333,66.333336
10456,88,17,15.333333,66.416664
10457,88,18,15.333333,66.5
10458,88,19,15.333333,66.583336
10459,88,20,15.333333,66.666664
10460,88,21,15.333333,66.75
10461,88,22,15.333333,66.833336
10462,88,23,15.333333,66.916664
10463,88,24,15.333333,67.0
10464,88,25,15.333333,67.083336
10465,88,26,15.333333,67.166664
10466,88,27,15.333333,67.25
10467,88,28,15.333333,67.333336
10468,88,29,15.333333,67.416664
10469,88,30,15.333333,67.5
10470,88,31,15.333333,67.583336
10471,88,32,15.333333,67.666664
10472,88,33,15.333333,67.75
10473,88,34,15.333333,67.833336
10474,88,35,15.333333,67.916664
10475,88,36,15.333333,68.0
10476,88,37,15.333333,68.083336
10477,88,38,15.333333,68.166664
10478,88,39,15.333333,68.25
10479,88,40,15.333333,68.333336
10480,88,41,15.333333,68.416664
10481,88,42,15.333333,68.5
10482,88,43,15.333333,68.583336
10483,88,44,15.333333,68.666664
10484,88,45,15.333333,68.75
10485,88,46,15.333333,68.833336
10486,88,47,15.333333,68.916664
10487,88,48,15.333333,69.0
10488,88,49,15.333333,69.083336
10489,88,50,15.333333,69.166664
10490,88,51,15.333333,69.25
10491,88,52,15.333333,69.333336
10492,88,53,15.333333,69.416664
10493,88,54,15.333333,69.5
10494,88,55,15.333333,69.583336
10495,88,56,15.333333,69.666664
10496,88,57,15.333333,69.75
10497,88,58,15.333333,69.833336
10498,88,59,15.333333,69.916664
10499,88,60,15.333333,70.0
10500,88,61,15.333333,70.083336
10501,88,62,15.333333,70.166664
10502,88,63,15.333333,70.25
10503,88,64,15.333333,70.333336
10504,88,65,15.333333,70.416664
10505,88,66,15.333333,70.5
10506,88,67,15.333333,70.583336
10507,88,68,15.333333,70.666664
10508,88,69,15.333333,70.75
10509,88,70,15.333333,70.833336
10510,88,71,15.333333,70.916664
10511,88,72,15.333333,71.0
10512,88,73,15.333333,71.083336
10513,88,74,15.333333,71.166664
10514,88,75,15.333333,71.25
10515,88,76,15.333333,71.333336
10516,88,77,15.333333,71.416664
10517,88,78,15.333333,71.5
10518,88,79,15.333333,71.583336
10519,88,80,15.333333,71.666664
10520,88,81,15.333333,71.75
10521,88,82,15.333333,71.833336
10522,88,83,15.333333,71.916664
10523,88,84,15.333333,72.0
10524,88,85,15.333333,72.083336
10525,88,86,15.333333,72.166664
10526,88,87,15.333333,72.25
10527,88,88,15.333333,72.333336
10528,88,89,15.333333,72.416664
10529,88,90,15.333333,72.5
10530,88,91,15.333333,72.583336
10531,88,92,15.333333,72.666664
10532,88,93,15.333333,72.75
10533,88,94,15.333333,72.833336
10534,88,95,15.333333,72.916664
10535,88,96,15.333333,73.0
10536,88,97,15.333333,73.083336
10537,88,98,15.333333,73.166664
10538,88,99,15.333333,73.25
10539,88,100,15.333333,73.333336
10540,88,101,15.333333,73.416664
10541,88,102,15.333333,73.5
10542,88,103,15.333333,73.583336
10543,88,104,15.333333,73.666664
10544,88,105,15.333333,73.75
10545,88,106,15.333333,73.833336
10546,88,107,15.333333,73.916664
10547,89,0,15.416667,65.0
10548,89,1,15.416667,65.083336
10549,89,2,15.416667,65.166664
10550,89,3,15.416667,65.25
10551,89,4,15.416667,65.333336
10552,89,5,15.416667,65.416664
10553,89,6,15.416667,65.5
10554,89,7,15.416667,65.583336
10555,89,8,15.416667,65.666664
10556,89,9,15.416667,65.75
10557,89,10,15.416667,65.833336
10558,89,11,15.416667,65.916664
10559,89,12,15.416667,66.0
10560,89,13,15.416667,66.083336
10561,89,14,15.416667,66.166664
10562,89,15,15.416667,66.25
10563,89,16,15.416667,66.333336
10564,89,17,15.416667,66.416664
10565,89,18,15.416667,66.5
10566,89,19,15.416667,66.583336
10567,89,20,15.416667,66.666664
10568,89,21,15.416667,66.75
10569,89,22,15.416667,66.833336
10570,89,23,15.416667,66.916664
10571,89,24,15.416667,67.0
10572,89,25,15.416667,67.083336
10573,89,26,15.416667,67.166664
10574,89,27,15.416667,67.25
10575,89,28,15.416667,67.333336
10576,89,29,15.416667,67.416664
10577,89,30,15.416667,67.5
10578,89,31,15.416667,67.583336
10579,89,32,15.416667,67.666664
10580,89,33,15.416667,67.75
10581,89,34,15.416667,67.833336
10582,89,35,15.416667,67.916664
10583,89,36,15.416667,68.0
10584,89,37,15.416667,68.083336
10585,89,38,15.416667,68.166664
10586,89,39,15.416667,68.25
10587,89,40,15.416667,68.333336
10588,89,41,15.416667,68.416664
10589,89,42,15.416667,68.5
10590,89,43,15.416667,68.583336
10591,89,44,15.416667,68.666664
10592,89,45,15.416667,68.75
10593,89,46,15.416667,68.833336
10594,89,47,15.416667,68.916664
10595,89,48,15.416667,69.0
10596,89,49,15.416667,69.083336
10597,89,50,15.416667,69.166664
10598,89,51,15.416667,69.25
10599,89,52,15.416667,69.333336
10600,89,53,15.416667,69.416664
10601,89,54,15.416667,69.5
10602,89,55,15.416667,69.583336
10603,89,56,15.416667,69.666664
10604,89,57,15.416667,69.75
10605,89,58,15.416667,69.833336
10606,89,59,15.416667,69.916664
10607,89,60,15.416667,70.0
10608,89,61,15.416667,70.083336
10609,89,62,15.416667,70.166664
10610,89,63,15.416667,70.25
10611,89,64,15.416667,70.333336
10612,89,65,15.416667,70.416664
10613,89,66,15.416667,70.5
10614,89,67,15.416667,70.583336
10615,89,68,15.416667,70.666664
10616,89,69,15.416667,70.75
10617,89,70,15.416667,70.833336
10618,89,71,15.416667,70.916664
10619,89,72,15.416667,71.0
10620,89,73,15.416667,71.083336
10621,89,74,15.416667,71.166664
10622,89,75,15.416667,71.25
10623,89,76,15.416667,71.333336
10624,89,77,15.416667,71.416664
10625,89,78,15.416667,71.5
10626,89,79,15.416667,71.583336
10627,89,80,15.416667,71.666664
10628,89,81,15.416667,71.75
10629,89,82,15.416667,71.833336
10630,89,83,15.416667,71.916664
10631,89,84,15.416667,72.0
10632,89,85,15.416667,72.083336
10633,89,86,15.416667,72.166664
10634,89,87,15.416667,72.25
10635,89,88,15.416667,72.333336
10636,89,89,15.416667,72.416664
10637,89,90,15.416667,72.5
10638,89,91,15.416667,72.583336
10639,89,92,15.416667,72.666664
10640,89,93,15.416667,72.75
10641,89,94,15.416667,72.833336
10642,89,95,15.416667,72.916664
10643,89,96,15.416667,73.0
10644,89,97,15.416667,73.083336
10645,89,98,15.416667,73.166664
10646,89,99,15.416667,73.25
10647,89,100,15.416667,73.333336
10648,89,101,15.416667,73.416664
10649,89,102,15.416667,73.5
10650,89,103,15.416667,73.583336
10651,89,104,15.416667,73.666664
10652,89,105,15.416667,73.75
10653,89,106,15.416667,73.833336
10654,90,0,15.5,65.0
10655,90,1,15.5,65.083336
10656,90,2,15.5,65.166664
10657,90,3,15.5,65.25
10658,90,4,15.5,65.333336
10659,90,5,15.5,65.416664
10660,90,6,15.5,65.5
10661,90,7,15.5,65.583336
10662,90,8,15.5,65.666664
10663,90,9,15.5,65.75
10664,90,10,15.5,65.833336
10665,90,11,15.5,65.916664
10666,90,12,15.5,66.0
10667,90,13,15.5,66.083336
10668,90,14,15.5,66.166664
10669,90,15,15.5,66.25
10670,90,16,15.5,66.333336
10671,90,17,15.5,66.416664
10672,90,18,15.5,66.5
10673,90,19,15.5,66.583336
10674,90,20,15.5,66.666664
10675,90,21,15.5,66.75
10676,90,22,15.5,66.833336
10677,90,23,15.5,66.916664
10678,90,24,15.5,67.0
10679,90,25,15.5,67.083336
10680,90,26,15.5,67.166664
10681,90,27,15.5,67.25
10682,90,28,15.5,67.333336
10683,90,29,15.5,67.416664
10684,90,30,15.5,67.5
10685,90,31,15.5,67.583336
10686,90,32,15.5,67.666664
10687,90,33,15.5,67.75
10688,90,34,15.5,67.833336
10689,90,35,15.5,67.916664
10690,90,36,15.5,68.0
10691,90,37,15.5,68.083336
10692,90,38,15.5,68.166664
10693,90,39,15.5,68.25
10694,90,40,15.5,68.333336
10695,90,41,15.5,68.416664
10696,90,42,15.5,68.5
10697,90,43,15.5,68.583336
10698,90,44,15.5,68.666664
10699,90,45,15.5,68.75
10700,90,46,15.5,68.833336
10701,90,47,15.5,68.916664
10702,90,48,15.5,69.0
10703,90,49,15.5,69.083336
10704,90,50,15.5,69.166664
10705,90,51,15.5,69.25
10706,90,52,15.5,69.333336
10707,90,53,15.5,69.416664
10708,90,54,15.5,69.5
10709,90,55,15.5,69.583336
10710,90,56,15.5,69.666664
10711,90,57,15.5,69.75
10712,90,58,15.5,69.833336
10713,90,59,15.5,69.916664
10714,90,60,15.5,70.0
10715,90,61,15.5,70.083336
10716,90,62,15.5,70.166664
10717,90,63,15.5,70.25
10718,90,64,15.5,70.333336
10719,90,65,15.5,70.416664
10720,90,66,15.5,70.5
10721,90,67,15.5,70.583336
10722,90,68,15.5,70.666664
10723,90,69,15.5,70.75
10724,90,70,15.5,70.833336
10725,90,71,15.5,70.916664
10726,90,72,15.5,71.0
10727,90,73,15.5,71.083336
10728,90,74,15.5,71.166664
10729,90,75,15.5,71.25
10730,90,76,15.5,71.333336
10731,90,77,15.5,71.416664
10732,90,78,15.5,71.5
10733,90,79,15.5,71.583336
10734,90,80,15.5,71.666664
10735,90,81,15.5,71.75
10736,90,82,15.5,71.833336
10737,90,83,15.5,71.916664
10738,90,84,15.5,72.0
10739,90,85,15.5,72.083336
10740,90,86,15.5,72.166664
10741,90,87,15.5,72.25
10742,90,88,15.5,72.333336
10743,90,89,15.5,72.416664
10744,90,90,15.5,72.5
10745,90,91,15.5,72.583336
10746,90,92,15.5,72.666664
10747,90,93,15.5,72.75
10748,90,94,15.5,72.833336
10749,90,95,15.5,72.916664
10750,90,96,15.5,73.0
10751,90,97,15.5,73.083336
10752,90,98,15.5,73.166664
10753,90,99,15.5,73.25
10754,90,100,15.5,73.333336
10755,90,101,15.5,73.416664
10756,90,102,15.5,73.5
10757,90,103,15.5,73.583336
10758,90,104,15.5,73.666664
10759,90,105,15.5,73.75
10760,91,0,15.583333,65.0
10761,91,1,15.583333,65.083336
10762,91,2,15.583333,65.166664
10763,91,3,15.583333,65.25
10764,91,4,15.583333,65.333336
10765,91,5,15.583333,65.416664
10766,91,6,15.583333,65.5
10767,91,7,15.583333,65.583336
10768,91,8,15.583333,65.666664
10769,91,9,15.583333,65.75
10770,91,10,15.583333,65.833336
10771,91,11,15.583333,65.916664
10772,91,12,15.583333,66.0
10773,91,13,15.583333,66.083336
10774,91,14,15.583333,66.166664
10775,91,15,15.583333,66.25
10776,91,16,15.583333,66.333336
10777,91,17,15.583333,66.416664
10778,91,18,15.583333,66.5
10779,91,19,15.583333,66.583336
10780,91,20,15.583333,66.666664
10781,91,21,15.583333,66.75
10782,91,22,15.583333,66.833336
10783,91,23,15.583333,66.916664
10784,91,24,15.583333,67.0
10785,91,25,15.583333,67.083336
10786,91,26,15.583333,67.166664
10787,91,27,15.583333,67.25
10788,91,28,15.583333,67.333336
10789,91,29,15.583333,67.416664
10790,91,30,15.583333,67.5
10791,91,31,15.583333,67.583336
10792,91,32,15.583333,67.666664
10793,91,33,15.583333,67.75
10794,91,34,15.583333,67.833336
10795,91,35,15.583333,67.916664
10796,91,36,15.583333,68.0
10797,91,37,15.583333,68.083336
10798,91,38,15.583333,68.166664
10799,91,39,15.583333,68.25
10800,91,40,15.583333,68.333336
10801,91,41,15.583333,68.416664
10802,91,42,15.583333,68.5
10803,91,43,15.583333,68.583336
10804,91,44,15.583333,68.666664
10805,91,45,15.583333,68.75
10806,91,46,15.583333,68.833336
10807,91,47,15.583333,68.916664
10808,91,48,15.583333,69.0
10809,91,49,15.583333,69.083336
10810,91,50,15.583333,69.166664
10811,91,51,15.583333,69.25
10812,91,52,15.583333,69.333336
10813,91,53,15.583333,69.416664
10814,91,54,15.583333,69.5
10815,91,55,15.583333,69.583336
10816,91,56,15.583333,69.666664
10817,91,57,15.583333,69.75
10818,91,58,15.583333,69.833336
10819,91,59,15.583333,69.916664
10820,91,60,15.583333,70.0
10821,91,61,15.583333,70.083336
10822,91,62,15.583333,70.166664
10823,91,63,15.583333,70.25
10824,91,64,15.583333,70.333336
10825,91,65,15.583333,70.416664
10826,91,66,15.583333,70.5
10827,91,67,15.583333,70.583336
10828,91,68,15.583333,70.666664
10829,91,69,15.583333,70.75
10830,91,70,15.583333,70.833336
10831,91,71,15.583333,70.916664
10832,91,72,15.583333,71.0
10833,91,73,15.583333,71.083336
10834,91,74,15.583333,71.166664
10835,91,75,15.583333,71.25
10836,91,76,15.583333,71.333336
10837,91,77,15.583333,71.416664
10838,91,78,15.583333,71.5
10839,91,79,15.583333,71.583336
10840,91,80,15.583333,71.666664
10841,91,81,15.583333,71.75
10842,91,82,15.583333,71.833336
10843,91,83,15.583333,71.916664
10844,91,84,15.583333,72.0
10845,91,85,15.583333,72.083336
10846,91,86,15.583333,72.166664
10847,91,87,15.583333,72.25
10848,91,88,15.583333,72.333336
10849,91,89,15.583333,72.416664
10850,91,90,15.583333,72.5
10851,91,91,15.583333,72.583336
10852,91,92,15.583333,72.666664
10853,91,93,15.583333,72.75
10854,91,94,15.583333,72.833336
10855,91,95,15.583333,72.916664
10856,91,96,15.583333,73.0
10857,91,97,15.583333,73.083336
10858,91,98,15.583333,73.166664
10859,91,99,15.583333,73.25
10860,91,100,15.583333,73.333336
10861,91,101,15.583333,73.416664
10862,91,102,15.583333,73.5
10863,91,103,15.583333,73.583336
10864,91,104,15.583333,73.666664
10865,91,105,15.583333,73.75
10866,92,0,15.666667,65.0
10867,92,1,15.666667,65.083336
10868,92,2,15.666667,65.166664
10869,92,3,15.666667,65.25
10870,92,4,15.666667,65.333336
10871,92,5,15.666667,65.416664
10872,92,6,15.666667,65.5
10873,92,7,15.666667,65.583336
10874,92,8,15.666667,65.666664
10875,92,9,15.666667,65.75
10876,92,10,15.666667,65.833336
10877,92,11,15.666667,65.916664
10878,92,12,15.666667,66.0
10879,92,13,15.666667,66.083336
10880,92,14,15.666667,66.166664
10881,92,15,15.666667,66.25
10882,92,16,15.666667,66.333336
10883,92,17,15.666667,66.416664
10884,92,18,15.666667,66.5
10885,92,19,15.666667,66.583336
10886,92,20,15.666667,66.666664
10887,92,21,15.666667,66.75
10888,92,22,15.666667,66.833336
10889,92,23,15.666667,66.916664
10890,92,24,15.666667,67.0
10891,92,25,15.666667,67.083336
10892,92,26,15.666667,67.166664
10893,92,27,15.666667,67.25
10894,92,28,15.666667,67.333336
10895,92,29,15.666667,67.416664
10896,92,30,15.666667,67.5
10897,92,31,15.666667,67.583336
10898,92,32,15.666667,67.666664
10899,92,33,15.666667,67.75
10900,92,34,15.666667,67.833336
10901,92,35,15.666667,67.916664
10902,92,36,15.666667,68.0
10903,92,37,15.666667,68.083336
10904,92,38,15.666667,68.166664
10905,92,39,15.666667,68.25
10906,92,40,15.666667,68.333336
10907,92,41,15.666667,68.416664
10908,92,42,15.666667,68.5
10909,92,43,15.666667,68.583336
10910,92,44,15.666667,68.666664
10911,92,45,15.666667,68.75
10912,92,46,15.666667,68.833336
10913,92,47,15.666667,68.916664
10914,92,48,15.666667,69.0
10915,92,49,15.666667,69.083336
10916,92,50,15.666667,69.166664
10917,92,51,15.666667,69.25
10918,92,52,15.666667,69.333336
10919,92,53,15.666667,69.416664
10920,92,54,15.666667,69.5
10921,92,55,15.666667,69.583336
10922,92,56,15.666667,69.666664
10923,92,57,15.666667,69.75
10924,92,58,15.666667,69.833336
10925,92,59,15.666667,69.916664
10926,92,60,15.666667,70.0
10927,92,61,15.666667,70.083336
10928,92,62,15.666667,70.166664
10929,92,63,15.666667,70.25
10930,92,64,15.666667,70.333336
10931,92,65,15.666667,70.416664
10932,92,66,15.666667,70.5
10933,92,67,15.666667,70.583336
10934,92,68,15.666667,70.666664
10935,92,69,15.666667,70.75
10936,92,70,15.666667,70.833336
10937,92,71,15.666667,70.916664
10938,92,72,15.666667,71.0
10939,92,73,15.666667,71.083336
10940,92,74,15.666667,71.166664
10941,92,75,15.666667,71.25
10942,92,76,15.666667,71.333336
10943,92,77,15.666667,71.416664
10944,92,78,15.666667,71.5
10945,92,79,15.666667,71.583336
10946,92,80,15.666667,71.666664
10947,92,81,15.666667,71.75
10948,92,82,15.666667,71.833336
10949,92,83,15.666667,71.916664
10950,92,84,15.666667,72.0
10951,92,85,15.666667,72.083336
10952,92,86,15.666667,72.166664
10953,92,87,15.666667,72.25
10954,92,88,15.666667,72.333336
10955,92,89,15.666667,72.416664
10956,92,90,15.666667,72.5
10957,92,91,15.666667,72.583336
10958,92,92,15.666667,72.666664
10959,92,93,15.666667,72.75
10960,92,94,15.666667,72.833336
10961,92,95,15.666667,72.916664
10962,92,96,15.666667,73.0
10963,92,97,15.666667,73.083336
10964,92,98,15.666667,73.166664
10965,92,99,15.666667,73.25
10966,92,100,15.666667,73.333336
10967,92,101,15.666667,73.416664
10968,92,102,15.666667,73.5
10969,92,103,15.666667,73.583336
10970,92,104,15.666667,73.666664
10971,92,105,15.666667,73.75
10972,93,0,15.75,65.0
10973,93,1,15.75,65.083336
10974,93,2,15.75,65.166664
10975,93,3,15.75,65.25
10976,93,4,15.75,65.333336
10977,93,5,15.75,65.416664
10978,93,6,15.75,65.5
10979,93,7,15.75,65.583336
10980,93,8,15.75,65.666664
10981,93,9,15.75,65.75
10982,93,10,15.75,65.833336
10983,93,11,15.75,65.916664
10984,93,12,15.75,66.0
10985,93,13,15.75,66.083336
10986,93,14,15.75,66.166664
10987,93,15,15.75,66.25
10988,93,16,15.75,66.333336
10989,93,17,15.75,66.416664
10990,93,18,15.75,66.5
10991,93,19,15.75,66.583336
10992,93,20,15.75,66.666664
10993,93,21,15.75,66.75
10994,93,22,15.75,66.833336
10995,93,23,15.75,66.916664
10996,93,24,15.75,67.0
10997,93,25,15.75,67.083336
10998,93,26,15.75,67.166664
10999,93,27,15.75,67.25
11000,93,28,15.75,67.333336
11001,93,29,15.75,67.416664
11002,93,30,15.75,67.5
11003,93,31,15.75,67.583336
11004,93,32,15.75,67.666664
11005,93,33,15.75,67.75
11006,93,34,15.75,67.833336
11007,93,35,15.75,67.916664
11008,93,36,15.75,68.0
11009,93,37,15.75,68.083336
11010,93,38,15.75,68.166664
11011,93,39,15.75,68.25
11012,93,40,15.75,68.333336
11013,93,41,15.75,68.416664
11014,93,42,15.75,68.5
11015,93,43,15.75,68.583336
11016,93,44,15.75,68.666664
11017,93,45,15.75,68.75
11018,93,46,15.75,68.833336
11019,93,47,15.75,68.916664
11020,93,48,15.75,69.0
11021,93,49,15.75,69.083336
11022,93,50,15.75,69.166664
11023,93,51,15.75,69.25
11024,93,52,15.75,69.333336
11025,93,53,15.75,69.416664
11026,93,54,15.75,69.5
11027,93,55,15.75,69.583336
11028,93,56,15.75,69.666664
11029,93,57,15.75,69.75
11030,93,58,15.75,69.833336
11031,93,59,15.75,69.916664
11032,93,60,15.75,70.0
11033,93,61,15.75,70.083336
11034,93,62,15.75,70.166664
11035,93,63,15.75,70.25
11036,93,64,15.75,70.333336
11037,93,65,15.75,70.416664
11038,93,66,15.75,70.5
11039,93,67,15.75,70.583336
11040,93,68,15.75,70.666664
11041,93,69,15.75,70.75
11042,93,70,15.75,70.833336
11043,93,71,15.75,70.916664
11044,93,72,15.75,71.0
11045,93,73,15.75,71.083336
11046,93,74,15.75,71.166664
11047,93,75,15.75,71.25
11048,93,76,15.75,71.333336
11049,93,77,15.75,71.416664
11050,93,78,15.75,71.5
11051,93,79,15.75,71.583336
11052,93,80,15.75,71.666664
11053,93,81,15.75,71.75
11054,93,82,15.75,71.833336
11055,93,83,15.75,71.916664
11056,93,84,15.75,72.0
11057,93,85,15.75,72.083336
11058,93,86,15.75,72.166664
11059,93,87,15.75,72.25
11060,93,88,15.75,72.333336
11061,93,89,15.75,72.416664
11062,93,90,15.75,72.5
11063,93,91,15.75,72.583336
11064,93,92,15.75,72.666664
11065,93,93,15.75,72.75
11066,93,94,15.75,72.833336
11067,93,95,15.75,72.916664
11068,93,96,15.75,73.0
11069,93,97,15.75,73.083336
11070,93,98,15.75,73.166664
11071,93,99,15.75,73.25
11072,93,100,15.75,73.333336
11073,93,101,15.75,73.416664
11074,93,102,15.75,73.5
11075,93,103,15.75,73.583336
11076,93,104,15.75,73.666664
11077,94,0,15.833333,65.0
11078,94,1,15.833333,65.083336
11079,94,2,15.833333,65.166664
11080,94,3,15.833333,65.25
11081,94,4,15.833333,65.333336
11082,94,5,15.833333,65.416664
11083,94,6,15.833333,65.5
11084,94,7,15.833333,65.583336
11085,94,8,15.833333,65.666664
11086,94,9,15.833333,65.75
11087,94,10,15.833333,65.833336
11088,94,11,15.833333,65.916664
11089,94,12,15.833333,66.0
11090,94,13,15.833333,66.083336
11091,94,14,15.833333,66.166664
11092,94,15,15.833333,66.25
11093,94,16,15.833333,66.333336
11094,94,17,15.833333,66.416664
11095,94,18,15.833333,66.5
11096,94,19,15.833333,66.583336
11097,94,20,15.833333,66.666664
11098,94,21,15.833333,66.75
11099,94,22,15.833333,66.833336
11100,94,23,15.833333,66.916664
11101,94,24,15.833333,67.0
11102,94,25,15.833333,67.083336
11103,94,26,15.833333,67.166664
11104,94,27,15.833333,67.25
11105,94,28,15.833333,67.333336
11106,94,29,15.833333,67.416664
11107,94,30,15.833333,67.5
11108,94,31,15.833333,67.583336
11109,94,32,15.833333,67.666664
11110,94,33,15.833333,67.75
11111,94,34,15.833333,67.833336
11112,94,35,15.833333,67.916664
11113,94,36,15.833333,68.0
11114,94,37,15.833333,68.083336
11115,94,38,15.833333,68.166664
11116,94,39,15.833333,68.25
11117,94,40,15.833333,68.333336
11118,94,41,15.833333,68.416664
11119,94,42,15.833333,68.5
11120,94,43,15.833333,68.583336
11121,94,44,15.833333,68.666664
11122,94,45,15.833333,68.75
11123,94,46,15.833333,68.833336
11124,94,47,15.833333,68.916664
11125,94,48,15.833333,69.0
11126,94,49,15.833333,69.083336
11127,94,50,15.833333,69.166664
11128,94,51,15.833333,69.25
11129,94,52,15.833333,69.333336
11130,94,53,15.833333,69.416664
11131,94,54,15.833333,69.5
11132,94,55,15.833333,69.583336
11133,94,56,15.833333,69.666664
11134,94,57,15.833333,69.75
11135,94,58,15.833333,69.833336
11136,94,59,15.833333,69.916664
11137,94,60,15.833333,70.0
11138,94,61,15.833333,70.083336
11139,94,62,15.833333,70.166664
11140,94,63,15.833333,70.25
11141,94,64,15.833333,70.333336
11142,94,65,15.833333,70.416664
11143,94,66,15.833333,70.5
11144,94,67,15.833333,70.583336
11145,94,68,15.833333,70.666664
11146,94,69,15.833333,70.75
11147,94,70,15.833333,70.833336
11148,94,71,15.833333,70.916664
11149,94,72,15.833333,71.0
11150,94,73,15.833333,71.083336
11151,94,74,15.833333,71.166664
11152,94,75,15.833333,71.25
11153,94,76,15.833333,71.333336
11154,94,77,15.833333,71.416664
11155,94,78,15.833333,71.5
11156,94,79,15.833333,71.583336
11157,94,80,15.833333,71.666664
11158,94,81,15.833333,71.75
11159,94,82,15.833333,71.833336
11160,94,83,15.833333,71.916664
11161,94,84,15.833333,72.0
11162,94,85,15.833333,72.083336
11163,94,86,15.833333,72.166664
11164,94,87,15.833333,72.25
11165,94,88,15.833333,72.333336
11166,94,89,15.833333,72.416664
11167,94,90,15.833333,72.5
11168,94,91,15.833333,72.583336
11169,94,92,15.833333,72.666664
11170,94,93,15.833333,72.75
11171,94,94,15.833333,72.833336
11172,94,95,15.833333,72.916664
11173,94,96,15.833333,73.0
11174,94,97,15.833333,73.083336
11175,94,98,15.833333,73.166664
11176,94,99,15.833333,73.25
11177,94,100,15.833333,73.333336
11178,94,101,15.833333,73.416664
11179,94,102,15.833333,73.5
11180,94,103,15.833333,73.583336
11181,94,104,15.833333,73.666664
11182,95,0,15.916667,65.0
11183,95,1,15.916667,65.083336
11184,95,2,15.916667,65.166664
11185,95,3,15.916667,65.25
11186,95,4,15.916667,65.333336
11187,95,5,15.916667,65.416664
11188,95,6,15.916667,65.5
11189,95,7,15.916667,65.583336
11190,95,8,15.916667,65.666664
11191,95,9,15.916667,65.75
11192,95,10,15.916667,65.833336
11193,95,11,15.916667,65.916664
11194,95,12,15.916667,66.0
11195,95,13,15.916667,66.083336
11196,95,14,15.916667,66.166664
11197,95,15,15.916667,66.25
11198,95,16,15.916667,66.333336
11199,95,17,15.916667,66.416664
11200,95,18,15.916667,66.5
11201,95,19,15.916667,66.583336
11202,95,20,15.916667,66.666664
11203,95,21,15.916667,66.75
11204,95,22,15.916667,66.833336
11205,95,23,15.916667,66.916664
11206,95,24,15.916667,67.0
11207,95,25,15.916667,67.083336
11208,95,26,15.916667,67.166664
11209,95,27,15.916667,67.25
11210,95,28,15.916667,67.333336
11211,95,29,15.916667,67.416664
11212,95,30,15.916667,67.5
11213,95,31,15.916667,67.583336
11214,95,32,15.916667,67.666664
11215,95,33,15.916667,67.75
11216,95,34,15.916667,67.833336
11217,95,35,15.916667,67.916664
11218,95,36,15.916667,68.0
11219,95,37,15.916667,68.083336
11220,95,38,15.916667,68.166664
11221,95,39,15.916667,68.25
11222,95,40,15.916667,68.333336
11223,95,41,15.916667,68.416664
11224,95,42,15.916667,68.5
11225,95,43,15.916667,68.583336
11226,95,44,15.916667,68.666664
11227,95,45,15.916667,68.75
11228,95,46,15.916667,68.833336
11229,95,47,15.916667,68.916664
11230,95,48,15.916667,69.0
11231,95,49,15.916667,69.083336
11232,95,50,15.916667,69.166664
11233,95,51,15.916667,69.25
11234,95,52,15.916667,69.333336
11235,95,53,15.916667,69.416664
11236,95,54,15.916667,69.5
11237,95,55,15.916667,69.583336
11238,95,56,15.916667,69.666664
11239,95,57,15.916667,69.75
11240,95,58,15.916667,69.833336
11241,95,59,15.916667,69.916664
11242,95,60,15.916667,70.0
11243,95,61,15.916667,70.083336
11244,95,62,15.916667,70.166664
11245,95,63,15.916667,70.25
11246,95,64,15.916667,70.333336
11247,95,65,15.916667,70.416664
11248,95,66,15.916667,70.5
11249,95,67,15.916667,70.583336
11250,95,68,15.916667,70.666664
11251,95,69,15.916667,70.75
11252,95,70,15.916667,70.833336
11253,95,71,15.916667,70.916664
11254,95,72,15.916667,71.0
11255,95,73,15.916667,71.083336
11256,95,74,15.916667,71.166664
11257,95,75,15.916667,71.25
11258,95,76,15.916667,71.333336
11259,95,77,15.916667,71.416664
11260,95,78,15.916667,71.5
11261,95,79,15.916667,71.583336
11262,95,80,15.916667,71.666664
11263,95,81,15.916667,71.75
11264,95,82,15.916667,71.833336
11265,95,83,15.916667,71.916664
11266,95,84,15.916667,72.0
11267,95,85,15.916667,72.083336
11268,95,86,15.916667,72.166664
11269,95,87,15.916667,72.25
11270,95,88,15.916667,72.333336
11271,95,89,15.916667,72.416664
11272,95,90,15.916667,72.5
11273,95,91,15.916667,72.583336
11274,95,92,15.916667,72.666664
11275,95,93,15.916667,72.75
11276,95,94,15.916667,72.833336
11277,95,95,15.916667,72.916664
11278,95,96,15.916667,73.0
11279,95,97,15.916667,73.083336
11280,95,98,15.916667,73.166664
11281,95,99,15.916667,73.25
11282,95,100,15.916667,73.333336
11283,95,101,15.916667,73.416664
11284,95,102,15.916667,73.5
11285,96,0,16.0,65.0
11286,96,1,16.0,65.083336
11287,96,2,16.0,65.166664
11288,96,3,16.0,65.25
11289,96,4,16.0,65.333336
11290,96,5,16.0,65.416664
11291,96,6,16.0,65.5
11292,96,7,16.0,65.583336
11293,96,8,16.0,65.666664
11294,96,9,16.0,65.75
11295,96,10,16.0,65.833336
11296,96,11,16.0,65.916664
11297,96,12,16.0,66.0
11298,96,13,16.0,66.083336
11299,96,14,16.0,66.166664
11300,96,15,16.0,66.25
11301,96,16,16.0,66.333336
11302,96,17,16.0,66.416664
11303,96,18,16.0,66.5
11304,96,19,16.0,66.583336
11305,96,20,16.0,66.666664
11306,96,21,16.0,66.75
11307,96,22,16.0,66.833336
11308,96,23,16.0,66.916664
11309,96,24,16.0,67.0
11310,96,25,16.0,67.083336
11311,96,26,16.0,67.166664
11312,96,27,16.0,67.25
11313,96,28,16.0,67.333336
11314,96,29,16.0,67.416664
11315,96,30,16.0,67.5
11316,96,31,16.0,67.583336
11317,96,32,16.0,67.666664
11318,96,33,16.0,67.75
11319,96,34,16.0,67.833336
11320,96,35,16.0,67.916664
11321,96,36,16.0,68.0
11322,96,37,16.0,68.083336
11323,96,38,16.0,68.166664
11324,96,39,16.0,68.25
11325,96,40,16.0,68.333336
11326,96,41,16.0,68.416664
11327,96,42,16.0,68.5
11328,96,43,16.0,68.583336
11329,96,44,16.0,68.666664
11330,96,45,16.0,68.75
11331,96,46,16.0,68.833336
11332,96,47,16.0,68.916664
11333,96,48,16.0,69.0
11334,96,49,16.0,69.083336
11335,96,50,16.0,69.166664
11336,96,51,16.0,69.25
11337,96,52,16.0,69.333336
11338,96,53,16.0,69.416664
11339,96,54,16.0,69.5
11340,96,55,16.0,69.583336
11341,96,56,16.0,69.666664
11342,96,57,16.0,69.75
11343,96,58,16.0,69.833336
11344,96,59,16.0,69.916664
11345,96,60,16.0,70.0
11346,96,61,16.0,70.083336
11347,96,62,16.0,70.166664
11348,96,63,16.0,70.25
11349,96,64,16.0,70.333336
11350,96,65,16.0,70.416664
11351,96,66,16.0,70.5
11352,96,67,16.0,70.583336
11353,96,68,16.0,70.666664
11354,96,69,16.0,70.75
11355,96,70,16.0,70.833336
11356,96,71,16.0,70.916664
11357,96,72,16.0,71.0
11358,96,73,16.0,71.083336
11359,96,74,16.0,71.166664
11360,96,75,16.0,71.25
11361,96,76,16.0,71.333336
11362,96,77,16.0,71.416664
11363,96,78,16.0,71.5
11364,96,79,16.0,71.583336
11365,96,80,16.0,71.666664
11366,96,81,16.0,71.75
11367,96,82,16.0,71.833336
11368,96,83,16.0,71.916664
11369,96,84,16.0,72.0
11370,96,85,16.0,72.083336
11371,96,86,16.0,72.166664
11372,96,87,16.0,72.25
11373,96,88,16.0,72.333336
11374,96,89,16.0,72.416664
11375,96,90,16.0,72.5
11376,96,91,16.0,72.583336
11377,96,92,16.0,72.666664
11378,96,93,16.0,72.75
11379,96,94,16.0,72.833336
11380,96,95,16.0,72.916664
11381,96,96,16.0,73.0
11382,96,97,16.0,73.083336
11383,96,98,16.0,73.166664
11384,96,99,16.0,73.25
11385,96,100,16.0,73.333336
11386,96,101,16.0,73.416664
11387,97,0,16.083334,65.0
11388,97,1,16.083334,65.083336
11389,97,2,16.083334,65.166664
11390,97,3,16.083334,65.25
11391,97,4,16.083334,65.333336
11392,97,5,16.083334,65.416664
11393,97,6,16.083334,65.5
11394,97,7,16.083334,65.583336
11395,97,8,16.083334,65.666664
11396,97,9,16.083334,65.75
11397,97,10,16.083334,65.833336
11398,97,11,16.083334,65.916664
11399,97,12,16.083334,66.0
11400,97,13,16.083334,66.083336
11401,97,14,16.083334,66.166664
11402,97,15,16.083334,66.25
11403,97,16,16.083334,66.333336
11404,97,17,16.083334,66.416664
11405,97,18,16.083334,66.5
11406,97,19,16.083334,66.583336
11407,97,20,16.083334,66.666664
11408,97,21,16.083334,66.75
11409,97,22,16.083334,66.833336
11410,97,23,16.083334,66.916664
11411,97,24,16.083334,67.0
11412,97,25,16.083334,67.083336
11413,97,26,16.083334,67.166664
11414,97,27,16.083334,67.25
11415,97,28,16.083334,67.333336
11416,97,29,16.083334,67.416664
11417,97,30,16.083334,67.5
11418,97,31,16.083334,67.583336
11419,97,32,16.083334,67.666664
11420,97,33,16.083334,67.75
11421,97,34,16.083334,67.833336
11422,97,35,16.083334,67.916664
11423,97,36,16.083334,68.0
11424,97,37,16.083334,68.083336
11425,97,38,16.083334,68.166664
11426,97,39,16.083334,68.25
11427,97,40,16.083334,68.333336
11428,97,41,16.083334,68.416664
11429,97,42,16.083334,68.5
11430,97,43,16.083334,68.583336
11431,97,44,16.083334,68.666664
11432,97,45,16.083334,68.75
11433,97,46,16.083334,68.833336
11434,97,47,16.083334,68.916664
11435,97,48,16.083334,69.0
11436,97,49,16.083334,69.083336
11437,97,50,16.083334,69.166664
11438,97,51,16.083334,69.25
11439,97,52,16.083334,69.333336
11440,97,53,16.083334,69.416664
11441,97,54,16.083334,69.5
11442,97,55,16.083334,69.583336
11443,97,56,16.083334,69.666664
11444,97,57,16.083334,69.75
11445,97,58,16.083334,69.833336
11446,97,59,16.083334,69.916664
11447,97,60,16.083334,70.0
11448,97,61,16.083334,70.083336
11449,97,62,16.083334,70.166664
11450,97,63,16.083334,70.25
11451,97,64,16.083334,70.333336
11452,97,65,16.083334,70.416664
11453,97,66,16.083334,70.5
11454,97,67,16.083334,70.583336
11455,97,68,16.083334,70.666664
11456,97,69,16.083334,70.75
11457,97,70,16.083334,70.833336
11458,97,71,16.083334,70.916664
11459,97,72,16.083334,71.0
11460,97,73,16.083334,71.083336
11461,97,74,16.083334,71.166664
11462,97,75,16.083334,71.25
11463,97,76,16.083334,71.333336
11464,97,77,16.083334,71.416664
11465,97,78,16.083334,71.5
11466,97,79,16.083334,71.583336
11467,97,80,16.083334,71.666664
11468,97,81,16.083334,71.75
11469,97,82,16.083334,71.833336
11470,97,83,16.083334,71.916664
11471,97,84,16.083334,72.0
11472,97,85,16.083334,72.083336
11473,97,86,16.083334,72.166664
11474,97,87,16.083334,72.25
11475,97,88,16.083334,72.333336
11476,97,89,16.083334,72.416664
11477,97,90,16.083334,72.5
11478,97,91,16.083334,72.583336
11479,97,92,16.083334,72.666664
11480,97,93,16.083334,72.75
11481,97,94,16.083334,72.833336
11482,97,95,16.083334,72.916664
11483,97,96,16.083334,73.0
11484,97,97,16.083334,73.083336
11485,97,98,16.083334,73.166664
11486,97,99,16.083334,73.25
11487,97,100,16.083334,73.333336
11488,97,101,16.083334,73.416664
11489,98,0,16.166666,65.0
11490,98,1,16.166666,65.083336
11491,98,2,16.166666,65.166664
11492,98,3,16.166666,65.25
11493,98,4,16.166666,65.333336
11494,98,5,16.166666,65.416664
11495,98,6,16.166666,65.5
11496,98,7,16.166666,65.583336
11497,98,8,16.166666,65.666664
11498,98,9,16.166666,65.75
11499,98,10,16.166666,65.833336
11500,98,11,16.166666,65.916664
11501,98,12,16.166666,66.0
11502,98,13,16.166666,66.083336
11503,98,14,16.166666,66.166664
11504,98,15,16.166666,66.25
11505,98,16,16.166666,66.333336
11506,98,17,16.166666,66.416664
11507,98,18,16.166666,66.5
11508,98,19,16.166666,66.583336
11509,98,20,16.166666,66.666664
11510,98,21,16.166666,66.75
11511,98,22,16.166666,66.833336
11512,98,23,16.166666,66.916664
11513,98,24,16.166666,67.0
11514,98,25,16.166666,67.083336
11515,98,26,16.166666,67.166664
11516,98,27,16.166666,67.25
11517,98,28,16.166666,67.333336
11518,98,29,16.166666,67.416664
11519,98,30,16.166666,67.5
11520,98,31,16.166666,67.583336
11521,98,32,16.166666,67.666664
11522,98,33,16.166666,67.75
11523,98,34,16.166666,67.833336
11524,98,35,16.166666,67.916664
11525,98,36,16.166666,68.0
11526,98,37,16.166666,68.083336
11527,98,38,16.166666,68.166664
11528,98,39,16.166666,68.25
11529,98,40,16.166666,68.333336
11530,98,41,16.166666,68.416664
11531,98,42,16.166666,68.5
11532,98,43,16.166666,68.583336
11533,98,44,16.166666,68.666664
11534,98,45,16.166666,68.75
11535,98,46,16.166666,68.833336
11536,98,47,16.166666,68.916664
11537,98,48,16.166666,69.0
11538,98,49,16.166666,69.083336
11539,98,50,16.166666,69.166664
11540,98,51,16.166666,69.25
11541,98,52,16.166666,69.333336
11542,98,53,16.166666,69.416664
11543,98,54,16.166666,69.5
11544,98,55,16.166666,69.583336
11545,98,56,16.166666,69.666664
11546,98,57,16.166666,69.75
11547,98,58,16.166666,69.833336
11548,98,59,16.166666,69.916664
11549,98,60,16.166666,70.0
11550,98,61,16.166666,70.083336
11551,98,62,16.166666,70.166664
11552,98,63,16.166666,70.25
11553,98,64,16.166666,70.333336
11554,98,65,16.166666,70.416664
11555,98,66,16.166666,70.5
11556,98,67,16.166666,70.583336
11557,98,68,16.166666,70.666664
11558,98,69,16.166666,70.75
11559,98,70,16.166666,70.833336
11560,98,71,16.166666,70.916664
11561,98,72,16.166666,71.0
11562,98,73,16.166666,71.083336
11563,98,74,16.166666,71.166664
11564,98,75,16.166666,71.25
11565,98,76,16.166666,71.333336
11566,98,77,16.166666,71.416664
11567,98,78,16.166666,71.5
11568,98,79,16.166666,71.583336
11569,98,80,16.166666,71.666664
11570,98,81,16.166666,71.75
11571,98,82,16.166666,71.833336
11572,98,83,16.166666,71.916664
11573,98,84,16.166666,72.0
11574,98,85,16.166666,72.083336
11575,98,86,16.166666,72.166664
11576,98,87,16.166666,72.25
11577,98,88,16.166666,72.333336
11578,98,89,16.166666,72.416664
11579,98,90,16.166666,72.5
11580,98,91,16.166666,72.583336
11581,98,92,16.166666,72.666664
11582,98,93,16.166666,72.75
11583,98,94,16.166666,72.833336
11584,98,95,16.166666,72.916664
11585,98,96,16.166666,73.0
11586,98,97,16.166666,73.083336
11587,98,98,16.166666,73.166664
11588,98,99,16.166666,73.25
11589,98,100,16.166666,73.333336
11590,98,101,16.166666,73.416664
11591,99,0,16.25,65.0
11592,99,1,16.25,65.083336
11593,99,2,16.25,65.166664
11594,99,3,16.25,65.25
11595,99,4,16.25,65.333336
11596,99,5,16.25,65.416664
11597,99,6,16.25,65.5
11598,99,7,16.25,65.583336
11599,99,8,16.25,65.666664
11600,99,9,16.25,65.75
11601,99,10,16.25,65.833336
11602,99,11,16.25,65.916664
11603,99,12,16.25,66.0
11604,99,13,16.25,66.083336
11605,99,14,16.25,66.166664
11606,99,15,16.25,66.25
11607,99,16,16.25,66.333336
11608,99,17,16.25,66.416664
11609,99,18,16.25,66.5
11610,99,19,16.25,66.583336
11611,99,20,16.25,66.666664
11612,99,21,16.25,66.75
11613,99,22,16.25,66.833336
11614,99,23,16.25,66.916664
11615,99,24,16.25,67.0
11616,99,25,16.25,67.083336
11617,99,26,16.25,67.166664
11618,99,27,16.25,67.25
11619,99,28,16.25,67.333336
11620,99,29,16.25,67.416664
11621,99,30,16.25,67.5
11622,99,31,16.25,67.583336
11623,99,32,16.25,67.666664
11624,99,33,16.25,67.75
11625,99,34,16.25,67.833336
11626,99,35,16.25,67.916664
11627,99,36,16.25,68.0
11628,99,37,16.25,68.083336
11629,99,38,16.25,68.166664
11630,99,39,16.25,68.25
11631,99,40,16.25,68.333336
11632,99,41,16.25,68.416664
11633,99,42,16.25,68.5
11634,99,43,16.25,68.583336
11635,99,44,16.25,68.666664
11636,99,45,16.25,68.75
11637,99,46,16.25,68.833336
11638,99,47,16.25,68.916664
11639,99,48,16.25,69.0
11640,99,49,16.25,69.083336
11641,99,50,16.25,69.166664
11642,99,51,16.25,69.25
11643,99,52,16.25,69.333336
11644,99,53,16.25,69.416664
11645,99,54,16.25,69.5
11646,99,55,16.25,69.583336
11647,99,56,16.25,69.666664
11648,99,57,16.25,69.75
11649,99,58,16.25,69.833336
11650,99,59,16.25,69.916664
11651,99,60,16.25,70.0
11652,99,61,16.25,70.083336
11653,99,62,16.25,70.166664
11654,99,63,16.25,70.25
11655,99,64,16.25,70.333336
11656,99,65,16.25,70.416664
11657,99,66,16.25,70.5
11658,99,67,16.25,70.583336
11659,99,68,16.25,70.666664
11660,99,69,16.25,70.75
11661,99,70,16.25,70.833336
11662,99,71,16.25,70.916664
11663,99,72,16.25,71.0
11664,99,73,16.25,71.083336
11665,99,74,16.25,71.166664
11666,99,75,16.25,71.25
11667,99,76,16.25,71.333336
11668,99,77,16.25,71.416664
11669,99,78,16.25,71.5
11670,99,79,16.25,71.583336
11671,99,80,16.25,71.666664
11672,99,81,16.25,71.75
11673,99,82,16.25,71.833336
11674,99,83,16.25,71.916664
11675,99,84,16.25,72.0
11676,99,85,16.25,72.083336
11677,99,86,16.25,72.166664
11678,99,87,16.25,72.25
11679,99,88,16.25,72.333336
11680,99,89,16.25,72.416664
11681,99,90,16.25,72.5
11682,99,91,16.25,72.583336
11683,99,92,16.25,72.666664
11684,99,93,16.25,72.75
11685,99,94,16.25,72.833336
11686,99,95,16.25,72.916664
11687,99,96,16.25,73.0
11688,99,97,16.25,73.083336
11689,99,98,16.25,73.166664
11690,99,99,16.25,73.25
11691,99,100,16.25,73.333336
11692,99,101,16.25,73.416664
11693,100,0,16.333334,65.0
11694,100,1,16.333334,65.083336
11695,100,2,16.333334,65.166664
11696,100,3,16.333334,65.25
11697,100,4,16.333334,65.333336
11698,100,5,16.333334,65.416664
11699,100,6,16.333334,65.5
11700,100,7,16.333334,65.583336
11701,100,8,16.333334,65.666664
11702,100,9,16.333334,65.75
11703,100,10,16.333334,65.833336
11704,100,11,16.333334,65.916664
11705,100,12,16.333334,66.0
11706,100,13,16.333334,66.083336
11707,100,14,16.333334,66.166664
11708,100,15,16.333334,66.25
11709,100,16,16.333334,66.333336
11710,100,17,16.333334,66.416664
11711,100,18,16.333334,66.5
11712,100,19,16.333334,66.583336
11713,100,20,16.333334,66.666664
11714,100,21,16.333334,66.75
11715,100,22,16.333334,66.833336
11716,100,23,16.333334,66.916664
11717,100,24,16.333334,67.0
11718,100,25,16.333334,67.083336
11719,100,26,16.333334,67.166664
11720,100,27,16.333334,67.25
11721,100,28,16.333334,67.333336
11722,100,29,16.333334,67.416664
11723,100,30,16.333334,67.5
11724,100,31,16.333334,67.583336
11725,100,32,16.333334,67.666664
11726,100,33,16.333334,67.75
11727,100,34,16.333334,67.833336
11728,100,35,16.333334,67.916664
11729,100,36,16.333334,68.0
11730,100,37,16.333334,68.083336
11731,100,38,16.333334,68.166664
11732,100,39,16.333334,68.25
11733,100,40,16.333334,68.333336
11734,100,41,16.333334,68.416664
11735,100,42,16.333334,68.5
11736,100,43,16.333334,68.583336
11737,100,44,16.333334,68.666664
11738,100,45,16.333334,68.75
11739,100,46,16.333334,68.833336
11740,100,47,16.333334,68.916664
11741,100,48,16.333334,69.0
11742,100,49,16.333334,69.083336
11743,100,50,16.333334,69.166664
11744,100,51,16.333334,69.25
11745,100,52,16.333334,69.333336
11746,100,53,16.333334,69.416664
11747,100,54,16.333334,69.5
11748,100,55,16.333334,69.583336
11749,100,56,16.333334,69.666664
11750,100,57,16.333334,69.75
11751,100,58,16.333334,69.833336
11752,100,59,16.333334,69.916664
11753,100,60,16.333334,70.0
11754,100,61,16.333334,70.083336
11755,100,62,16.333334,70.166664
11756,100,63,16.333334,70.25
11757,100,64,16.333334,70.333336
11758,100,65,16.333334,70.416664
11759,100,66,16.333334,70.5
11760,100,67,16.333334,70.583336
11761,100,68,16.333334,70.666664
11762,100,69,16.333334,70.75
11763,100,70,16.333334,70.833336
11764,100,71,16.333334,70.916664
11765,100,72,16.333334,71.0
11766,100,73,16.333334,71.083336
11767,100,74,16.333334,71.166664
11768,100,75,16.333334,71.25
11769,100,76,16.333334,71.333336
11770,100,77,16.333334,71.416664
11771,100,78,16.333334,71.5
11772,100,79,16.333334,71.583336
11773,100,80,16.333334,71.666664
11774,100,81,16.333334,71.75
11775,100,82,16.333334,71.833336
11776,100,83,16.333334,71.916664
11777,100,84,16.333334,72.0
11778,100,85,16.333334,72.083336
11779,100,86,16.333334,72.166664
11780,100,87,16.333334,72.25
11781,100,88,16.333334,72.333336
11782,100,89,16.333334,72.416664
11783,100,90,16.333334,72.5
11784,100,91,16.333334,72.583336
11785,100,92,16.333334,72.666664
11786,100,93,16.333334,72.75
11787,100,94,16.333334,72.833336
11788,100,95,16.333334,72.916664
11789,100,96,16.333334,73.0
11790,100,97,16.333334,73.083336
11791,100,98,16.333334,73.166664
11792,100,99,16.333334,73.25
11793,100,100,16.333334,73.333336
11794,101,0,16.416666,65.0
11795,101,1,16.416666,65.083336
11796,101,2,16.416666,65.166664
11797,101,3,16.416666,65.25
11798,101,4,16.416666,65.333336
11799,101,5,16.416666,65.416664
11800,101,6,16.416666,65.5
11801,101,7,16.416666,65.583336
11802,101,8,16.416666,65.666664
11803,101,9,16.416666,65.75
11804,101,10,16.416666,65.833336
11805,101,11,16.416666,65.916664
11806,101,12,16.416666,66.0
11807,101,13,16.416666,66.083336
11808,101,14,16.416666,66.166664
11809,101,15,16.416666,66.25
11810,101,16,16.416666,66.333336
11811,101,17,16.416666,66.416664
11812,101,18,16.416666,66.5
11813,101,19,16.416666,66.583336
11814,101,20,16.416666,66.666664
11815,101,21,16.416666,66.75
11816,101,22,16.416666,66.833336
11817,101,23,16.416666,66.916664
11818,101,24,16.416666,67.0
11819,101,25,16.416666,67.083336
11820,101,26,16.416666,67.166664
11821,101,27,16.416666,67.25
11822,101,28,16.416666,67.333336
11823,101,29,16.416666,67.416664
11824,101,30,16.416666,67.5
11825,101,31,16.416666,67.583336
11826,101,32,16.416666,67.666664
11827,101,33,16.416666,67.75
11828,101,34,16.416666,67.833336
11829,101,35,16.416666,67.916664
11830,101,36,16.416666,68.0
11831,101,37,16.416666,68.083336
11832,101,38,16.416666,68.166664
11833,101,39,16.416666,68.25
11834,101,40,16.416666,68.333336
11835,101,41,16.416666,68.416664
11836,101,42,16.416666,68.5
11837,101,43,16.416666,68.583336
11838,101,44,16.416666,68.666664
11839,101,45,16.416666,68.75
11840,101,46,16.416666,68.833336
11841,101,47,16.416666,68.916664
11842,101,48,16.416666,69.0
11843,101,49,16.416666,69.083336
11844,101,50,16.416666,69.166664
11845,101,51,16.416666,69.25
11846,101,52,16.416666,69.333336
11847,101,53,16.416666,69.416664
11848,101,54,16.416666,69.5
11849,101,55,16.416666,69.583336
11850,101,56,16.416666,69.666664
11851,101,57,16.416666,69.75
11852,101,58,16.416666,69.833336
11853,101,59,16.416666,69.916664
11854,101,60,16.416666,70.0
11855,101,61,16.416666,70.083336
11856,101,62,16.416666,70.166664
11857,101,63,16.416666,70.25
11858,101,64,16.416666,70.333336
11859,101,65,16.416666,70.416664
11860,101,66,16.416666,70.5
11861,101,67,16.416666,70.583336
11862,101,68,16.416666,70.666664
11863,101,69,16.416666,70.75
11864,101,70,16.416666,70.833336
11865,101,71,16.416666,70.916664
11866,101,72,16.416666,71.0
11867,101,73,16.416666,71.083336
11868,101,74,16.416666,71.166664
11869,101,75,16.416666,71.25
11870,101,76,16.416666,71.333336
11871,101,77,16.416666,71.416664
11872,101,78,16.416666,71.5
11873,101,79,16.416666,71.583336
11874,101,80,16.416666,71.666664
11875,101,81,16.416666,71.75
11876,101,82,16.416666,71.833336
11877,101,83,16.416666,71.916664
11878,101,84,16.416666,72.0
11879,101,85,16.416666,72.083336
11880,101,86,16.416666,72.166664
11881,101,87,16.416666,72.25
11882,101,88,16.416666,72.333336
11883,101,89,16.416666,72.416664
11884,101,90,16.416666,72.5
11885,101,91,16.416666,72.583336
11886,101,92,16.416666,72.666664
11887,101,93,16.416666,72.75
11888,101,94,16.416666,72.833336
11889,101,95,16.416666,72.916664
11890,101,96,16.416666,73.0
11891,101,97,16.416666,73.083336
11892,101,98,16.416666,73.166664
11893,101,99,16.416666,73.25
11894,101,100,16.416666,73.333336
11895,102,0,16.5,65.0
11896,102,1,16.5,65.083336
11897,102,2,16.5,65.166664
11898,102,3,16.5,65.25
11899,102,4,16.5,65.333336
11900,102,5,16.5,65.416664
11901,102,6,16.5,65.5
11902,102,7,16.5,65.583336
11903,102,8,16.5,65.666664
11904,102,9,16.5,65.75
11905,102,10,16.5,65.833336
11906,102,11,16.5,65.916664
11907,102,12,16.5,66.0
11908,102,13,16.5,66.083336
11909,102,14,16.5,66.166664
11910,102,15,16.5,66.25
11911,102,16,16.5,66.333336
11912,102,17,16.5,66.416664
11913,102,18,16.5,66.5
11914,102,19,16.5,66.583336
11915,102,20,16.5,66.666664
11916,102,21,16.5,66.75
11917,102,22,16.5,66.833336
11918,102,23,16.5,66.916664
11919,102,24,16.5,67.0
11920,102,25,16.5,67.083336
11921,102,26,16.5,67.166664
11922,102,27,16.5,67.25
11923,102,28,16.5,67.333336
11924,102,29,16.5,67.416664
11925,102,30,16.5,67.5
11926,102,31,16.5,67.583336
11927,102,32,16.5,67.666664
11928,102,33,16.5,67.75
11929,102,34,16.5,67.833336
11930,102,35,16.5,67.916664
11931,102,36,16.5,68.0
11932,102,37,16.5,68.083336
11933,102,38,16.5,68.166664
11934,102,39,16.5,68.25
11935,102,40,16.5,68.333336
11936,102,41,16.5,68.416664
11937,102,42,16.5,68.5
11938,102,43,16.5,68.583336
11939,102,44,16.5,68.666664
11940,102,45,16.5,68.75
11941,102,46,16.5,68.833336
11942,102,47,16.5,68.916664
11943,102,48,16.5,69.0
11944,102,49,16.5,69.083336
11945,102,50,16.5,69.166664
11946,102,51,16.5,69.25
11947,102,52,16.5,69.333336
11948,102,53,16.5,69.416664
11949,102,54,16.5,69.5
11950,102,55,16.5,69.583336
11951,102,56,16.5,69.666664
11952,102,57,16.5,69.75
11953,102,58,16.5,69.833336
11954,102,59,16.5,69.916664
11955,102,60,16.5,70.0
11956,102,61,16.5,70.083336
11957,102,62,16.5,70.166664
11958,102,63,16.5,70.25
11959,102,64,16.5,70.333336
11960,102,65,16.5,70.416664
11961,102,66,16.5,70.5
11962,102,67,16.5,70.583336
11963,102,68,16.5,70.666664
11964,102,69,16.5,70.75
11965,102,70,16.5,70.833336
11966,102,71,16.5,70.916664
11967,102,72,16.5,71.0
11968,102,73,16.5,71.083336
11969,102,74,16.5,71.166664
11970,102,75,16.5,71.25
11971,102,76,16.5,71.333336
11972,102,77,16.5,71.416664
11973,102,78,16.5,71.5
11974,102,79,16.5,71.583336
11975,102,80,16.5,71.666664
11976,102,81,16.5,71.75
11977,102,82,16.5,71.833336
11978,102,83,16.5,71.916664
11979,102,84,16.5,72.0
11980,102,85,16.5,72.083336
11981,102,86,16.5,72.166664
11982,102,87,16.5,72.25
11983,102,88,16.5,72.333336
11984,102,89,16.5,72.416664
11985,102,90,16.5,72.5
11986,102,91,16.5,72.583336
11987,102,92,16.5,72.666664
11988,102,93,16.5,72.75
11989,102,94,16.5,72.833336
11990,102,95,16.5,72.916664
11991,102,96,16.5,73.0
11992,102,97,16.5,73.083336
11993,102,98,16.5,73.166664
11994,102,99,16.5,73.25
11995,102,100,16.5,73.333336
11996,103,0,16.583334,65.0
11997,103,1,16.583334,65.083336
11998,103,2,16.583334,65.166664
11999,103,3,16.583334,65.25
12000,103,4,16.583334,65.333336
12001,103,5,16.583334,65.416664
12002,103,6,16.583334,65.5
12003,103,7,16.583334,65.583336
12004,103,8,16.583334,65.666664
12005,103,9,16.583334,65.75
12006,103,10,16.583334,65.833336
12007,103,11,16.583334,65.916664
12008,103,12,16.583334,66.0
12009,103,13,16.583334,66.083336
12010,103,14,16.583334,66.166664
12011,103,15,16.583334,66.25
12012,103,16,16.583334,66.333336
12013,103,17,16.583334,66.416664
12014,103,18,16.583334,66.5
12015,103,19,16.583334,66.583336
12016,103,20,16.583334,66.666664
12017,103,21,16.583334,66.75
12018,103,22,16.583334,66.833336
12019,103,23,16.583334,66.916664
12020,103,24,16.583334,67.0
12021,103,25,16.583334,67.083336
12022,103,26,16.583334,67.166664
12023,103,27,16.583334,67.25
12024,103,28,16.583334,67.333336
12025,103,29,16.583334,67.416664
12026,103,30,16.583334,67.5
12027,103,31,16.583334,67.583336
12028,103,32,16.583334,67.666664
12029,103,33,16.583334,67.75
12030,103,34,16.583334,67.833336
12031,103,35,16.583334,67.916664
12032,103,36,16.583334,68.0
12033,103,37,16.583334,68.083336
12034,103,38,16.583334,68.166664
12035,103,39,16.583334,68.25
12036,103,40,16.583334,68.333336
12037,103,41,16.583334,68.416664
12038,103,42,16.583334,68.5
12039,103,43,16.583334,68.583336
12040,103,44,16.583334,68.666664
12041,103,45,16.583334,68.75
12042,103,46,16.583334,68.833336
12043,103,47,16.583334,68.916664
12044,103,48,16.583334,69.0
12045,103,49,16.583334,69.083336
12046,103,50,16.583334,69.166664
12047,103,51,16.583334,69.25
12048,103,52,16.583334,69.333336
12049,103,53,16.583334,69.416664
12050,103,54,16.583334,69.5
12051,103,55,16.583334,69.583336
12052,103,56,16.583334,69.666664
12053,103,57,16.583334,69.75
12054,103,58,16.583334,69.833336
12055,103,59,16.583334,69.916664
12056,103,60,16.583334,70.0
12057,103,61,16.583334,70.083336
12058,103,62,16.583334,70.166664
12059,103,63,16.583334,70.25
12060,103,64,16.583334,70.333336
12061,103,65,16.583334,70.416664
12062,103,66,16.583334,70.5
12063,103,67,16.583334,70.583336
12064,103,68,16.583334,70.666664
12065,103,69,16.583334,70.75
12066,103,70,16.583334,70.833336
12067,103,71,16.583334,70.916664
12068,103,72,16.583334,71.0
12069,103,73,16.583334,71.083336
12070,103,74,16.583334,71.166664
12071,103,75,16.583334,71.25
12072,103,76,16.583334,71.333336
12073,103,77,16.583334,71.416664
12074,103,78,16.583334,71.5
12075,103,79,16.583334,71.583336
12076,103,80,16.583334,71.666664
12077,103,81,16.583334,71.75
12078,103,82,16.583334,71.833336
12079,103,83,16.583334,71.916664
12080,103,84,16.583334,72.0
12081,103,85,16.583334,72.083336
12082,103,86,16.583334,72.166664
12083,103,87,16.583334,72.25
12084,103,88,16.583334,72.333336
12085,103,89,16.583334,72.416664
12086,103,90,16.583334,72.5
12087,103,91,16.583334,72.583336
12088,103,92,16.583334,72.666664
12089,103,93,16.583334,72.75
12090,103,94,16.583334,72.833336
12091,103,95,16.583334,72.916664
12092,103,96,16.583334,73.0
12093,103,97,16.583334,73.083336
12094,103,98,16.583334,73.166664
12095,103,99,16.583334,73.25
12096,103,100,16.583334,73.333336
12097,104,0,16.666666,65.0
12098,104,1,16.666666,65.083336
12099,104,2,16.666666,65.166664
12100,104,3,16.666666,65.25
12101,104,4,16.666666,65.333336
12102,104,5,16.666666,65.416664
12103,104,6,16.666666,65.5
12104,104,7,16.666666,65.583336
12105,104,8,16.666666,65.666664
12106,104,9,16.666666,65.75
12107,104,10,16.666666,65.833336
12108,104,11,16.666666,65.916664
12109,104,12,16.666666,66.0
12110,104,13,16.666666,66.083336
12111,104,14,16.666666,66.166664
12112,104,15,16.666666,66.25
12113,104,16,16.666666,66.333336
12114,104,17,16.666666,66.416664
12115,104,18,16.666666,66.5
12116,104,19,16.666666,66.583336
12117,104,20,16.666666,66.666664
12118,104,21,16.666666,66.75
12119,104,22,16.666666,66.833336
12120,104,23,16.666666,66.916664
12121,104,24,16.666666,67.0
12122,104,25,16.666666,67.083336
12123,104,26,16.666666,67.166664
12124,104,27,16.666666,67.25
12125,104,28,16.666666,67.333336
12126,104,29,16.666666,67.416664
12127,104,30,16.666666,67.5
12128,104,31,16.666666,67.583336
12129,104,32,16.666666,67.666664
12130,104,33,16.666666,67.75
12131,104,34,16.666666,67.833336
12132,104,35,16.666666,67.916664
12133,104,36,16.666666,68.0
12134,104,37,16.666666,68.083336
12135,104,38,16.666666,68.166664
12136,104,39,16.666666,68.25
12137,104,40,16.666666,68.333336
12138,104,41,16.666666,68.416664
12139,104,42,16.666666,68.5
12140,104,43,16.666666,68.583336
12141,104,44,16.666666,68.666664
12142,104,45,16.666666,68.75
12143,104,46,16.666666,68.833336
12144,104,47,16.666666,68.916664
12145,104,48,16.666666,69.0
12146,104,49,16.666666,69.083336
12147,104,50,16.666666,69.166664
12148,104,51,16.666666,69.25
12149,104,52,16.666666,69.333336
12150,104,53,16.666666,69.416664
12151,104,54,16.666666,69.5
12152,104,55,16.666666,69.583336
12153,104,56,16.666666,69.666664
12154,104,57,16.666666,69.75
12155,104,58,16.666666,69.833336
12156,104,59,16.666666,69.916664
12157,104,60,16.666666,70.0
12158,104,61,16.666666,70.083336
12159,104,62,16.666666,70.166664
12160,104,63,16.666666,70.25
12161,104,64,16.666666,70.333336
12162,104,65,16.666666,70.416664
12163,104,66,16.666666,70.5
12164,104,67,16.666666,70.583336
12165,104,68,16.666666,70.666664
12166,104,69,16.666666,70.75
12167,104,70,16.666666,70.833336
12168,104,71,16.666666,70.916664
12169,104,72,16.666666,71.0
12170,104,73,16.666666,71.083336
12171,104,74,16.666666,71.166664
12172,104,75,16.666666,71.25
12173,104,76,16.666666,71.333336
12174,104,77,16.666666,71.416664
12175,104,78,16.666666,71.5
12176,104,79,16.666666,71.583336
12177,104,80,16.666666,71.666664
12178,104,81,16.666666,71.75
12179,104,82,16.666666,71.833336
12180,104,83,16.666666,71.916664
12181,104,84,16.666666,72.0
12182,104,85,16.666666,72.083336
12183,104,86,16.666666,72.166664
12184,104,87,16.666666,72.25
12185,104,88,16.666666,72.333336
12186,104,89,16.666666,72.416664
12187,104,90,16.666666,72.5
12188,104,91,16.666666,72.583336
12189,104,92,16.666666,72.666664
12190,104,93,16.666666,72.75
12191,104,94,16.666666,72.833336
12192,104,95,16.666666,72.916664
12193,104,96,16.666666,73.0
12194,104,97,16.666666,73.083336
12195,104,98,16.666666,73.166664
12196,104,99,16.666666,73.25
12197,104,100,16.666666,73.333336
12198,105,0,16.75,65.0
12199,105,1,16.75,65.083336
12200,105,2,16.75,65.166664
12201,105,3,16.75,65.25
12202,105,4,16.75,65.333336
12203,105,5,16.75,65.416664
12204,105,6,16.75,65.5
12205,105,7,16.75,65.583336
12206,105,8,16.75,65.666664
12207,105,9,16.75,65.75
12208,105,10,16.75,65.833336
12209,105,11,16.75,65.916664
12210,105,12,16.75,66.0
12211,105,13,16.75,66.083336
12212,105,14,16.75,66.166664
12213,105,15,16.75,66.25
12214,105,16,16.75,66.333336
12215,105,17,16.75,66.416664
12216,105,18,16.75,66.5
12217,105,19,16.75,66.583336
12218,105,20,16.75,66.666664
12219,105,21,16.75,66.75
12220,105,22,16.75,66.833336
12221,105,23,16.75,66.916664
12222,105,24,16.75,67.0
12223,105,25,16.75,67.083336
12224,105,26,16.75,67.166664
12225,105,27,16.75,67.25
12226,105,28,16.75,67.333336
12227,105,29,16.75,67.416664
12228,105,30,16.75,67.5
12229,105,31,16.75,67.583336
12230,105,32,16.75,67.666664
12231,105,33,16.75,67.75
12232,105,34,16.75,67.833336
12233,105,35,16.75,67.916664
12234,105,36,16.75,68.0
12235,105,37,16.75,68.083336
12236,105,38,16.75,68.166664
12237,105,39,16.75,68.25
12238,105,40,16.75,68.333336
12239,105,41,16.75,68.416664
12240,105,42,16.75,68.5
12241,105,43,16.75,68.583336
12242,105,44,16.75,68.666664
12243,105,45,16.75,68.75
12244,105,46,16.75,68.833336
12245,105,47,16.75,68.916664
12246,105,48,16.75,69.0
12247,105,49,16.75,69.083336
12248,105,50,16.75,69.166664
12249,105,51,16.75,69.25
12250,105,52,16.75,69.333336
12251,105,53,16.75,69.416664
12252,105,54,16.75,69.5
12253,105,55,16.75,69.583336
12254,105,56,16.75,69.666664
12255,105,57,16.75,69.75
12256,105,58,16.75,69.833336
12257,105,59,16.75,69.916664
12258,105,60,16.75,70.0
12259,105,61,16.75,70.083336
12260,105,62,16.75,70.166664
12261,105,63,16.75,70.25
12262,105,64,16.75,70.333336
12263,105,65,16.75,70.416664
12264,105,66,16.75,70.5
12265,105,67,16.75,70.583336
12266,105,68,16.75,70.666664
12267,105,69,16.75,70.75
12268,105,70,16.75,70.833336
12269,105,71,16.75,70.916664
12270,105,72,16.75,71.0
12271,105,73,16.75,71.083336
12272,105,74,16.75,71.166664
12273,105,75,16.75,71.25
12274,105,76,16.75,71.333336
12275,105,77,16.75,71.416664
12276,105,78,16.75,71.5
12277,105,79,16.75,71.583336
12278,105,80,16.75,71.666664
12279,105,81,16.75,71.75
12280,105,82,16.75,71.833336
12281,105,83,16.75,71.916664
12282,105,84,16.75,72.0
12283,105,85,16.75,72.083336
12284,105,86,16.75,72.166664
12285,105,87,16.75,72.25
12286,105,88,16.75,72.333336
12287,105,89,16.75,72.416664
12288,105,90,16.75,72.5
12289,105,91,16.75,72.583336
12290,105,92,16.75,72.666664
12291,105,93,16.75,72.75
12292,105,94,16.75,72.833336
12293,105,95,16.75,72.916664
12294,105,96,16.75,73.0
12295,105,97,16.75,73.083336
12296,105,98,16.75,73.166664
12297,105,99,16.75,73.25
12298,106,0,16.833334,65.0
12299,106,1,16.833334,65.083336
12300,106,2,16.833334,65.166664
12301,106,3,16.833334,65.25
12302,106,4,16.833334,65.333336
12303,106,5,16.833334,65.416664
12304,106,6,16.833334,65.5
12305,106,7,16.833334,65.583336
12306,106,8,16.833334,65.666664
12307,106,9,16.833334,65.75
12308,106,10,16.833334,65.833336
12309,106,11,16.833334,65.916664
12310,106,12,16.833334,66.0
12311,106,13,16.833334,66.083336
12312,106,14,16.833334,66.166664
12313,106,15,16.833334,66.25
12314,106,16,16.833334,66.333336
12315,106,17,16.833334,66.416664
12316,106,18,16.833334,66.5
12317,106,19,16.833334,66.583336
12318,106,20,16.833334,66.666664
12319,106,21,16.833334,66.75
12320,106,22,16.833334,66.833336
12321,106,23,16.833334,66.916664
12322,106,24,16.833334,67.0
12323,106,25,16.833334,67.083336
12324,106,26,16.833334,67.166664
12325,106,27,16.833334,67.25
12326,106,28,16.833334,67.333336
12327,106,29,16.833334,67.416664
12328,106,30,16.833334,67.5
12329,106,31,16.833334,67.583336
12330,106,32,16.833334,67.666664
12331,106,33,16.833334,67.75
12332,106,34,16.833334,67.833336
12333,106,35,16.833334,67.916664
12334,106,36,16.833334,68.0
12335,106,37,16.833334,68.083336
12336,106,38,16.833334,68.166664
12337,106,39,16.833334,68.25
12338,106,40,16.833334,68.333336
12339,106,41,16.833334,68.416664
12340,106,42,16.833334,68.5
12341,106,43,16.833334,68.583336
12342,106,44,16.833334,68.666664
12343,106,45,16.833334,68.75
12344,106,46,16.833334,68.833336
12345,106,47,16.833334,68.916664
12346,106,48,16.833334,69.0
12347,106,49,16.833334,69.083336
12348,106,50,16.833334,69.166664
12349,106,51,16.833334,69.25
12350,106,52,16.833334,69.333336
12351,106,53,16.833334,69.416664
12352,106,54,16.833334,69.5
12353,106,55,16.833334,69.583336
12354,106,56,16.833334,69.666664
12355,106,57,16.833334,69.75
12356,106,58,16.833334,69.833336
12357,106,59,16.833334,69.916664
12358,106,60,16.833334,70.0
12359,106,61,16.833334,70.083336
12360,106,62,16.833334,70.166664
12361,106,63,16.833334,70.25
12362,106,64,16.833334,70.333336
12363,106,65,16.833334,70.416664
12364,106,66,16.833334,70.5
12365,106,67,16.833334,70.583336
12366,106,68,16.833334,70.666664
12367,106,69,16.833334,70.75
12368,106,70,16.833334,70.833336
12369,106,71,16.833334,70.916664
12370,106,72,16.833334,71.0
12371,106,73,16.833334,71.083336
12372,106,74,16.833334,71.166664
12373,106,75,16.833334,71.25
12374,106,76,16.833334,71.333336
12375,106,77,16.833334,71.416664
12376,106,78,16.833334,71.5
12377,106,79,16.833334,71.583336
12378,106,80,16.833334,71.666664
12379,106,81,16.833334,71.75
12380,106,82,16.833334,71.833336
12381,106,83,16.833334,71.916664
12382,106,84,16.833334,72.0
12383,106,85,16.833334,72.083336
12384,106,86,16.833334,72.166664
12385,106,87,16.833334,72.25
12386,106,88,16.833334,72.333336
12387,106,89,16.833334,72.416664
12388,106,90,16.833334,72.5
12389,106,91,16.833334,72.583336
12390,106,92,16.833334,72.666664
12391,106,93,16.833334,72.75
12392,106,94,16.833334,72.833336
12393,106,95,16.833334,72.916664
12394,106,96,16.833334,73.0
12395,106,97,16.833334,73.083336
12396,106,98,16.833334,73.166664
12397,106,99,16.833334,73.25
12398,107,0,16.916666,65.0
12399,107,1,16.916666,65.083336
12400,107,2,16.916666,65.166664
12401,107,3,16.916666,65.25
12402,107,4,16.916666,65.333336
12403,107,5,16.916666,65.416664
12404,107,6,16.916666,65.5
12405,107,7,16.916666,65.583336
12406,107,8,16.916666,65.666664
12407,107,9,16.916666,65.75
12408,107,10,16.916666,65.833336
12409,107,11,16.916666,65.916664
12410,107,12,16.916666,66.0
12411,107,13,16.916666,66.083336
12412,107,14,16.916666,66.166664
12413,107,15,16.916666,66.25
12414,107,16,16.916666,66.333336
12415,107,17,16.916666,66.416664
12416,107,18,16.916666,66.5
12417,107,19,16.916666,66.583336
12418,107,20,16.916666,66.666664
12419,107,21,16.916666,66.75
12420,107,22,16.916666,66.833336
12421,107,23,16.916666,66.916664
12422,107,24,16.916666,67.0
12423,107,25,16.916666,67.083336
12424,107,26,16.916666,67.166664
12425,107,27,16.916666,67.25
12426,107,28,16.916666,67.333336
12427,107,29,16.916666,67.416664
12428,107,30,16.916666,67.5
12429,107,31,16.916666,67.583336
12430,107,32,16.916666,67.666664
12431,107,33,16.916666,67.75
12432,107,34,16.916666,67.833336
12433,107,35,16.916666,67.916664
12434,107,36,16.916666,68.0
12435,107,37,16.916666,68.083336
12436,107,38,16.916666,68.166664
12437,107,39,16.916666,68.25
12438,107,40,16.916666,68.333336
12439,107,41,16.916666,68.416664
12440,107,42,16.916666,68.5
12441,107,43,16.916666,68.583336
12442,107,44,16.916666,68.666664
12443,107,45,16.916666,68.75
12444,107,46,16.916666,68.833336
12445,107,47,16.916666,68.916664
12446,107,48,16.916666,69.0
12447,107,49,16.916666,69.083336
12448,107,50,16.916666,69.166664
12449,107,51,16.916666,69.25
12450,107,52,16.916666,69.333336
12451,107,53,16.916666,69.416664
12452,107,54,16.916666,69.5
12453,107,55,16.916666,69.583336
12454,107,56,16.916666,69.666664
12455,107,57,16.916666,69.75
12456,107,58,16.916666,69.833336
12457,107,59,16.916666,69.916664
12458,107,60,16.916666,70.0
12459,107,61,16.916666,70.083336
12460,107,62,16.916666,70.166664
12461,107,63,16.916666,70.25
12462,107,64,16.916666,70.333336
12463,107,65,16.916666,70.416664
12464,107,66,16.916666,70.5
12465,107,67,16.916666,70.583336
12466,107,68,16.916666,70.666664
12467,107,69,16.916666,70.75
12468,107,70,16.916666,70.833336
12469,107,71,16.916666,70.916664
12470,107,72,16.916666,71.0
12471,107,73,16.916666,71.083336
12472,107,74,16.916666,71.166664
12473,107,75,16.916666,71.25
12474,107,76,16.916666,71.333336
12475,107,77,16.916666,71.416664
12476,107,78,16.916666,71.5
12477,107,79,16.916666,71.583336
12478,107,80,16.916666,71.666664
12479,107,81,16.916666,71.75
12480,107,82,16.916666,71.833336
12481,107,83,16.916666,71.916664
12482,107,84,16.916666,72.0
12483,107,85,16.916666,72.083336
12484,107,86,16.916666,72.166664
12485,107,87,16.916666,72.25
12486,107,88,16.916666,72.333336
12487,107,89,16.916666,72.416664
12488,107,90,16.916666,72.5
12489,107,91,16.916666,72.583336
12490,107,92,16.916666,72.666664
12491,107,93,16.916666,72.75
12492,107,94,16.916666,72.833336
12493,107,95,16.916666,72.916664
12494,107,96,16.916666,73.0
12495,107,97,16.916666,73.083336
12496,107,98,16.916666,73.166664
12497,107,99,16.916666,73.25
12498,108,0,17.0,65.0
12499,108,1,17.0,65.083336
12500,108,2,17.0,65.166664
12501,108,3,17.0,65.25
12502,108,4,17.0,65.333336
12503,108,5,17.0,65.416664
12504,108,6,17.0,65.5
12505,108,7,17.0,65.583336
12506,108,8,17.0,65.666664
12507,108,9,17.0,65.75
12508,108,10,17.0,65.833336
12509,108,11,17.0,65.916664
12510,108,12,17.0,66.0
12511,108,13,17.0,66.083336
12512,108,14,17.0,66.166664
12513,108,15,17.0,66.25
12514,108,16,17.0,66.333336
12515,108,17,17.0,66.416664
12516,108,18,17.0,66.5
12517,108,19,17.0,66.583336
12518,108,20,17.0,66.666664
12519,108,21,17.0,66.75
12520,108,22,17.0,66.833336
12521,108,23,17.0,66.916664
12522,108,24,17.0,67.0
12523,108,25,17.0,67.083336
12524,108,26,17.0,67.166664
12525,108,27,17.0,67.25
12526,108,28,17.0,67.333336
12527,108,29,17.0,67.416664
12528,108,30,17.0,67.5
12529,108,31,17.0,67.583336
12530,108,32,17.0,67.666664
12531,108,33,17.0,67.75
12532,108,34,17.0,67.833336
12533,108,35,17.0,67.916664
12534,108,36,17.0,68.0
12535,108,37,17.0,68.083336
12536,108,38,17.0,68.166664
12537,108,39,17.0,68.25
12538,108,40,17.0,68.333336
12539,108,41,17.0,68.416664
12540,108,42,17.0,68.5
12541,108,43,17.0,68.583336
12542,108,44,17.0,68.666664
12543,108,45,17.0,68.75
12544,108,46,17.0,68.833336
12545,108,47,17.0,68.916664
12546,108,48,17.0,69.0
12547,108,49,17.0,69.083336
12548,108,50,17.0,69.166664
12549,108,51,17.0,69.25
12550,108,52,17.0,69.333336
12551,108,53,17.0,69.416664
12552,108,54,17.0,69.5
12553,108,55,17.0,69.583336
12554,108,56,17.0,69.666664
12555,108,57,17.0,69.75
12556,108,58,17.0,69.833336
12557,108,59,17.0,69.916664
12558,108,60,17.0,70.0
12559,108,61,17.0,70.083336
12560,108,62,17.0,70.166664
12561,108,63,17.0,70.25
12562,108,64,17.0,70.333336
12563,108,65,17.0,70.416664
12564,108,66,17.0,70.5
12565,108,67,17.0,70.583336
12566,108,68,17.0,70.666664
12567,108,69,17.0,70.75
12568,108,70,17.0,70.833336
12569,108,71,17.0,70.916664
12570,108,72,17.0,71.0
12571,108,73,17.0,71.083336
12572,108,74,17.0,71.166664
12573,108,75,17.0,71.25
12574,108,76,17.0,71.333336
12575,108,77,17.0,71.416664
12576,108,78,17.0,71.5
12577,108,79,17.0,71.583336
12578,108,80,17.0,71.666664
12579,108,81,17.0,71.75
12580,108,82,17.0,71.833336
12581,108,83,17.0,71.916664
12582,108,84,17.0,72.0
12583,108,85,17.0,72.083336
12584,108,86,17.0,72.166664
12585,108,87,17.0,72.25
12586,108,88,17.0,72.333336
12587,108,89,17.0,72.416664
12588,108,90,17.0,72.5
12589,108,91,17.0,72.583336
12590,108,92,17.0,72.666664
12591,108,93,17.0,72.75
12592,108,94,17.0,72.833336
12593,108,95,17.0,72.916664
12594,108,96,17.0,73.0
12595,108,97,17.0,73.083336
12596,108,98,17.0,73.166664
12597,108,99,17.0,73.25
12598,109,0,17.083334,65.0
12599,109,1,17.083334,65.083336
12600,109,2,17.083334,65.166664
12601,109,3,17.083334,65.25
12602,109,4,17.083334,65.333336
12603,109,5,17.083334,65.416664
12604,109,6,17.083334,65.5
12605,109,7,17.083334,65.583336
12606,109,8,17.083334,65.666664
12607,109,9,17.083334,65.75
12608,109,10,17.083334,65.833336
12609,109,11,17.083334,65.916664
12610,109,12,17.083334,66.0
12611,109,13,17.083334,66.083336
12612,109,14,17.083334,66.166664
12613,109,15,17.083334,66.25
12614,109,16,17.083334,66.333336
12615,109,17,17.083334,66.416664
12616,109,18,17.083334,66.5
12617,109,19,17.083334,66.583336
12618,109,20,17.083334,66.666664
12619,109,21,17.083334,66.75
12620,109,22,17.083334,66.833336
12621,109,23,17.083334,66.916664
12622,109,24,17.083334,67.0
12623,109,25,17.083334,67.083336
12624,109,26,17.083334,67.166664
12625,109,27,17.083334,67.25
12626,109,28,17.083334,67.333336
12627,109,29,17.083334,67.416664
12628,109,30,17.083334,67.5
12629,109,31,17.083334,67.583336
12630,109,32,17.083334,67.666664
12631,109,33,17.083334,67.75
12632,109,34,17.083334,67.833336
12633,109,35,17.083334,67.916664
12634,109,36,17.083334,68.0
12635,109,37,17.083334,68.083336
12636,109,38,17.083334,68.166664
12637,109,39,17.083334,68.25
12638,109,40,17.083334,68.333336
12639,109,41,17.083334,68.416664
12640,109,42,17.083334,68.5
12641,109,43,17.083334,68.583336
12642,109,44,17.083334,68.666664
12643,109,45,17.083334,68.75
12644,109,46,17.083334,68.833336
12645,109,47,17.083334,68.916664
12646,109,48,17.083334,69.0
12647,109,49,17.083334,69.083336
12648,109,50,17.083334,69.166664
12649,109,51,17.083334,69.25
12650,109,52,17.083334,69.333336
12651,109,53,17.083334,69.416664
12652,109,54,17.083334,69.5
12653,109,55,17.083334,69.583336
12654,109,56,17.083334,69.666664
12655,109,57,17.083334,69.75
12656,109,58,17.083334,69.833336
12657,109,59,17.083334,69.916664
12658,109,60,17.083334,70.0
12659,109,61,17.083334,70.083336
12660,109,62,17.083334,70.166664
12661,109,63,17.083334,70.25
12662,109,64,17.083334,70.333336
12663,109,65,17.083334,70.416664
12664,109,66,17.083334,70.5
12665,109,67,17.083334,70.583336
12666,109,68,17.083334,70.666664
12667,109,69,17.083334,70.75
12668,109,70,17.083334,70.833336
12669,109,71,17.083334,70.916664
12670,109,72,17.083334,71.0
12671,109,73,17.083334,71.083336
12672,109,74,17.083334,71.166664
12673,109,75,17.083334,71.25
12674,109,76,17.083334,71.333336
12675,109,77,17.083334,71.416664
12676,109,78,17.083334,71.5
12677,109,79,17.083334,71.583336
12678,109,80,17.083334,71.666664
12679,109,81,17.083334,71.75
12680,109,82,17.083334,71.833336
12681,109,83,17.083334,71.916664
12682,109,84,17.083334,72.0
12683,109,85,17.083334,72.083336
12684,109,86,17.083334,72.166664
12685,109,87,17.083334,72.25
12686,109,88,17.083334,72.333336
12687,109,89,17.083334,72.416664
12688,109,90,17.083334,72.5
12689,109,91,17.083334,72.583336
12690,109,92,17.083334,72.666664
12691,109,93,17.083334,72.75
12692,109,94,17.083334,72.833336
12693,109,95,17.083334,72.916664
12694,109,96,17.083334,73.0
12695,109,97,17.083334,73.083336
12696,109,98,17.083334,73.166664
12697,109,99,17.083334,73.25
12698,110,0,17.166666,65.0
12699,110,1,17.166666,65.083336
12700,110,2,17.166666,65.166664
12701,110,3,17.166666,65.25
12702,110,4,17.166666,65.333336
12703,110,5,17.166666,65.416664
12704,110,6,17.166666,65.5
12705,110,7,17.166666,65.583336
12706,110,8,17.166666,65.666664
12707,110,9,17.166666,65.75
12708,110,10,17.166666,65.833336
12709,110,11,17.166666,65.916664
12710,110,12,17.166666,66.0
12711,110,13,17.166666,66.083336
12712,110,14,17.166666,66.166664
12713,110,15,17.166666,66.25
12714,110,16,17.166666,66.333336
12715,110,17,17.166666,66.416664
12716,110,18,17.166666,66.5
12717,110,19,17.166666,66.583336
12718,110,20,17.166666,66.666664
12719,110,21,17.166666,66.75
12720,110,22,17.166666,66.833336
12721,110,23,17.166666,66.916664
12722,110,24,17.166666,67.0
12723,110,25,17.166666,67.083336
12724,110,26,17.166666,67.166664
12725,110,27,17.166666,67.25
12726,110,28,17.166666,67.333336
12727,110,29,17.166666,67.416664
12728,110,30,17.166666,67.5
12729,110,31,17.166666,67.583336
12730,110,32,17.166666,67.666664
12731,110,33,17.166666,67.75
12732,110,34,17.166666,67.833336
12733,110,35,17.166666,67.916664
12734,110,36,17.166666,68.0
12735,110,37,17.166666,68.083336
12736,110,38,17.166666,68.166664
12737,110,39,17.166666,68.25
12738,110,40,17.166666,68.333336
12739,110,41,17.166666,68.416664
12740,110,42,17.166666,68.5
12741,110,43,17.166666,68.583336
12742,110,44,17.166666,68.666664
12743,110,45,17.166666,68.75
12744,110,46,17.166666,68.833336
12745,110,47,17.166666,68.916664
12746,110,48,17.166666,69.0
12747,110,49,17.166666,69.083336
12748,110,50,17.166666,69.166664
12749,110,51,17.166666,69.25
12750,110,52,17.166666,69.333336
12751,110,53,17.166666,69.416664
12752,110,54,17.166666,69.5
12753,110,55,17.166666,69.583336
12754,110,56,17.166666,69.666664
12755,110,57,17.166666,69.75
12756,110,58,17.166666,69.833336
12757,110,59,17.166666,69.916664
12758,110,60,17.166666,70.0
12759,110,61,17.166666,70.083336
12760,110,62,17.166666,70.166664
12761,110,63,17.166666,70.25
12762,110,64,17.166666,70.333336
12763,110,65,17.166666,70.416664
12764,110,66,17.166666,70.5
12765,110,67,17.166666,70.583336
12766,110,68,17.166666,70.666664
12767,110,69,17.166666,70.75
12768,110,70,17.166666,70.833336
12769,110,71,17.166666,70.916664
12770,110,72,17.166666,71.0
12771,110,73,17.166666,71.083336
12772,110,74,17.166666,71.166664
12773,110,75,17.166666,71.25
12774,110,76,17.166666,71.333336
12775,110,77,17.166666,71.416664
12776,110,78,17.166666,71.5
12777,110,79,17.166666,71.583336
12778,110,80,17.166666,71.666664
12779,110,81,17.166666,71.75
12780,110,82,17.166666,71.833336
12781,110,83,17.166666,71.916664
12782,110,84,17.166666,72.0
12783,110,85,17.166666,72.083336
12784,110,86,17.166666,72.166664
12785,110,87,17.166666,72.25
12786,110,88,17.166666,72.333336
12787,110,89,17.166666,72.416664
12788,110,90,17.166666,72.5
12789,110,91,17.166666,72.583336
12790,110,92,17.166666,72.666664
12791,110,93,17.166666,72.75
12792,110,94,17.166666,72.833336
12793,110,95,17.166666,72.916664
12794,110,96,17.166666,73.0
12795,110,97,17.166666,73.083336
12796,110,98,17.166666,73.166664
12797,110,99,17.166666,73.25
12798,111,0,17.25,65.0
12799,111,1,17.25,65.083336
12800,111,2,17.25,65.166664
12801,111,3,17.25,65.25
12802,111,4,17.25,65.333336
12803,111,5,17.25,65.416664
12804,111,6,17.25,65.5
12805,111,7,17.25,65.583336
12806,111,8,17.25,65.666664
12807,111,9,17.25,65.75
12808,111,10,17.25,65.833336
12809,111,11,17.25,65.916664
12810,111,12,17.25,66.0
12811,111,13,17.25,66.083336
12812,111,14,17.25,66.166664
12813,111,15,17.25,66.25
12814,111,16,17.25,66.333336
12815,111,17,17.25,66.416664
12816,111,18,17.25,66.5
12817,111,19,17.25,66.583336
12818,111,20,17.25,66.666664
12819,111,21,17.25,66.75
12820,111,22,17.25,66.833336
12821,111,23,17.25,66.916664
12822,111,24,17.25,67.0
12823,111,25,17.25,67.083336
12824,111,26,17.25,67.166664
12825,111,27,17.25,67.25
12826,111,28,17.25,67.333336
12827,111,29,17.25,67.416664
12828,111,30,17.25,67.5
12829,111,31,17.25,67.583336
12830,111,32,17.25,67.666664
12831,111,33,17.25,67.75
12832,111,34,17.25,67.833336
12833,111,35,17.25,67.916664
12834,111,36,17.25,68.0
12835,111,37,17.25,68.083336
12836,111,38,17.25,68.166664
12837,111,39,17.25,68.25
12838,111,40,17.25,68.333336
12839,111,41,17.25,68.416664
12840,111,42,17.25,68.5
12841,111,43,17.25,68.583336
12842,111,44,17.25,68.666664
12843,111,45,17.25,68.75
12844,111,46,17.25,68.833336
12845,111,47,17.25,68.916664
12846,111,48,17.25,69.0
12847,111,49,17.25,69.083336
12848,111,50,17.25,69.166664
12849,111,51,17.25,69.25
12850,111,52,17.25,69.333336
12851,111,53,17.25,69.416664
12852,111,54,17.25,69.5
12853,111,55,17.25,69.583336
12854,111,56,17.25,69.666664
12855,111,57,17.25,69.75
12856,111,58,17.25,69.833336
12857,111,59,17.25,69.916664
12858,111,60,17.25,70.0
12859,111,61,17.25,70.083336
12860,111,62,17.25,70.166664
12861,111,63,17.25,70.25
12862,111,64,17.25,70.333336
12863,111,65,17.25,70.416664
12864,111,66,17.25,70.5
12865,111,67,17.25,70.583336
12866,111,68,17.25,70.666664
12867,111,69,17.25,70.75
12868,111,70,17.25,70.833336
12869,111,71,17.25,70.916664
12870,111,72,17.25,71.0
12871,111,73,17.25,71.083336
12872,111,74,17.25,71.166664
12873,111,75,17.25,71.25
12874,111,76,17.25,71.333336
12875,111,77,17.25,71.416664
12876,111,78,17.25,71.5
12877,111,79,17.25,71.583336
12878,111,80,17.25,71.666664
12879,111,81,17.25,71.75
12880,111,82,17.25,71.833336
12881,111,83,17.25,71.916664
12882,111,84,17.25,72.0
12883,111,85,17.25,72.083336
12884,111,86,17.25,72.166664
12885,111,87,17.25,72.25
12886,111,88,17.25,72.333336
12887,111,89,17.25,72.416664
12888,111,90,17.25,72.5
12889,111,91,17.25,72.583336
12890,111,92,17.25,72.666664
12891,111,93,17.25,72.75
12892,111,94,17.25,72.833336
12893,111,95,17.25,72.916664
12894,111,96,17.25,73.0
12895,111,97,17.25,73.083336
12896,111,98,17.25,73.166664
12897,111,99,17.25,73.25
12898,112,0,17.333334,65.0
12899,112,1,17.333334,65.083336
12900,112,2,17.333334,65.166664
12901,112,3,17.333334,65.25
12902,112,4,17.333334,65.333336
12903,112,5,17.333334,65.416664
12904,112,6,17.333334,65.5
12905,112,7,17.333334,65.583336
12906,112,8,17.333334,65.666664
12907,112,9,17.333334,65.75
12908,112,10,17.333334,65.833336
12909,112,11,17.333334,65.916664
12910,112,12,17.333334,66.0
12911,112,13,17.333334,66.083336
12912,112,14,17.333334,66.166664
12913,112,15,17.333334,66.25
12914,112,16,17.333334,66.333336
12915,112,17,17.333334,66.416664
12916,112,18,17.333334,66.5
12917,112,19,17.333334,66.583336
12918,112,20,17.333334,66.666664
12919,112,21,17.333334,66.75
12920,112,22,17.333334,66.833336
12921,112,23,17.333334,66.916664
12922,112,24,17.333334,67.0
12923,112,25,17.333334,67.083336
12924,112,26,17.333334,67.166664
12925,112,27,17.333334,67.25
12926,112,28,17.333334,67.333336
12927,112,29,17.333334,67.416664
12928,112,30,17.333334,67.5
12929,112,31,17.333334,67.583336
12930,112,32,17.333334,67.666664
12931,112,33,17.333334,67.75
12932,112,34,17.333334,67.833336
12933,112,35,17.333334,67.916664
12934,112,36,17.333334,68.0
12935,112,37,17.333334,68.083336
12936,112,38,17.333334,68.166664
12937,112,39,17.333334,68.25
12938,112,40,17.333334,68.333336
12939,112,41,17.333334,68.416664
12940,112,42,17.333334,68.5
12941,112,43,17.333334,68.583336
12942,112,44,17.333334,68.666664
12943,112,45,17.333334,68.75
12944,112,46,17.333334,68.833336
12945,112,47,17.333334,68.916664
12946,112,48,17.333334,69.0
12947,112,49,17.333334,69.083336
12948,112,50,17.333334,69.166664
12949,112,51,17.333334,69.25
12950,112,52,17.333334,69.333336
12951,112,53,17.333334,69.416664
12952,112,54,17.333334,69.5
12953,112,55,17.333334,69.583336
12954,112,56,17.333334,69.666664
12955,112,57,17.333334,69.75
12956,112,58,17.333334,69.833336
12957,112,59,17.333334,69.916664
12958,112,60,17.333334,70.0
12959,112,61,17.333334,70.083336
12960,112,62,17.333334,70.166664
12961,112,63,17.333334,70.25
12962,112,64,17.333334,70.333336
12963,112,65,17.333334,70.416664
12964,112,66,17.333334,70.5
12965,112,67,17.333334,70.583336
12966,112,68,17.333334,70.666664
12967,112,69,17.333334,70.75
12968,112,70,17.333334,70.833336
12969,112,71,17.333334,70.916664
12970,112,72,17.333334,71.0
12971,112,73,17.333334,71.083336
12972,112,74,17.333334,71.166664
12973,112,75,17.333334,71.25
12974,112,76,17.333334,71.333336
12975,112,77,17.333334,71.416664
12976,112,78,17.333334,71.5
12977,112,79,17.333334,71.583336
12978,112,80,17.333334,71.666664
12979,112,81,17.333334,71.75
12980,112,82,17.333334,71.833336
12981,112,83,17.333334,71.916664
12982,112,84,17.333334,72.0
12983,112,85,17.333334,72.083336
12984,112,86,17.333334,72.166664
12985,112,87,17.333334,72.25
12986,112,88,17.333334,72.333336
12987,112,89,17.333334,72.416664
12988,112,90,17.333334,72.5
12989,112,91,17.333334,72.583336
12990,112,92,17.333334,72.666664
12991,112,93,17.333334,72.75
12992,112,94,17.333334,72.833336
12993,112,95,17.333334,72.916664
12994,112,96,17.333334,73.0
12995,112,97,17.333334,73.083336
12996,112,98,17.333334,73.166664
12997,113,0,17.416666,65.0
12998,113,1,17.416666,65.083336
12999,113,2,17.416666,65.166664
13000,113,3,17.416666,65.25
13001,113,4,17.416666,65.333336
13002,113,5,17.416666,65.416664
13003,113,6,17.416666,65.5
13004,113,7,17.416666,65.583336
13005,113,8,17.416666,65.666664
13006,113,9,17.416666,65.75
13007,113,10,17.416666,65.833336
13008,113,11,17.416666,65.916664
13009,113,12,17.416666,66.0
13010,113,13,17.416666,66.083336
13011,113,14,17.416666,66.166664
13012,113,15,17.416666,66.25
13013,113,16,17.416666,66.333336
13014,113,17,17.416666,66.416664
13015,113,18,17.416666,66.5
13016,113,19,17.416666,66.583336
13017,113,20,17.416666,66.666664
13018,113,21,17.416666,66.75
13019,113,22,17.416666,66.833336
13020,113,23,17.416666,66.916664
13021,113,24,17.416666,67.0
13022,113,25,17.416666,67.083336
13023,113,26,17.416666,67.166664
13024,113,27,17.416666,67.25
13025,113,28,17.416666,67.333336
13026,113,29,17.416666,67.416664
13027,113,30,17.416666,67.5
13028,113,31,17.416666,67.583336
13029,113,32,17.416666,67.666664
13030,113,33,17.416666,67.75
13031,113,34,17.416666,67.833336
13032,113,35,17.416666,67.916664
13033,113,36,17.416666,68.0
13034,113,37,17.416666,68.083336
13035,113,38,17.416666,68.166664
13036,113,39,17.416666,68.25
13037,113,40,17.416666,68.333336
13038,113,41,17.416666,68.416664
13039,113,42,17.416666,68.5
13040,113,43,17.416666,68.583336
13041,113,44,17.416666,68.666664
13042,113,45,17.416666,68.75
13043,113,46,17.416666,68.833336
13044,113,47,17.416666,68.916664
13045,113,48,17.416666,69.0
13046,113,49,17.416666,69.083336
13047,113,50,17.416666,69.166664
13048,113,51,17.416666,69.25
13049,113,52,17.416666,69.333336
13050,113,53,17.416666,69.416664
13051,113,54,17.416666,69.5
13052,113,55,17.416666,69.583336
13053,113,56,17.416666,69.666664
13054,113,57,17.416666,69.75
13055,113,58,17.416666,69.833336
13056,113,59,17.416666,69.916664
13057,113,60,17.416666,70.0
13058,113,61,17.416666,70.083336
13059,113,62,17.416666,70.166664
13060,113,63,17.416666,70.25
13061,113,64,17.416666,70.333336
13062,113,65,17.416666,70.416664
13063,113,66,17.416666,70.5
13064,113,67,17.416666,70.583336
13065,113,68,17.416666,70.666664
13066,113,69,17.416666,70.75
13067,113,70,17.416666,70.833336
13068,113,71,17.416666,70.916664
13069,113,72,17.416666,71.0
13070,113,73,17.416666,71.083336
13071,113,74,17.416666,71.166664
13072,113,75,17.416666,71.25
13073,113,76,17.416666,71.333336
13074,113,77,17.416666,71.416664
13075,113,78,17.416666,71.5
13076,113,79,17.416666,71.583336
13077,113,80,17.416666,71.666664
13078,113,81,17.416666,71.75
13079,113,82,17.416666,71.833336
13080,113,83,17.416666,71.916664
13081,113,84,17.416666,72.0
13082,113,85,17.416666,72.083336
13083,113,86,17.416666,72.166664
13084,113,87,17.416666,72.25
13085,113,88,17.416666,72.333336
13086,113,89,17.416666,72.416664
13087,113,90,17.416666,72.5
13088,113,91,17.416666,72.583336
13089,113,92,17.416666,72.666664
13090,113,93,17.416666,72.75
13091,113,94,17.416666,72.833336
13092,113,95,17.416666,72.916664
13093,113,96,17.416666,73.0
13094,113,97,17.416666,73.083336
13095,113,98,17.416666,73.166664
13096,114,0,17.5,65.0
13097,114,1,17.5,65.083336
13098,114,2,17.5,65.166664
13099,114,3,17.5,65.25
13100,114,4,17.5,65.333336
13101,114,5,17.5,65.416664
13102,114,6,17.5,65.5
13103,114,7,17.5,65.583336
13104,114,8,17.5,65.666664
13105,114,9,17.5,65.75
13106,114,10,17.5,65.833336
13107,114,11,17.5,65.916664
13108,114,12,17.5,66.0
13109,114,13,17.5,66.083336
13110,114,14,17.5,66.166664
13111,114,15,17.5,66.25
13112,114,16,17.5,66.333336
13113,114,17,17.5,66.416664
13114,114,18,17.5,66.5
13115,114,19,17.5,66.583336
13116,114,20,17.5,66.666664
13117,114,21,17.5,66.75
13118,114,22,17.5,66.833336
13119,114,23,17.5,66.916664
13120,114,24,17.5,67.0
13121,114,25,17.5,67.083336
13122,114,26,17.5,67.166664
13123,114,27,17.5,67.25
13124,114,28,17.5,67.333336
13125,114,29,17.5,67.416664
13126,114,30,17.5,67.5
13127,114,31,17.5,67.583336
13128,114,32,17.5,67.666664
13129,114,33,17.5,67.75
13130,114,34,17.5,67.833336
13131,114,35,17.5,67.916664
13132,114,36,17.5,68.0
13133,114,37,17.5,68.083336
13134,114,38,17.5,68.166664
13135,114,39,17.5,68.25
13136,114,40,17.5,68.333336
13137,114,41,17.5,68.416664
13138,114,42,17.5,68.5
13139,114,43,17.5,68.583336
13140,114,44,17.5,68.666664
13141,114,45,17.5,68.75
13142,114,46,17.5,68.833336
13143,114,47,17.5,68.916664
13144,114,48,17.5,69.0
13145,114,49,17.5,69.083336
13146,114,50,17.5,69.166664
13147,114,51,17.5,69.25
13148,114,52,17.5,69.333336
13149,114,53,17.5,69.416664
13150,114,54,17.5,69.5
13151,114,55,17.5,69.583336
13152,114,56,17.5,69.666664
13153,114,57,17.5,69.75
13154,114,58,17.5,69.833336
13155,114,59,17.5,69.916664
13156,114,60,17.5,70.0
13157,114,61,17.5,70.083336
13158,114,62,17.5,70.166664
13159,114,63,17.5,70.25
13160,114,64,17.5,70.333336
13161,114,65,17.5,70.416664
13162,114,66,17.5,70.5
13163,114,67,17.5,70.583336
13164,114,68,17.5,70.666664
13165,114,69,17.5,70.75
13166,114,70,17.5,70.833336
13167,114,71,17.5,70.916664
13168,114,72,17.5,71.0
13169,114,73,17.5,71.083336
13170,114,74,17.5,71.166664
13171,114,75,17.5,71.25
13172,114,76,17.5,71.333336
13173,114,77,17.5,71.416664
13174,114,78,17.5,71.5
13175,114,79,17.5,71.583336
13176,114,80,17.5,71.666664
13177,114,81,17.5,71.75
13178,114,82,17.5,71.833336
13179,114,83,17.5,71.916664
13180,114,84,17.5,72.0
13181,114,85,17.5,72.083336
13182,114,86,17.5,72.166664
13183,114,87,17.5,72.25
13184,114,88,17.5,72.333336
13185,114,89,17.5,72.416664
13186,114,90,17.5,72.5
13187,114,91,17.5,72.583336
13188,114,92,17.5,72.666664
13189,114,93,17.5,72.75
13190,114,94,17.5,72.833336
13191,114,95,17.5,72.916664
13192,114,96,17.5,73.0
13193,114,97,17.5,73.083336
13194,114,98,17.5,73.166664
13195,115,0,17.583334,65.0
13196,115,1,17.583334,65.083336
13197,115,2,17.583334,65.166664
13198,115,3,17.583334,65.25
13199,115,4,17.583334,65.333336
13200,115,5,17.583334,65.416664
13201,115,6,17.583334,65.5
13202,115,7,17.583334,65.583336
13203,115,8,17.583334,65.666664
13204,115,9,17.583334,65.75
13205,115,10,17.583334,65.833336
13206,115,11,17.583334,65.916664
13207,115,12,17.583334,66.0
13208,115,13,17.583334,66.083336
13209,115,14,17.583334,66.166664
13210,115,15,17.583334,66.25
13211,115,16,17.583334,66.333336
13212,115,17,17.583334,66.416664
13213,115,18,17.583334,66.5
13214,115,19,17.583334,66.583336
13215,115,20,17.583334,66.666664
13216,115,21,17.583334,66.75
13217,115,22,17.583334,66.833336
13218,115,23,17.583334,66.916664
13219,115,24,17.583334,67.0
13220,115,25,17.583334,67.083336
13221,115,26,17.583334,67.166664
13222,115,27,17.583334,67.25
13223,115,28,17.583334,67.333336
13224,115,29,17.583334,67.416664
13225,115,30,17.583334,67.5
13226,115,31,17.583334,67.583336
13227,115,32,17.583334,67.666664
13228,115,33,17.583334,67.75
13229,115,34,17.583334,67.833336
13230,115,35,17.583334,67.916664
13231,115,36,17.583334,68.0
13232,115,37,17.583334,68.083336
13233,115,38,17.583334,68.166664
13234,115,39,17.583334,68.25
13235,115,40,17.583334,68.333336
13236,115,41,17.583334,68.416664
13237,115,42,17.583334,68.5
13238,115,43,17.583334,68.583336
13239,115,44,17.583334,68.666664
13240,115,45,17.583334,68.75
13241,115,46,17.583334,68.833336
13242,115,47,17.583334,68.916664
13243,115,48,17.583334,69.0
13244,115,49,17.583334,69.083336
13245,115,50,17.583334,69.166664
13246,115,51,17.583334,69.25
13247,115,52,17.583334,69.333336
13248,115,53,17.583334,69.416664
13249,115,54,17.583334,69.5
13250,115,55,17.583334,69.583336
13251,115,56,17.583334,69.666664
13252,115,57,17.583334,69.75
13253,115,58,17.583334,69.833336
13254,115,59,17.583334,69.916664
13255,115,60,17.583334,70.0
13256,115,61,17.583334,70.083336
13257,115,62,17.583334,70.166664
13258,115,63,17.583334,70.25
13259,115,64,17.583334,70.333336
13260,115,65,17.583334,70.416664
13261,115,66,17.583334,70.5
13262,115,67,17.583334,70.583336
13263,115,68,17.583334,70.666664
13264,115,69,17.583334,70.75
13265,115,70,17.583334,70.833336
13266,115,71,17.583334,70.916664
13267,115,72,17.583334,71.0
13268,115,73,17.583334,71.083336
13269,115,74,17.583334,71.166664
13270,115,75,17.583334,71.25
13271,115,76,17.583334,71.333336
13272,115,77,17.583334,71.416664
13273,115,78,17.583334,71.5
13274,115,79,17.583334,71.583336
13275,115,80,17.583334,71.666664
13276,115,81,17.583334,71.75
13277,115,82,17.583334,71.833336
13278,115,83,17.583334,71.916664
13279,115,84,17.583334,72.0
13280,115,85,17.583334,72.083336
13281,115,86,17.583334,72.166664
13282,115,87,17.583334,72.25
13283,115,88,17.583334,72.333336
13284,115,89,17.583334,72.416664
13285,115,90,17.583334,72.5
13286,115,91,17.583334,72.583336
13287,115,92,17.583334,72.666664
13288,115,93,17.583334,72.75
13289,115,94,17.583334,72.833336
13290,115,95,17.583334,72.916664
13291,115,96,17.583334,73.0
13292,115,97,17.583334,73.083336
13293,115,98,17.583334,73.166664
13294,116,0,17.666666,65.0
13295,116,1,17.666666,65.083336
13296,116,2,17.666666,65.166664
13297,116,3,17.666666,65.25
13298,116,4,17.666666,65.333336
13299,116,5,17.666666,65.416664
13300,116,6,17.666666,65.5
13301,116,7,17.666666,65.583336
13302,116,8,17.666666,65.666664
13303,116,9,17.666666,65.75
13304,116,10,17.666666,65.833336
13305,116,11,17.666666,65.916664
13306,116,12,17.666666,66.0
13307,116,13,17.666666,66.083336
13308,116,14,17.666666,66.166664
13309,116,15,17.666666,66.25
13310,116,16,17.666666,66.333336
13311,116,17,17.666666,66.416664
13312,116,18,17.666666,66.5
13313,116,19,17.666666,66.583336
13314,116,20,17.666666,66.666664
13315,116,21,17.666666,66.75
13316,116,22,17.666666,66.833336
13317,116,23,17.666666,66.916664
13318,116,24,17.666666,67.0
13319,116,25,17.666666,67.083336
13320,116,26,17.666666,67.166664
13321,116,27,17.666666,67.25
13322,116,28,17.666666,67.333336
13323,116,29,17.666666,67.416664
13324,116,30,17.666666,67.5
13325,116,31,17.666666,67.583336
13326,116,32,17.666666,67.666664
13327,116,33,17.666666,67.75
13328,116,34,17.666666,67.833336
13329,116,35,17.666666,67.916664
13330,116,36,17.666666,68.0
13331,116,37,17.666666,68.083336
13332,116,38,17.666666,68.166664
13333,116,39,17.666666,68.25
13334,116,40,17.666666,68.333336
13335,116,41,17.666666,68.416664
13336,116,42,17.666666,68.5
13337,116,43,17.666666,68.583336
13338,116,44,17.666666,68.666664
13339,116,45,17.666666,68.75
13340,116,46,17.666666,68.833336
13341,116,47,17.666666,68.916664
13342,116,48,17.666666,69.0
13343,116,49,17.666666,69.083336
13344,116,50,17.666666,69.166664
13345,116,51,17.666666,69.25
13346,116,52,17.666666,69.333336
13347,116,53,17.666666,69.416664
13348,116,54,17.666666,69.5
13349,116,55,17.666666,69.583336
13350,116,56,17.666666,69.666664
13351,116,57,17.666666,69.75
13352,116,58,17.666666,69.833336
13353,116,59,17.666666,69.916664
13354,116,60,17.666666,70.0
13355,116,61,17.666666,70.083336
13356,116,62,17.666666,70.166664
13357,116,63,17.666666,70.25
13358,116,64,17.666666,70.333336
13359,116,65,17.666666,70.416664
13360,116,66,17.666666,70.5
13361,116,67,17.666666,70.583336
13362,116,68,17.666666,70.666664
13363,116,69,17.666666,70.75
13364,116,70,17.666666,70.833336
13365,116,71,17.666666,70.916664
13366,116,72,17.666666,71.0
13367,116,73,17.666666,71.083336
13368,116,74,17.666666,71.166664
13369,116,75,17.666666,71.25
13370,116,76,17.666666,71.333336
13371,116,77,17.666666,71.416664
13372,116,78,17.666666,71.5
13373,116,79,17.666666,71.583336
13374,116,80,17.666666,71.666664
13375,116,81,17.666666,71.75
13376,116,82,17.666666,71.833336
13377,116,83,17.666666,71.916664
13378,116,84,17.666666,72.0
13379,116,85,17.666666,72.083336
13380,116,86,17.666666,72.166664
13381,116,87,17.666666,72.25
13382,116,88,17.666666,72.333336
13383,116,89,17.666666,72.416664
13384,116,90,17.666666,72.5
13385,116,91,17.666666,72.583336
13386,116,92,17.666666,72.666664
13387,116,93,17.666666,72.75
13388,116,94,17.666666,72.833336
13389,116,95,17.666666,72.916664
13390,116,96,17.666666,73.0
13391,116,97,17.666666,73.083336
13392,117,0,17.75,65.0
13393,117,1,17.75,65.083336
13394,117,2,17.75,65.166664
13395,117,3,17.75,65.25
13396,117,4,17.75,65.333336
13397,117,5,17.75,65.416664
13398,117,6,17.75,65.5
13399,117,7,17.75,65.583336
13400,117,8,17.75,65.666664
13401,117,9,17.75,65.75
13402,117,10,17.75,65.833336
13403,117,11,17.75,65.916664
13404,117,12,17.75,66.0
13405,117,13,17.75,66.083336
13406,117,14,17.75,66.166664
13407,117,15,17.75,66.25
13408,117,16,17.75,66.333336
13409,117,17,17.75,66.416664
13410,117,18,17.75,66.5
13411,117,19,17.75,66.583336
13412,117,20,17.75,66.666664
13413,117,21,17.75,66.75
13414,117,22,17.75,66.833336
13415,117,23,17.75,66.916664
13416,117,24,17.75,67.0
13417,117,25,17.75,67.083336
13418,117,26,17.75,67.166664
13419,117,27,17.75,67.25
13420,117,28,17.75,67.333336
13421,117,29,17.75,67.416664
13422,117,30,17.75,67.5
13423,117,31,17.75,67.583336
13424,117,32,17.75,67.666664
13425,117,33,17.75,67.75
13426,117,34,17.75,67.833336
13427,117,35,17.75,67.916664
13428,117,36,17.75,68.0
13429,117,37,17.75,68.083336
13430,117,38,17.75,68.166664
13431,117,39,17.75,68.25
13432,117,40,17.75,68.333336
13433,117,41,17.75,68.416664
13434,117,42,17.75,68.5
13435,117,43,17.75,68.583336
13436,117,44,17.75,68.666664
13437,117,45,17.75,68.75
13438,117,46,17.75,68.833336
13439,117,47,17.75,68.916664
13440,117,48,17.75,69.0
13441,117,49,17.75,69.083336
13442,117,50,17.75,69.166664
13443,117,51,17.75,69.25
13444,117,52,17.75,69.333336
13445,117,53,17.75,69.416664
13446,117,54,17.75,69.5
13447,117,55,17.75,69.583336
13448,117,56,17.75,69.666664
13449,117,57,17.75,69.75
13450,117,58,17.75,69.833336
13451,117,59,17.75,69.916664
13452,117,60,17.75,70.0
13453,117,61,17.75,70.083336
13454,117,62,17.75,70.166664
13455,117,63,17.75,70.25
13456,117,64,17.75,70.333336
13457,117,65,17.75,70.416664
13458,117,66,17.75,70.5
13459,117,67,17.75,70.583336
13460,117,68,17.75,70.666664
13461,117,69,17.75,70.75
13462,117,70,17.75,70.833336
13463,117,71,17.75,70.916664
13464,117,72,17.75,71.0
13465,117,73,17.75,71.083336
13466,117,74,17.75,71.166664
13467,117,75,17.75,71.25
13468,117,76,17.75,71.333336
13469,117,77,17.75,71.416664
13470,117,78,17.75,71.5
13471,117,79,17.75,71.583336
13472,117,80,17.75,71.666664
13473,117,81,17.75,71.75
13474,117,82,17.75,71.833336
13475,117,83,17.75,71.916664
13476,117,84,17.75,72.0
13477,117,85,17.75,72.083336
13478,117,86,17.75,72.166664
13479,117,87,17.75,72.25
13480,117,88,17.75,72.333336
13481,117,89,17.75,72.416664
13482,117,90,17.75,72.5
13483,117,91,17.75,72.583336
13484,117,92,17.75,72.666664
13485,117,93,17.75,72.75
13486,117,94,17.75,72.833336
13487,117,95,17.75,72.916664
13488,117,96,17.75,73.0
13489,117,97,17.75,73.083336
13490,118,0,17.833334,65.0
13491,118,1,17.833334,65.083336
13492,118,2,17.833334,65.166664
13493,118,3,17.833334,65.25
13494,118,4,17.833334,65.333336
13495,118,5,17.833334,65.416664
13496,118,6,17.833334,65.5
13497,118,7,17.833334,65.583336
13498,118,8,17.833334,65.666664
13499,118,9,17.833334,65.75
13500,118,10,17.833334,65.833336
13501,118,11,17.833334,65.916664
13502,118,12,17.833334,66.0
13503,118,13,17.833334,66.083336
13504,118,14,17.833334,66.166664
13505,118,15,17.833334,66.25
13506,118,16,17.833334,66.333336
13507,118,17,17.833334,66.416664
13508,118,18,17.833334,66.5
13509,118,19,17.833334,66.583336
13510,118,20,17.833334,66.666664
13511,118,21,17.833334,66.75
13512,118,22,17.833334,66.833336
13513,118,23,17.833334,66.916664
13514,118,24,17.833334,67.0
13515,118,25,17.833334,67.083336
13516,118,26,17.833334,67.166664
13517,118,27,17.833334,67.25
13518,118,28,17.833334,67.333336
13519,118,29,17.833334,67.416664
13520,118,30,17.833334,67.5
13521,118,31,17.833334,67.583336
13522,118,32,17.833334,67.666664
13523,118,33,17.833334,67.75
13524,118,34,17.833334,67.833336
13525,118,35,17.833334,67.916664
13526,118,36,17.833334,68.0
13527,118,37,17.833334,68.083336
13528,118,38,17.833334,68.166664
13529,118,39,17.833334,68.25
13530,118,40,17.833334,68.333336
13531,118,41,17.833334,68.416664
13532,118,42,17.833334,68.5
13533,118,43,17.833334,68.583336
13534,118,44,17.833334,68.666664
13535,118,45,17.833334,68.75
13536,118,46,17.833334,68.833336
13537,118,47,17.833334,68.916664
13538,118,48,17.833334,69.0
13539,118,49,17.833334,69.083336
13540,118,50,17.833334,69.166664
13541,118,51,17.833334,69.25
13542,118,52,17.833334,69.333336
13543,118,53,17.833334,69.416664
13544,118,54,17.833334,69.5
13545,118,55,17.833334,69.583336
13546,118,56,17.833334,69.666664
13547,118,57,17.833334,69.75
13548,118,58,17.833334,69.833336
13549,118,59,17.833334,69.916664
13550,118,60,17.833334,70.0
13551,118,61,17.833334,70.083336
13552,118,62,17.833334,70.166664
13553,118,63,17.833334,70.25
13554,118,64,17.833334,70.333336
13555,118,65,17.833334,70.416664
13556,118,66,17.833334,70.5
13557,118,67,17.833334,70.583336
13558,118,68,17.833334,70.666664
13559,118,69,17.833334,70.75
13560,118,70,17.833334,70.833336
13561,118,71,17.833334,70.916664
13562,118,72,17.833334,71.0
13563,118,73,17.833334,71.083336
13564,118,74,17.833334,71.166664
13565,118,75,17.833334,71.25
13566,118,76,17.833334,71.333336
13567,118,77,17.833334,71.416664
13568,118,78,17.833334,71.5
13569,118,79,17.833334,71.583336
13570,118,80,17.833334,71.666664
13571,118,81,17.833334,71.75
13572,118,82,17.833334,71.833336
13573,118,83,17.833334,71.916664
13574,118,84,17.833334,72.0
13575,118,85,17.833334,72.083336
13576,118,86,17.833334,72.166664
13577,118,87,17.833334,72.25
13578,118,88,17.833334,72.333336
13579,118,89,17.833334,72.416664
13580,118,90,17.833334,72.5
13581,118,91,17.833334,72.583336
13582,118,92,17.833334,72.666664
13583,118,93,17.833334,72.75
13584,118,94,17.833334,72.833336
13585,118,95,17.833334,72.916664
13586,118,96,17.833334,73.0
13587,118,97,17.833334,73.083336
13588,119,0,17.916666,65.0
13589,119,1,17.916666,65.083336
13590,119,2,17.916666,65.166664
13591,119,3,17.916666,65.25
13592,119,4,17.916666,65.333336
13593,119,5,17.916666,65.416664
13594,119,6,17.916666,65.5
13595,119,7,17.916666,65.583336
13596,119,8,17.916666,65.666664
13597,119,9,17.916666,65.75
13598,119,10,17.916666,65.833336
13599,119,11,17.916666,65.916664
13600,119,12,17.916666,66.0
13601,119,13,17.916666,66.083336
13602,119,14,17.916666,66.166664
13603,119,15,17.916666,66.25
13604,119,16,17.916666,66.333336
13605,119,17,17.916666,66.416664
13606,119,18,17.916666,66.5
13607,119,19,17.916666,66.583336
13608,119,20,17.916666,66.666664
13609,119,21,17.916666,66.75
13610,119,22,17.916666,66.833336
13611,119,23,17.916666,66.916664
13612,119,24,17.916666,67.0
13613,119,25,17.916666,67.083336
13614,119,26,17.916666,67.166664
13615,119,27,17.916666,67.25
13616,119,28,17.916666,67.333336
13617,119,29,17.916666,67.416664
13618,119,30,17.916666,67.5
13619,119,31,17.916666,67.583336
13620,119,32,17.916666,67.666664
13621,119,33,17.916666,67.75
13622,119,34,17.916666,67.833336
13623,119,35,17.916666,67.916664
13624,119,36,17.916666,68.0
13625,119,37,17.916666,68.083336
13626,119,38,17.916666,68.166664
13627,119,39,17.916666,68.25
13628,119,40,17.916666,68.333336
13629,119,41,17.916666,68.416664
13630,119,42,17.916666,68.5
13631,119,43,17.916666,68.583336
13632,119,44,17.916666,68.666664
13633,119,45,17.916666,68.75
13634,119,46,17.916666,68.833336
13635,119,47,17.916666,68.916664
13636,119,48,17.916666,69.0
13637,119,49,17.916666,69.083336
13638,119,50,17.916666,69.166664
13639,119,51,17.916666,69.25
13640,119,52,17.916666,69.333336
13641,119,53,17.916666,69.416664
13642,119,54,17.916666,69.5
13643,119,55,17.916666,69.583336
13644,119,56,17.916666,69.666664
13645,119,57,17.916666,69.75
13646,119,58,17.916666,69.833336
13647,119,59,17.916666,69.916664
13648,119,60,17.916666,70.0
13649,119,61,17.916666,70.083336
13650,119,62,17.916666,70.166664
13651,119,63,17.916666,70.25
13652,119,64,17.916666,70.333336
13653,119,65,17.916666,70.416664
13654,119,66,17.916666,70.5
13655,119,67,17.916666,70.583336
13656,119,68,17.916666,70.666664
13657,119,69,17.916666,70.75
13658,119,70,17.916666,70.833336
13659,119,71,17.916666,70.916664
13660,119,72,17.916666,71.0
13661,119,73,17.916666,71.083336
13662,119,74,17.916666,71.166664
13663,119,75,17.916666,71.25
13664,119,76,17.916666,71.333336
13665,119,77,17.916666,71.416664
13666,119,78,17.916666,71.5
13667,119,79,17.916666,71.583336
13668,119,80,17.916666,71.666664
13669,119,81,17.916666,71.75
13670,119,82,17.916666,71.833336
13671,119,83,17.916666,71.916664
13672,119,84,17.916666,72.0
13673,119,85,17.916666,72.083336
13674,119,86,17.916666,72.166664
13675,119,87,17.916666,72.25
13676,119,88,17.916666,72.333336
13677,119,89,17.916666,72.416664
13678,119,90,17.916666,72.5
13679,119,91,17.916666,72.583336
13680,119,92,17.916666,72.666664
13681,119,93,17.916666,72.75
13682,119,94,17.916666,72.833336
13683,119,95,17.916666,72.916664
13684,119,96,17.916666,73.0
13685,120,0,18.0,65.0
13686,120,1,18.0,65.083336
13687,120,2,18.0,65.166664
13688,120,3,18.0,65.25
13689,120,4,18.0,65.333336
13690,120,5,18.0,65.416664
13691,120,6,18.0,65.5
13692,120,7,18.0,65.583336
13693,120,8,18.0,65.666664
13694,120,9,18.0,65.75
13695,120,10,18.0,65.833336
13696,120,11,18.0,65.916664
13697,120,12,18.0,66.0
13698,120,13,18.0,66.083336
13699,120,14,18.0,66.166664
13700,120,15,18.0,66.25
13701,120,16,18.0,66.333336
13702,120,17,18.0,66.416664
13703,120,18,18.0,66.5
13704,120,19,18.0,66.583336
13705,120,20,18.0,66.666664
13706,120,21,18.0,66.75
13707,120,22,18.0,66.833336
13708,120,23,18.0,66.916664
13709,120,24,18.0,67.0
13710,120,25,18.0,67.083336
13711,120,26,18.0,67.166664
13712,120,27,18.0,67.25
13713,120,28,18.0,67.333336
13714,120,29,18.0,67.416664
13715,120,30,18.0,67.5
13716,120,31,18.0,67.583336
13717,120,32,18.0,67.666664
13718,120,33,18.0,67.75
13719,120,34,18.0,67.833336
13720,120,35,18.0,67.916664
13721,120,36,18.0,68.0
13722,120,37,18.0,68.083336
13723,120,38,18.0,68.166664
13724,120,39,18.0,68.25
13725,120,40,18.0,68.333336
13726,120,41,18.0,68.416664
13727,120,42,18.0,68.5
13728,120,43,18.0,68.583336
13729,120,44,18.0,68.666664
13730,120,45,18.0,68.75
13731,120,46,18.0,68.833336
13732,120,47,18.0,68.916664
13733,120,48,18.0,69.0
13734,120,49,18.0,69.083336
13735,120,50,18.0,69.166664
13736,120,51,18.0,69.25
13737,120,52,18.0,69.333336
13738,120,53,18.0,69.416664
13739,120,54,18.0,69.5
13740,120,55,18.0,69.583336
13741,120,56,18.0,69.666664
13742,120,57,18.0,69.75
13743,120,58,18.0,69.833336
13744,120,59,18.0,69.916664
13745,120,60,18.0,70.0
13746,120,61,18.0,70.083336
13747,120,62,18.0,70.166664
13748,120,63,18.0,70.25
13749,120,64,18.0,70.333336
13750,120,65,18.0,70.416664
13751,120,66,18.0,70.5
13752,120,67,18.0,70.583336
13753,120,68,18.0,70.666664
13754,120,69,18.0,70.75
13755,120,70,18.0,70.833336
13756,120,71,18.0,70.916664
13757,120,72,18.0,71.0
13758,120,73,18.0,71.083336
13759,120,74,18.0,71.166664
13760,120,75,18.0,71.25
13761,120,76,18.0,71.333336
13762,120,77,18.0,71.416664
13763,120,78,18.0,71.5
13764,120,79,18.0,71.583336
13765,120,80,18.0,71.666664
13766,120,81,18.0,71.75
13767,120,82,18.0,71.833336
13768,120,83,18.0,71.916664
13769,120,84,18.0,72.0
13770,120,85,18.0,72.083336
13771,120,86,18.0,72.166664
13772,120,87,18.0,72.25
13773,120,88,18.0,72.333336
13774,120,89,18.0,72.416664
13775,120,90,18.0,72.5
13776,120,91,18.0,72.583336
13777,120,92,18.0,72.666664
13778,120,93,18.0,72.75
13779,120,94,18.0,72.833336
13780,120,95,18.0,72.916664
13781,120,96,18.0,73.0
13782,121,0,18.083334,65.0
13783,121,1,18.083334,65.083336
13784,121,2,18.083334,65.166664
13785,121,3,18.083334,65.25
13786,121,4,18.083334,65.333336
13787,121,5,18.083334,65.416664
13788,121,6,18.083334,65.5
13789,121,7,18.083334,65.583336
13790,121,8,18.083334,65.666664
13791,121,9,18.083334,65.75
13792,121,10,18.083334,65.833336
13793,121,11,18.083334,65.916664
13794,121,12,18.083334,66.0
13795,121,13,18.083334,66.083336
13796,121,14,18.083334,66.166664
13797,121,15,18.083334,66.25
13798,121,16,18.083334,66.333336
13799,121,17,18.083334,66.416664
13800,121,18,18.083334,66.5
13801,121,19,18.083334,66.583336
13802,121,20,18.083334,66.666664
13803,121,21,18.083334,66.75
13804,121,22,18.083334,66.833336
13805,121,23,18.083334,66.916664
13806,121,24,18.083334,67.0
13807,121,25,18.083334,67.083336
13808,121,26,18.083334,67.166664
13809,121,27,18.083334,67.25
13810,121,28,18.083334,67.333336
13811,121,29,18.083334,67.416664
13812,121,30,18.083334,67.5
13813,121,31,18.083334,67.583336
13814,121,32,18.083334,67.666664
13815,121,33,18.083334,67.75
13816,121,34,18.083334,67.833336
13817,121,35,18.083334,67.916664
13818,121,36,18.083334,68.0
13819,121,37,18.083334,68.083336
13820,121,38,18.083334,68.166664
13821,121,39,18.083334,68.25
13822,121,40,18.083334,68.333336
13823,121,41,18.083334,68.416664
13824,121,42,18.083334,68.5
13825,121,43,18.083334,68.583336
13826,121,44,18.083334,68.666664
13827,121,45,18.083334,68.75
13828,121,46,18.083334,68.833336
13829,121,47,18.083334,68.916664
13830,121,48,18.083334,69.0
13831,121,49,18.083334,69.083336
13832,121,50,18.083334,69.166664
13833,121,51,18.083334,69.25
13834,121,52,18.083334,69.333336
13835,121,53,18.083334,69.416664
13836,121,54,18.083334,69.5
13837,121,55,18.083334,69.583336
13838,121,56,18.083334,69.666664
13839,121,57,18.083334,69.75
13840,121,58,18.083334,69.833336
13841,121,59,18.083334,69.916664
13842,121,60,18.083334,70.0
13843,121,61,18.083334,70.083336
13844,121,62,18.083334,70.166664
13845,121,63,18.083334,70.25
13846,121,64,18.083334,70.333336
13847,121,65,18.083334,70.416664
13848,121,66,18.083334,70.5
13849,121,67,18.083334,70.583336
13850,121,68,18.083334,70.666664
13851,121,69,18.083334,70.75
13852,121,70,18.083334,70.833336
13853,121,71,18.083334,70.916664
13854,121,72,18.083334,71.0
13855,121,73,18.083334,71.083336
13856,121,74,18.083334,71.166664
13857,121,75,18.083334,71.25
13858,121,76,18.083334,71.333336
13859,121,77,18.083334,71.416664
13860,121,78,18.083334,71.5
13861,121,79,18.083334,71.583336
13862,121,80,18.083334,71.666664
13863,121,81,18.083334,71.75
13864,121,82,18.083334,71.833336
13865,121,83,18.083334,71.916664
13866,121,84,18.083334,72.0
13867,121,85,18.083334,72.083336
13868,121,86,18.083334,72.166664
13869,121,87,18.083334,72.25
13870,121,88,18.083334,72.333336
13871,121,89,18.083334,72.416664
13872,121,90,18.083334,72.5
13873,121,91,18.083334,72.583336
13874,121,92,18.083334,72.666664
13875,121,93,18.083334,72.75
13876,121,94,18.083334,72.833336
13877,121,95,18.083334,72.916664
13878,121,96,18.083334,73.0
13879,122,0,18.166666,65.0
13880,122,1,18.166666,65.083336
13881,122,2,18.166666,65.166664
13882,122,3,18.166666,65.25
13883,122,4,18.166666,65.333336
13884,122,5,18.166666,65.416664
13885,122,6,18.166666,65.5
13886,122,7,18.166666,65.583336
13887,122,8,18.166666,65.666664
13888,122,9,18.166666,65.75
13889,122,10,18.166666,65.833336
13890,122,11,18.166666,65.916664
13891,122,12,18.166666,66.0
13892,122,13,18.166666,66.083336
13893,122,14,18.166666,66.166664
13894,122,15,18.166666,66.25
13895,122,16,18.166666,66.333336
13896,122,17,18.166666,66.416664
13897,122,18,18.166666,66.5
13898,122,19,18.166666,66.583336
13899,122,20,18.166666,66.666664
13900,122,21,18.166666,66.75
13901,122,22,18.166666,66.833336
13902,122,23,18.166666,66.916664
13903,122,24,18.166666,67.0
13904,122,25,18.166666,67.083336
13905,122,26,18.166666,67.166664
13906,122,27,18.166666,67.25
13907,122,28,18.166666,67.333336
13908,122,29,18.166666,67.416664
13909,122,30,18.166666,67.5
13910,122,31,18.166666,67.583336
13911,122,32,18.166666,67.666664
13912,122,33,18.166666,67.75
13913,122,34,18.166666,67.833336
13914,122,35,18.166666,67.916664
13915,122,36,18.166666,68.0
13916,122,37,18.166666,68.083336
13917,122,38,18.166666,68.166664
13918,122,39,18.166666,68.25
13919,122,40,18.166666,68.333336
13920,122,41,18.166666,68.416664
13921,122,42,18.166666,68.5
13922,122,43,18.166666,68.583336
13923,122,44,18.166666,68.666664
13924,122,45,18.166666,68.75
13925,122,46,18.166666,68.833336
13926,122,47,18.166666,68.916664
13927,122,48,18.166666,69.0
13928,122,49,18.166666,69.083336
13929,122,50,18.166666,69.166664
13930,122,51,18.166666,69.25
13931,122,52,18.166666,69.333336
13932,122,53,18.166666,69.416664
13933,122,54,18.166666,69.5
13934,122,55,18.166666,69.583336
13935,122,56,18.166666,69.666664
13936,122,57,18.166666,69.75
13937,122,58,18.166666,69.833336
13938,122,59,18.166666,69.916664
13939,122,60,18.166666,70.0
13940,122,61,18.166666,70.083336
13941,122,62,18.166666,70.166664
13942,122,63,18.166666,70.25
13943,122,64,18.166666,70.333336
13944,122,65,18.166666,70.416664
13945,122,66,18.166666,70.5
13946,122,67,18.166666,70.583336
13947,122,68,18.166666,70.666664
13948,122,69,18.166666,70.75
13949,122,70,18.166666,70.833336
13950,122,71,18.166666,70.916664
13951,122,72,18.166666,71.0
13952,122,73,18.166666,71.083336
13953,122,74,18.166666,71.166664
13954,122,75,18.166666,71.25
13955,122,76,18.166666,71.333336
13956,122,77,18.166666,71.416664
13957,122,78,18.166666,71.5
13958,122,79,18.166666,71.583336
13959,122,80,18.166666,71.666664
13960,122,81,18.166666,71.75
13961,122,82,18.166666,71.833336
13962,122,83,18.166666,71.916664
13963,122,84,18.166666,72.0
13964,122,85,18.166666,72.083336
13965,122,86,18.166666,72.166664
13966,122,87,18.166666,72.25
13967,122,88,18.166666,72.333336
13968,122,89,18.166666,72.416664
13969,122,90,18.166666,72.5
13970,122,91,18.166666,72.583336
13971,122,92,18.166666,72.666664
13972,122,93,18.166666,72.75
13973,122,94,18.166666,72.833336
13974,122,95,18.166666,72.916664
13975,123,0,18.25,65.0
13976,123,1,18.25,65.083336
13977,123,2,18.25,65.166664
13978,123,3,18.25,65.25
13979,123,4,18.25,65.333336
13980,123,5,18.25,65.416664
13981,123,6,18.25,65.5
13982,123,7,18.25,65.583336
13983,123,8,18.25,65.666664
13984,123,9,18.25,65.75
13985,123,10,18.25,65.833336
13986,123,11,18.25,65.916664
13987,123,12,18.25,66.0
13988,123,13,18.25,66.083336
13989,123,14,18.25,66.166664
13990,123,15,18.25,66.25
13991,123,16,18.25,66.333336
13992,123,17,18.25,66.416664
13993,123,18,18.25,66.5
13994,123,19,18.25,66.583336
13995,123,20,18.25,66.666664
13996,123,21,18.25,66.75
13997,123,22,18.25,66.833336
13998,123,23,18.25,66.916664
13999,123,24,18.25,67.0
14000,123,25,18.25,67.083336
14001,123,26,18.25,67.166664
14002,123,27,18.25,67.25
14003,123,28,18.25,67.333336
14004,123,29,18.25,67.416664
14005,123,30,18.25,67.5
14006,123,31,18.25,67.583336
14007,123,32,18.25,67.666664
14008,123,33,18.25,67.75
14009,123,34,18.25,67.833336
14010,123,35,18.25,67.916664
14011,123,36,18.25,68.0
14012,123,37,18.25,68.083336
14013,123,38,18.25,68.166664
14014,123,39,18.25,68.25
14015,123,40,18.25,68.333336
14016,123,41,18.25,68.416664
14017,123,42,18.25,68.5
14018,123,43,18.25,68.583336
14019,123,44,18.25,68.666664
14020,123,45,18.25,68.75
14021,123,46,18.25,68.833336
14022,123,47,18.25,68.916664
14023,123,48,18.25,69.0
14024,123,49,18.25,69.083336
14025,123,50,18.25,69.166664
14026,123,51,18.25,69.25
14027,123,52,18.25,69.333336
14028,123,53,18.25,69.416664
14029,123,54,18.25,69.5
14030,123,55,18.25,69.583336
14031,123,56,18.25,69.666664
14032,123,57,18.25,69.75
14033,123,58,18.25,69.833336
14034,123,59,18.25,69.916664
14035,123,60,18.25,70.0
14036,123,61,18.25,70.083336
14037,123,62,18.25,70.166664
14038,123,63,18.25,70.25
14039,123,64,18.25,70.333336
14040,123,65,18.25,70.416664
14041,123,66,18.25,70.5
14042,123,67,18.25,70.583336
14043,123,68,18.25,70.666664
14044,123,69,18.25,70.75
14045,123,70,18.25,70.833336
14046,123,71,18.25,70.916664
14047,123,72,18.25,71.0
14048,123,73,18.25,71.083336
14049,123,74,18.25,71.166664
14050,123,75,18.25,71.25
14051,123,76,18.25,71.333336
14052,123,77,18.25,71.416664
14053,123,78,18.25,71.5
14054,123,79,18.25,71.583336
14055,123,80,18.25,71.666664
14056,123,81,18.25,71.75
14057,123,82,18.25,71.833336
14058,123,83,18.25,71.916664
14059,123,84,18.25,72.0
14060,123,85,18.25,72.083336
14061,123,86,18.25,72.166664
14062,123,87,18.25,72.25
14063,123,88,18.25,72.333336
14064,123,89,18.25,72.416664
14065,123,90,18.25,72.5
14066,123,91,18.25,72.583336
14067,123,92,18.25,72.666664
14068,123,93,18.25,72.75
14069,123,94,18.25,72.833336
14070,123,95,18.25,72.916664
14071,124,0,18.333334,65.0
14072,124,1,18.333334,65.083336
14073,124,2,18.333334,65.166664
14074,124,3,18.333334,65.25
14075,124,4,18.333334,65.333336
14076,124,5,18.333334,65.416664
14077,124,6,18.333334,65.5
14078,124,7,18.333334,65.583336
14079,124,8,18.333334,65.666664
14080,124,9,18.333334,65.75
14081,124,10,18.333334,65.833336
14082,124,11,18.333334,65.916664
14083,124,12,18.333334,66.0
14084,124,13,18.333334,66.083336
14085,124,14,18.333334,66.166664
14086,124,15,18.333334,66.25
14087,124,16,18.333334,66.333336
14088,124,17,18.333334,66.416664
14089,124,18,18.333334,66.5
14090,124,19,18.333334,66.583336
14091,124,20,18.333334,66.666664
14092,124,21,18.333334,66.75
14093,124,22,18.333334,66.833336
14094,124,23,18.333334,66.916664
14095,124,24,18.333334,67.0
14096,124,25,18.333334,67.083336
14097,124,26,18.333334,67.166664
14098,124,27,18.333334,67.25
14099,124,28,18.333334,67.333336
14100,124,29,18.333334,67.416664
14101,124,30,18.333334,67.5
14102,124,31,18.333334,67.583336
14103,124,32,18.333334,67.666664
14104,124,33,18.333334,67.75
14105,124,34,18.333334,67.833336
14106,124,35,18.333334,67.916664
14107,124,36,18.333334,68.0
14108,124,37,18.333334,68.083336
14109,124,38,18.333334,68.166664
14110,124,39,18.333334,68.25
14111,124,40,18.333334,68.333336
14112,124,41,18.333334,68.416664
14113,124,42,18.333334,68.5
14114,124,43,18.333334,68.583336
14115,124,44,18.333334,68.666664
14116,124,45,18.333334,68.75
14117,124,46,18.333334,68.833336
14118,124,47,18.333334,68.916664
14119,124,48,18.333334,69.0
14120,124,49,18.333334,69.083336
14121,124,50,18.333334,69.166664
14122,124,51,18.333334,69.25
14123,124,52,18.333334,69.333336
14124,124,53,18.333334,69.416664
14125,124,54,18.333334,69.5
14126,124,55,18.333334,69.583336
14127,124,56,18.333334,69.666664
14128,124,57,18.333334,69.75
14129,124,58,18.333334,69.833336
14130,124,59,18.333334,69.916664
14131,124,60,18.333334,70.0
14132,124,61,18.333334,70.083336
14133,124,62,18.333334,70.166664
14134,124,63,18.333334,70.25
14135,124,64,18.333334,70.333336
14136,124,65,18.333334,70.416664
14137,124,66,18.333334,70.5
14138,124,67,18.333334,70.583336
14139,124,68,18.333334,70.666664
14140,124,69,18.333334,70.75
14141,124,70,18.333334,70.833336
14142,124,71,18.333334,70.916664
14143,124,72,18.333334,71.0
14144,124,73,18.333334,71.083336
14145,124,74,18.333334,71.166664
14146,124,75,18.333334,71.25
14147,124,76,18.333334,71.333336
14148,124,77,18.333334,71.416664
14149,124,78,18.333334,71.5
14150,124,79,18.333334,71.583336
14151,124,80,18.333334,71.666664
14152,124,81,18.333334,71.75
14153,124,82,18.333334,71.833336
14154,124,83,18.333334,71.916664
14155,124,84,18.333334,72.0
14156,124,85,18.333334,72.083336
14157,124,86,18.333334,72.166664
14158,124,87,18.333334,72.25
14159,124,88,18.333334,72.333336
14160,124,89,18.333334,72.416664
14161,124,90,18.333334,72.5
14162,124,91,18.333334,72.583336
14163,124,92,18.333334,72.666664
14164,124,93,18.333334,72.75
14165,124,94,18.333334,72.833336
14166,125,0,18.416666,65.0
14167,125,1,18.416666,65.083336
14168,125,2,18.416666,65.166664
14169,125,3,18.416666,65.25
14170,125,4,18.416666,65.333336
14171,125,5,18.416666,65.416664
14172,125,6,18.416666,65.5
14173,125,7,18.416666,65.583336
14174,125,8,18.416666,65.666664
14175,125,9,18.416666,65.75
14176,125,10,18.416666,65.833336
14177,125,11,18.416666,65.916664
14178,125,12,18.416666,66.0
14179,125,13,18.416666,66.083336
14180,125,14,18.416666,66.166664
14181,125,15,18.416666,66.25
14182,125,16,18.416666,66.333336
14183,125,17,18.416666,66.416664
14184,125,18,18.416666,66.5
14185,125,19,18.416666,66.583336
14186,125,20,18.416666,66.666664
14187,125,21,18.416666,66.75
14188,125,22,18.416666,66.833336
14189,125,23,18.416666,66.916664
14190,125,24,18.416666,67.0
14191,125,25,18.416666,67.083336
14192,125,26,18.416666,67.166664
14193,125,27,18.416666,67.25
14194,125,28,18.416666,67.333336
14195,125,29,18.416666,67.416664
14196,125,30,18.416666,67.5
14197,125,31,18.416666,67.583336
14198,125,32,18.416666,67.666664
14199,125,33,18.416666,67.75
14200,125,34,18.416666,67.833336
14201,125,35,18.416666,67.916664
14202,125,36,18.416666,68.0
14203,125,37,18.416666,68.083336
14204,125,38,18.416666,68.166664
14205,125,39,18.416666,68.25
14206,125,40,18.416666,68.333336
14207,125,41,18.416666,68.416664
14208,125,42,18.416666,68.5
14209,125,43,18.416666,68.583336
14210,125,44,18.416666,68.666664
14211,125,45,18.416666,68.75
14212,125,46,18.416666,68.833336
14213,125,47,18.416666,68.916664
14214,125,48,18.416666,69.0
14215,125,49,18.416666,69.083336
14216,125,50,18.416666,69.166664
14217,125,51,18.416666,69.25
14218,125,52,18.416666,69.333336
14219,125,53,18.416666,69.416664
14220,125,54,18.416666,69.5
14221,125,55,18.416666,69.583336
14222,125,56,18.416666,69.666664
14223,125,57,18.416666,69.75
14224,125,58,18.416666,69.833336
14225,125,59,18.416666,69.916664
14226,125,60,18.416666,70.0
14227,125,61,18.416666,70.083336
14228,125,62,18.416666,70.166664
14229,125,63,18.416666,70.25
14230,125,64,18.416666,70.333336
14231,125,65,18.416666,70.416664
14232,125,66,18.416666,70.5
14233,125,67,18.416666,70.583336
14234,125,68,18.416666,70.666664
14235,125,69,18.416666,70.75
14236,125,70,18.416666,70.833336
14237,125,71,18.416666,70.916664
14238,125,72,18.416666,71.0
14239,125,73,18.416666,71.083336
14240,125,74,18.416666,71.166664
14241,125,75,18.416666,71.25
14242,125,76,18.416666,71.333336
14243,125,77,18.416666,71.416664
14244,125,78,18.416666,71.5
14245,125,79,18.416666,71.583336
14246,125,80,18.416666,71.666664
14247,125,81,18.416666,71.75
14248,125,82,18.416666,71.833336
14249,125,83,18.416666,71.916664
14250,125,84,18.416666,72.0
14251,125,85,18.416666,72.083336
14252,125,86,18.416666,72.166664
14253,125,87,18.416666,72.25
14254,125,88,18.416666,72.333336
14255,125,89,18.416666,72.416664
14256,125,90,18.416666,72.5
14257,125,91,18.416666,72.583336
14258,125,92,18.416666,72.666664
14259,125,93,18.416666,72.75
14260,125,94,18.416666,72.833336
14261,126,0,18.5,65.0
14262,126,1,18.5,65.083336
14263,126,2,18.5,65.166664
14264,126,3,18.5,65.25
14265,126,4,18.5,65.333336
14266,126,5,18.5,65.416664
14267,126,6,18.5,65.5
14268,126,7,18.5,65.583336
14269,126,8,18.5,65.666664
14270,126,9,18.5,65.75
14271,126,10,18.5,65.833336
14272,126,11,18.5,65.916664
14273,126,12,18.5,66.0
14274,126,13,18.5,66.083336
14275,126,14,18.5,66.166664
14276,126,15,18.5,66.25
14277,126,16,18.5,66.333336
14278,126,17,18.5,66.416664
14279,126,18,18.5,66.5
14280,126,19,18.5,66.583336
14281,126,20,18.5,66.666664
14282,126,21,18.5,66.75
14283,126,22,18.5,66.833336
14284,126,23,18.5,66.916664
14285,126,24,18.5,67.0
14286,126,25,18.5,67.083336
14287,126,26,18.5,67.166664
14288,126,27,18.5,67.25
14289,126,28,18.5,67.333336
14290,126,29,18.5,67.416664
14291,126,30,18.5,67.5
14292,126,31,18.5,67.583336
14293,126,32,18.5,67.666664
14294,126,33,18.5,67.75
14295,126,34,18.5,67.833336
14296,126,35,18.5,67.916664
14297,126,36,18.5,68.0
14298,126,37,18.5,68.083336
14299,126,38,18.5,68.166664
14300,126,39,18.5,68.25
14301,126,40,18.5,68.333336
14302,126,41,18.5,68.416664
14303,126,42,18.5,68.5
14304,126,43,18.5,68.583336
14305,126,44,18.5,68.666664
14306,126,45,18.5,68.75
14307,126,46,18.5,68.833336
14308,126,47,18.5,68.916664
14309,126,48,18.5,69.0
14310,126,49,18.5,69.083336
14311,126,50,18.5,69.166664
14312,126,51,18.5,69.25
14313,126,52,18.5,69.333336
14314,126,53,18.5,69.416664
14315,126,54,18.5,69.5
14316,126,55,18.5,69.583336
14317,126,56,18.5,69.666664
14318,126,57,18.5,69.75
14319,126,58,18.5,69.833336
14320,126,59,18.5,69.916664
14321,126,60,18.5,70.0
14322,126,61,18.5,70.083336
14323,126,62,18.5,70.166664
14324,126,63,18.5,70.25
14325,126,64,18.5,70.333336
14326,126,65,18.5,70.416664
14327,126,66,18.5,70.5
14328,126,67,18.5,70.583336
14329,126,68,18.5,70.666664
14330,126,69,18.5,70.75
14331,126,70,18.5,70.833336
14332,126,71,18.5,70.916664
14333,126,72,18.5,71.0
14334,126,73,18.5,71.083336
14335,126,74,18.5,71.166664
14336,126,75,18.5,71.25
14337,126,76,18.5,71.333336
14338,126,77,18.5,71.416664
14339,126,78,18.5,71.5
14340,126,79,18.5,71.583336
14341,126,80,18.5,71.666664
14342,126,81,18.5,71.75
14343,126,82,18.5,71.833336
14344,126,83,18.5,71.916664
14345,126,84,18.5,72.0
14346,126,85,18.5,72.083336
14347,126,86,18.5,72.166664
14348,126,87,18.5,72.25
14349,126,88,18.5,72.333336
14350,126,89,18.5,72.416664
14351,126,90,18.5,72.5
14352,126,91,18.5,72.583336
14353,126,92,18.5,72.666664
14354,126,93,18.5,72.75
14355,126,94,18.5,72.833336
14356,127,0,18.583334,65.0
14357,127,1,18.583334,65.083336
14358,127,2,18.583334,65.166664
14359,127,3,18.583334,65.25
14360,127,4,18.583334,65.333336
14361,127,5,18.583334,65.416664
14362,127,6,18.583334,65.5
14363,127,7,18.583334,65.583336
14364,127,8,18.583334,65.666664
14365,127,9,18.583334,65.75
14366,127,10,18.583334,65.833336
14367,127,11,18.583334,65.916664
14368,127,12,18.583334,66.0
14369,127,13,18.583334,66.083336
14370,127,14,18.583334,66.166664
14371,127,15,18.583334,66.25
14372,127,16,18.583334,66.333336
14373,127,17,18.583334,66.416664
14374,127,18,18.583334,66.5
14375,127,19,18.583334,66.583336
14376,127,20,18.583334,66.666664
14377,127,21,18.583334,66.75
14378,127,22,18.583334,66.833336
14379,127,23,18.583334,66.916664
14380,127,24,18.583334,67.0
14381,127,25,18.583334,67.083336
14382,127,26,18.583334,67.166664
14383,127,27,18.583334,67.25
14384,127,28,18.583334,67.333336
14385,127,29,18.583334,67.416664
14386,127,30,18.583334,67.5
14387,127,31,18.583334,67.583336
14388,127,32,18.583334,67.666664
14389,127,33,18.583334,67.75
14390,127,34,18.583334,67.833336
14391,127,35,18.583334,67.916664
14392,127,36,18.583334,68.0
14393,127,37,18.583334,68.083336
14394,127,38,18.583334,68.166664
14395,127,39,18.583334,68.25
14396,127,40,18.583334,68.333336
14397,127,41,18.583334,68.416664
14398,127,42,18.583334,68.5
14399,127,43,18.583334,68.583336
14400,127,44,18.583334,68.666664
14401,127,45,18.583334,68.75
14402,127,46,18.583334,68.833336
14403,127,47,18.583334,68.916664
14404,127,48,18.583334,69.0
14405,127,49,18.583334,69.083336
14406,127,50,18.583334,69.166664
14407,127,51,18.583334,69.25
14408,127,52,18.583334,69.333336
14409,127,53,18.583334,69.416664
14410,127,54,18.583334,69.5
14411,127,55,18.583334,69.583336
14412,127,56,18.583334,69.666664
14413,127,57,18.583334,69.75
14414,127,58,18.583334,69.833336
14415,127,59,18.583334,69.916664
14416,127,60,18.583334,70.0
14417,127,61,18.583334,70.083336
14418,127,62,18.583334,70.166664
14419,127,63,18.583334,70.25
14420,127,64,18.583334,70.333336
14421,127,65,18.583334,70.416664
14422,127,66,18.583334,70.5
14423,127,67,18.583334,70.583336
14424,127,68,18.583334,70.666664
14425,127,69,18.583334,70.75
14426,127,70,18.583334,70.833336
14427,127,71,18.583334,70.916664
14428,127,72,18.583334,71.0
14429,127,73,18.583334,71.083336
14430,127,74,18.583334,71.166664
14431,127,75,18.583334,71.25
14432,127,76,18.583334,71.333336
14433,127,77,18.583334,71.416664
14434,127,78,18.583334,71.5
14435,127,79,18.583334,71.583336
14436,127,80,18.583334,71.666664
14437,127,81,18.583334,71.75
14438,127,82,18.583334,71.833336
14439,127,83,18.583334,71.916664
14440,127,84,18.583334,72.0
14441,127,85,18.583334,72.083336
14442,127,86,18.583334,72.166664
14443,127,87,18.583334,72.25
14444,127,88,18.583334,72.333336
14445,127,89,18.583334,72.416664
14446,127,90,18.583334,72.5
14447,127,91,18.583334,72.583336
14448,127,92,18.583334,72.666664
14449,127,93,18.583334,72.75
14450,127,94,18.583334,72.833336
14451,128,0,18.666666,65.0
14452,128,1,18.666666,65.083336
14453,128,2,18.666666,65.166664
14454,128,3,18.666666,65.25
14455,128,4,18.666666,65.333336
14456,128,5,18.666666,65.416664
14457,128,6,18.666666,65.5
14458,128,7,18.666666,65.583336
14459,128,8,18.666666,65.666664
14460,128,9,18.666666,65.75
14461,128,10,18.666666,65.833336
14462,128,11,18.666666,65.916664
14463,128,12,18.666666,66.0
14464,128,13,18.666666,66.083336
14465,128,14,18.666666,66.166664
14466,128,15,18.666666,66.25
14467,128,16,18.666666,66.333336
14468,128,17,18.666666,66.416664
14469,128,18,18.666666,66.5
14470,128,19,18.666666,66.583336
14471,128,20,18.666666,66.666664
14472,128,21,18.666666,66.75
14473,128,22,18.666666,66.833336
14474,128,23,18.666666,66.916664
14475,128,24,18.666666,67.0
14476,128,25,18.666666,67.083336
14477,128,26,18.666666,67.166664
14478,128,27,18.666666,67.25
14479,128,28,18.666666,67.333336
14480,128,29,18.666666,67.416664
14481,128,30,18.666666,67.5
14482,128,31,18.666666,67.583336
14483,128,32,18.666666,67.666664
14484,128,33,18.666666,67.75
14485,128,34,18.666666,67.833336
14486,128,35,18.666666,67.916664
14487,128,36,18.666666,68.0
14488,128,37,18.666666,68.083336
14489,128,38,18.666666,68.166664
14490,128,39,18.666666,68.25
14491,128,40,18.666666,68.333336
14492,128,41,18.666666,68.416664
14493,128,42,18.666666,68.5
14494,128,43,18.666666,68.583336
14495,128,44,18.666666,68.666664
14496,128,45,18.666666,68.75
14497,128,46,18.666666,68.833336
14498,128,47,18.666666,68.916664
14499,128,48,18.666666,69.0
14500,128,49,18.666666,69.083336
14501,128,50,18.666666,69.166664
14502,128,51,18.666666,69.25
14503,128,52,18.666666,69.333336
14504,128,53,18.666666,69.416664
14505,128,54,18.666666,69.5
14506,128,55,18.666666,69.583336
14507,128,56,18.666666,69.666664
14508,128,57,18.666666,69.75
14509,128,58,18.666666,69.833336
14510,128,59,18.666666,69.916664
14511,128,60,18.666666,70.0
14512,128,61,18.666666,70.083336
14513,128,62,18.666666,70.166664
14514,128,63,18.666666,70.25
14515,128,64,18.666666,70.333336
14516,128,65,18.666666,70.416664
14517,128,66,18.666666,70.5
14518,128,67,18.666666,70.583336
14519,128,68,18.666666,70.666664
14520,128,69,18.666666,70.75
14521,128,70,18.666666,70.833336
14522,128,71,18.666666,70.916664
14523,128,72,18.666666,71.0
14524,128,73,18.666666,71.083336
14525,128,74,18.666666,71.166664
14526,128,75,18.666666,71.25
14527,128,76,18.666666,71.333336
14528,128,77,18.666666,71.416664
14529,128,78,18.666666,71.5
14530,128,79,18.666666,71.583336
14531,128,80,18.666666,71.666664
14532,128,81,18.666666,71.75
14533,128,82,18.666666,71.833336
14534,128,83,18.666666,71.916664
14535,128,84,18.666666,72.0
14536,128,85,18.666666,72.083336
14537,128,86,18.666666,72.166664
14538,128,87,18.666666,72.25
14539,128,88,18.666666,72.333336
14540,128,89,18.666666,72.416664
14541,128,90,18.666666,72.5
14542,128,91,18.666666,72.583336
14543,128,92,18.666666,72.666664
14544,128,93,18.666666,72.75
14545,128,94,18.666666,72.833336
14546,129,0,18.75,65.0
14547,129,1,18.75,65.083336
14548,129,2,18.75,65.166664
14549,129,3,18.75,65.25
14550,129,4,18.75,65.333336
14551,129,5,18.75,65.416664
14552,129,6,18.75,65.5
14553,129,7,18.75,65.583336
14554,129,8,18.75,65.666664
14555,129,9,18.75,65.75
14556,129,10,18.75,65.833336
14557,129,11,18.75,65.916664
14558,129,12,18.75,66.0
14559,129,13,18.75,66.083336
14560,129,14,18.75,66.166664
14561,129,15,18.75,66.25
14562,129,16,18.75,66.333336
14563,129,17,18.75,66.416664
14564,129,18,18.75,66.5
14565,129,19,18.75,66.583336
14566,129,20,18.75,66.666664
14567,129,21,18.75,66.75
14568,129,22,18.75,66.833336
14569,129,23,18.75,66.916664
14570,129,24,18.75,67.0
14571,129,25,18.75,67.083336
14572,129,26,18.75,67.166664
14573,129,27,18.75,67.25
14574,129,28,18.75,67.333336
14575,129,29,18.75,67.416664
14576,129,30,18.75,67.5
14577,129,31,18.75,67.583336
14578,129,32,18.75,67.666664
14579,129,33,18.75,67.75
14580,129,34,18.75,67.833336
14581,129,35,18.75,67.916664
14582,129,36,18.75,68.0
14583,129,37,18.75,68.083336
14584,129,38,18.75,68.166664
14585,129,39,18.75,68.25
14586,129,40,18.75,68.333336
14587,129,41,18.75,68.416664
14588,129,42,18.75,68.5
14589,129,43,18.75,68.583336
14590,129,44,18.75,68.666664
14591,129,45,18.75,68.75
14592,129,46,18.75,68.833336
14593,129,47,18.75,68.916664
14594,129,48,18.75,69.0
14595,129,49,18.75,69.083336
14596,129,50,18.75,69.166664
14597,129,51,18.75,69.25
14598,129,52,18.75,69.333336
14599,129,53,18.75,69.416664
14600,129,54,18.75,69.5
14601,129,55,18.75,69.583336
14602,129,56,18.75,69.666664
14603,129,57,18.75,69.75
14604,129,58,18.75,69.833336
14605,129,59,18.75,69.916664
14606,129,60,18.75,70.0
14607,129,61,18.75,70.083336
14608,129,62,18.75,70.166664
14609,129,63,18.75,70.25
14610,129,64,18.75,70.333336
14611,129,65,18.75,70.416664
14612,129,66,18.75,70.5
14613,129,67,18.75,70.583336
14614,129,68,18.75,70.666664
14615,129,69,18.75,70.75
14616,129,70,18.75,70.833336
14617,129,71,18.75,70.916664
14618,129,72,18.75,71.0
14619,129,73,18.75,71.083336
14620,129,74,18.75,71.166664
14621,129,75,18.75,71.25
14622,129,76,18.75,71.333336
14623,129,77,18.75,71.416664
14624,129,78,18.75,71.5
14625,129,79,18.75,71.583336
14626,129,80,18.75,71.666664
14627,129,81,18.75,71.75
14628,129,82,18.75,71.833336
14629,129,83,18.75,71.916664
14630,129,84,18.75,72.0
14631,129,85,18.75,72.083336
14632,129,86,18.75,72.166664
14633,129,87,18.75,72.25
14634,129,88,18.75,72.333336
14635,129,89,18.75,72.416664
14636,129,90,18.75,72.5
14637,129,91,18.75,72.583336
14638,129,92,18.75,72.666664
14639,129,93,18.75,72.75
14640,130,0,18.833334,65.0
14641,130,1,18.833334,65.083336
14642,130,2,18.833334,65.166664
14643,130,3,18.833334,65.25
14644,130,4,18.833334,65.333336
14645,130,5,18.833334,65.416664
14646,130,6,18.833334,65.5
14647,130,7,18.833334,65.583336
14648,130,8,18.833334,65.666664
14649,130,9,18.833334,65.75
14650,130,10,18.833334,65.833336
14651,130,11,18.833334,65.916664
14652,130,12,18.833334,66.0
14653,130,13,18.833334,66.083336
14654,130,14,18.833334,66.166664
14655,130,15,18.833334,66.25
14656,130,16,18.833334,66.333336
14657,130,17,18.833334,66.416664
14658,130,18,18.833334,66.5
14659,130,19,18.833334,66.583336
14660,130,20,18.833334,66.666664
14661,130,21,18.833334,66.75
14662,130,22,18.833334,66.833336
14663,130,23,18.833334,66.916664
14664,130,24,18.833334,67.0
14665,130,25,18.833334,67.083336
14666,130,26,18.833334,67.166664
14667,130,27,18.833334,67.25
14668,130,28,18.833334,67.333336
14669,130,29,18.833334,67.416664
14670,130,30,18.833334,67.5
14671,130,31,18.833334,67.583336
14672,130,32,18.833334,67.666664
14673,130,33,18.833334,67.75
14674,130,34,18.833334,67.833336
14675,130,35,18.833334,67.916664
14676,130,36,18.833334,68.0
14677,130,37,18.833334,68.083336
14678,130,38,18.833334,68.166664
14679,130,39,18.833334,68.25
14680,130,40,18.833334,68.333336
14681,130,41,18.833334,68.416664
14682,130,42,18.833334,68.5
14683,130,43,18.833334,68.583336
14684,130,44,18.833334,68.666664
14685,130,45,18.833334,68.75
14686,130,46,18.833334,68.833336
14687,130,47,18.833334,68.916664
14688,130,48,18.833334,69.0
14689,130,49,18.833334,69.083336
14690,130,50,18.833334,69.166664
14691,130,51,18.833334,69.25
14692,130,52,18.833334,69.333336
14693,130,53,18.833334,69.416664
14694,130,54,18.833334,69.5
14695,130,55,18.833334,69.583336
14696,130,56,18.833334,69.666664
14697,130,57,18.833334,69.75
14698,130,58,18.833334,69.833336
14699,130,59,18.833334,69.916664
14700,130,60,18.833334,70.0
14701,130,61,18.833334,70.083336
14702,130,62,18.833334,70.166664
14703,130,63,18.833334,70.25
14704,130,64,18.833334,70.333336
14705,130,65,18.833334,70.416664
14706,130,66,18.833334,70.5
14707,130,67,18.833334,70.583336
14708,130,68,18.833334,70.666664
14709,130,69,18.833334,70.75
14710,130,70,18.833334,70.833336
14711,130,71,18.833334,70.916664
14712,130,72,18.833334,71.0
14713,130,73,18.833334,71.083336
14714,130,74,18.833334,71.166664
14715,130,75,18.833334,71.25
14716,130,76,18.833334,71.333336
14717,130,77,18.833334,71.416664
14718,130,78,18.833334,71.5
14719,130,79,18.833334,71.583336
14720,130,80,18.833334,71.666664
14721,130,81,18.833334,71.75
14722,130,82,18.833334,71.833336
14723,130,83,18.833334,71.916664
14724,130,84,18.833334,72.0
14725,130,85,18.833334,72.083336
14726,130,86,18.833334,72.166664
14727,130,87,18.833334,72.25
14728,130,88,18.833334,72.333336
14729,130,89,18.833334,72.416664
14730,130,90,18.833334,72.5
14731,130,91,18.833334,72.583336
14732,130,92,18.833334,72.666664
14733,130,93,18.833334,72.75
14734,130,94,18.833334,72.833336
14735,131,0,18.916666,65.0
14736,131,1,18.916666,65.083336
14737,131,2,18.916666,65.166664
14738,131,3,18.916666,65.25
14739,131,4,18.916666,65.333336
14740,131,5,18.916666,65.416664
14741,131,6,18.916666,65.5
14742,131,7,18.916666,65.583336
14743,131,8,18.916666,65.666664
14744,131,9,18.916666,65.75
14745,131,10,18.916666,65.833336
14746,131,11,18.916666,65.916664
14747,131,12,18.916666,66.0
14748,131,13,18.916666,66.083336
14749,131,14,18.916666,66.166664
14750,131,15,18.916666,66.25
14751,131,16,18.916666,66.333336
14752,131,17,18.916666,66.416664
14753,131,18,18.916666,66.5
14754,131,19,18.916666,66.583336
14755,131,20,18.916666,66.666664
14756,131,21,18.916666,66.75
14757,131,22,18.916666,66.833336
14758,131,23,18.916666,66.916664
14759,131,24,18.916666,67.0
14760,131,25,18.916666,67.083336
14761,131,26,18.916666,67.166664
14762,131,27,18.916666,67.25
14763,131,28,18.916666,67.333336
14764,131,29,18.916666,67.416664
14765,131,30,18.916666,67.5
14766,131,31,18.916666,67.583336
14767,131,32,18.916666,67.666664
14768,131,33,18.916666,67.75
14769,131,34,18.916666,67.833336
14770,131,35,18.916666,67.916664
14771,131,36,18.916666,68.0
14772,131,37,18.916666,68.083336
14773,131,38,18.916666,68.166664
14774,131,39,18.916666,68.25
14775,131,40,18.916666,68.333336
14776,131,41,18.916666,68.416664
14777,131,42,18.916666,68.5
14778,131,43,18.916666,68.583336
14779,131,44,18.916666,68.666664
14780,131,45,18.916666,68.75
14781,131,46,18.916666,68.833336
14782,131,47,18.916666,68.916664
14783,131,48,18.916666,69.0
14784,131,49,18.916666,69.083336
14785,131,50,18.916666,69.166664
14786,131,51,18.916666,69.25
14787,131,52,18.916666,69.333336
14788,131,53,18.916666,69.416664
14789,131,54,18.916666,69.5
14790,131,55,18.916666,69.583336
14791,131,56,18.916666,69.666664
14792,131,57,18.916666,69.75
14793,131,58,18.916666,69.833336
14794,131,59,18.916666,69.916664
14795,131,60,18.916666,70.0
14796,131,61,18.916666,70.083336
14797,131,62,18.916666,70.166664
14798,131,63,18.916666,70.25
14799,131,64,18.916666,70.333336
14800,131,65,18.916666,70.416664
14801,131,66,18.916666,70.5
14802,131,67,18.916666,70.583336
14803,131,68,18.916666,70.666664
14804,131,69,18.916666,70.75
14805,131,70,18.916666,70.833336
14806,131,71,18.916666,70.916664
14807,131,72,18.916666,71.0
14808,131,73,18.916666,71.083336
14809,131,74,18.916666,71.166664
14810,131,75,18.916666,71.25
14811,131,76,18.916666,71.333336
14812,131,77,18.916666,71.416664
14813,131,78,18.916666,71.5
14814,131,79,18.916666,71.583336
14815,131,80,18.916666,71.666664
14816,131,81,18.916666,71.75
14817,131,82,18.916666,71.833336
14818,131,83,18.916666,71.916664
14819,131,84,18.916666,72.0
14820,131,85,18.916666,72.083336
14821,131,86,18.916666,72.166664
14822,131,87,18.916666,72.25
14823,131,88,18.916666,72.333336
14824,131,89,18.916666,72.416664
14825,131,90,18.916666,72.5
14826,131,91,18.916666,72.583336
14827,131,92,18.916666,72.666664
14828,131,93,18.916666,72.75
14829,131,94,18.916666,72.833336
14830,132,0,19.0,65.0
14831,132,1,19.0,65.083336
14832,132,2,19.0,65.166664
14833,132,3,19.0,65.25
14834,132,4,19.0,65.333336
14835,132,5,19.0,65.416664
14836,132,6,19.0,65.5
14837,132,7,19.0,65.583336
14838,132,8,19.0,65.666664
14839,132,9,19.0,65.75
14840,132,10,19.0,65.833336
14841,132,11,19.0,65.916664
14842,132,12,19.0,66.0
14843,132,13,19.0,66.083336
14844,132,14,19.0,66.166664
14845,132,15,19.0,66.25
14846,132,16,19.0,66.333336
14847,132,17,19.0,66.416664
14848,132,18,19.0,66.5
14849,132,19,19.0,66.583336
14850,132,20,19.0,66.666664
14851,132,21,19.0,66.75
14852,132,22,19.0,66.833336
14853,132,23,19.0,66.916664
14854,132,24,19.0,67.0
14855,132,25,19.0,67.083336
14856,132,26,19.0,67.166664
14857,132,27,19.0,67.25
14858,132,28,19.0,67.333336
14859,132,29,19.0,67.416664
14860,132,30,19.0,67.5
14861,132,31,19.0,67.583336
14862,132,32,19.0,67.666664
14863,132,33,19.0,67.75
14864,132,34,19.0,67.833336
14865,132,35,19.0,67.916664
14866,132,36,19.0,68.0
14867,132,37,19.0,68.083336
14868,132,38,19.0,68.166664
14869,132,39,19.0,68.25
14870,132,40,19.0,68.333336
14871,132,41,19.0,68.416664
14872,132,42,19.0,68.5
14873,132,43,19.0,68.583336
14874,132,44,19.0,68.666664
14875,132,45,19.0,68.75
14876,132,46,19.0,68.833336
14877,132,47,19.0,68.916664
14878,132,48,19.0,69.0
14879,132,49,19.0,69.083336
14880,132,50,19.0,69.166664
14881,132,51,19.0,69.25
14882,132,52,19.0,69.333336
14883,132,53,19.0,69.416664
14884,132,54,19.0,69.5
14885,132,55,19.0,69.583336
14886,132,56,19.0,69.666664
14887,132,57,19.0,69.75
14888,132,58,19.0,69.833336
14889,132,59,19.0,69.916664
14890,132,60,19.0,70.0
14891,132,61,19.0,70.083336
14892,132,62,19.0,70.166664
14893,132,63,19.0,70.25
14894,132,64,19.0,70.333336
14895,132,65,19.0,70.416664
14896,132,66,19.0,70.5
14897,132,67,19.0,70.583336
14898,132,68,19.0,70.666664
14899,132,69,19.0,70.75
14900,132,70,19.0,70.833336
14901,132,71,19.0,70.916664
14902,132,72,19.0,71.0
14903,132,73,19.0,71.083336
14904,132,74,19.0,71.166664
14905,132,75,19.0,71.25
14906,132,76,19.0,71.333336
14907,132,77,19.0,71.416664
14908,132,78,19.0,71.5
14909,132,79,19.0,71.583336
14910,132,80,19.0,71.666664
14911,132,81,19.0,71.75
14912,132,82,19.0,71.833336
14913,132,83,19.0,71.916664
14914,132,84,19.0,72.0
14915,132,85,19.0,72.083336
14916,132,86,19.0,72.166664
14917,132,87,19.0,72.25
14918,132,88,19.0,72.333336
14919,132,89,19.0,72.416664
14920,132,90,19.0,72.5
14921,132,91,19.0,72.583336
14922,132,92,19.0,72.666664
14923,132,93,19.0,72.75
14924,132,94,19.0,72.833336
14925,133,0,19.083334,65.0
14926,133,1,19.083334,65.083336
14927,133,2,19.083334,65.166664
14928,133,3,19.083334,65.25
14929,133,4,19.083334,65.333336
14930,133,5,19.083334,65.416664
14931,133,6,19.083334,65.5
14932,133,7,19.083334,65.583336
14933,133,8,19.083334,65.666664
14934,133,9,19.083334,65.75
14935,133,10,19.083334,65.833336
14936,133,11,19.083334,65.916664
14937,133,12,19.083334,66.0
14938,133,13,19.083334,66.083336
14939,133,14,19.083334,66.166664
14940,133,15,19.083334,66.25
14941,133,16,19.083334,66.333336
14942,133,17,19.083334,66.416664
14943,133,18,19.083334,66.5
14944,133,19,19.083334,66.583336
14945,133,20,19.083334,66.666664
14946,133,21,19.083334,66.75
14947,133,22,19.083334,66.833336
14948,133,23,19.083334,66.916664
14949,133,24,19.083334,67.0
14950,133,25,19.083334,67.083336
14951,133,26,19.083334,67.166664
14952,133,27,19.083334,67.25
14953,133,28,19.083334,67.333336
14954,133,29,19.083334,67.416664
14955,133,30,19.083334,67.5
14956,133,31,19.083334,67.583336
14957,133,32,19.083334,67.666664
14958,133,33,19.083334,67.75
14959,133,34,19.083334,67.833336
14960,133,35,19.083334,67.916664
14961,133,36,19.083334,68.0
14962,133,37,19.083334,68.083336
14963,133,38,19.083334,68.166664
14964,133,39,19.083334,68.25
14965,133,40,19.083334,68.333336
14966,133,41,19.083334,68.416664
14967,133,42,19.083334,68.5
14968,133,43,19.083334,68.583336
14969,133,44,19.083334,68.666664
14970,133,45,19.083334,68.75
14971,133,46,19.083334,68.833336
14972,133,47,19.083334,68.916664
14973,133,48,19.083334,69.0
14974,133,49,19.083334,69.083336
14975,133,50,19.083334,69.166664
14976,133,51,19.083334,69.25
14977,133,52,19.083334,69.333336
14978,133,53,19.083334,69.416664
14979,133,54,19.083334,69.5
14980,133,55,19.083334,69.583336
14981,133,56,19.083334,69.666664
14982,133,57,19.083334,69.75
14983,133,58,19.083334,69.833336
14984,133,59,19.083334,69.916664
14985,133,60,19.083334,70.0
14986,133,61,19.083334,70.083336
14987,133,62,19.083334,70.166664
14988,133,63,19.083334,70.25
14989,133,64,19.083334,70.333336
14990,133,65,19.083334,70.416664
14991,133,66,19.083334,70.5
14992,133,67,19.083334,70.583336
14993,133,68,19.083334,70.666664
14994,133,69,19.083334,70.75
14995,133,70,19.083334,70.833336
14996,133,71,19.083334,70.916664
14997,133,72,19.083334,71.0
14998,133,73,19.083334,71.083336
14999,133,74,19.083334,71.166664
15000,133,75,19.083334,71.25
15001,133,76,19.083334,71.333336
15002,133,77,19.083334,71.416664
15003,133,78,19.083334,71.5
15004,133,79,19.083334,71.583336
15005,133,80,19.083334,71.666664
15006,133,81,19.083334,71.75
15007,133,82,19.083334,71.833336
15008,133,83,19.083334,71.916664
15009,133,84,19.083334,72.0
15010,133,85,19.083334,72.083336
15011,133,86,19.083334,72.166664
15012,133,87,19.083334,72.25
15013,133,88,19.083334,72.333336
15014,133,89,19.083334,72.416664
15015,133,90,19.083334,72.5
15016,133,91,19.083334,72.583336
15017,133,92,19.083334,72.666664
15018,133,93,19.083334,72.75
15019,133,94,19.083334,72.833336
15020,134,0,19.166666,65.0
15021,134,1,19.166666,65.083336
15022,134,2,19.166666,65.166664
15023,134,3,19.166666,65.25
15024,134,4,19.166666,65.333336
15025,134,5,19.166666,65.416664
15026,134,6,19.166666,65.5
15027,134,7,19.166666,65.583336
15028,134,8,19.166666,65.666664
15029,134,9,19.166666,65.75
15030,134,10,19.166666,65.833336
15031,134,11,19.166666,65.916664
15032,134,12,19.166666,66.0
15033,134,13,19.166666,66.083336
15034,134,14,19.166666,66.166664
15035,134,15,19.166666,66.25
15036,134,16,19.166666,66.333336
15037,134,17,19.166666,66.416664
15038,134,18,19.166666,66.5
15039,134,19,19.166666,66.583336
15040,134,20,19.166666,66.666664
15041,134,21,19.166666,66.75
15042,134,22,19.166666,66.833336
15043,134,23,19.166666,66.916664
15044,134,24,19.166666,67.0
15045,134,25,19.166666,67.083336
15046,134,26,19.166666,67.166664
15047,134,27,19.166666,67.25
15048,134,28,19.166666,67.333336
15049,134,29,19.166666,67.416664
15050,134,30,19.166666,67.5
15051,134,31,19.166666,67.583336
15052,134,32,19.166666,67.666664
15053,134,33,19.166666,67.75
15054,134,34,19.166666,67.833336
15055,134,35,19.166666,67.916664
15056,134,36,19.166666,68.0
15057,134,37,19.166666,68.083336
15058,134,38,19.166666,68.166664
15059,134,39,19.166666,68.25
15060,134,40,19.166666,68.333336
15061,134,41,19.166666,68.416664
15062,134,42,19.166666,68.5
15063,134,43,19.166666,68.583336
15064,134,44,19.166666,68.666664
15065,134,45,19.166666,68.75
15066,134,46,19.166666,68.833336
15067,134,47,19.166666,68.916664
15068,134,48,19.166666,69.0
15069,134,49,19.166666,69.083336
15070,134,50,19.166666,69.166664
15071,134,51,19.166666,69.25
15072,134,52,19.166666,69.333336
15073,134,53,19.166666,69.416664
15074,134,54,19.166666,69.5
15075,134,55,19.166666,69.583336
15076,134,56,19.166666,69.666664
15077,134,57,19.166666,69.75
15078,134,58,19.166666,69.833336
15079,134,59,19.166666,69.916664
15080,134,60,19.166666,70.0
15081,134,61,19.166666,70.083336
15082,134,62,19.166666,70.166664
15083,134,63,19.166666,70.25
15084,134,64,19.166666,70.333336
15085,134,65,19.166666,70.416664
15086,134,66,19.166666,70.5
15087,134,67,19.166666,70.583336
15088,134,68,19.166666,70.666664
15089,134,69,19.166666,70.75
15090,134,70,19.166666,70.833336
15091,134,71,19.166666,70.916664
15092,134,72,19.166666,71.0
15093,134,73,19.166666,71.083336
15094,134,74,19.166666,71.166664
15095,134,75,19.166666,71.25
15096,134,76,19.166666,71.333336
15097,134,77,19.166666,71.416664
15098,134,78,19.166666,71.5
15099,134,79,19.166666,71.583336
15100,134,80,19.166666,71.666664
15101,134,81,19.166666,71.75
15102,134,82,19.166666,71.833336
15103,134,83,19.166666,71.916664
15104,134,84,19.166666,72.0
15105,134,85,19.166666,72.083336
15106,134,86,19.166666,72.166664
15107,134,87,19.166666,72.25
15108,134,88,19.166666,72.333336
15109,134,89,19.166666,72.416664
15110,134,90,19.166666,72.5
15111,134,91,19.166666,72.583336
15112,134,92,19.166666,72.666664
15113,134,93,19.166666,72.75
15114,134,94,19.166666,72.833336
15115,135,0,19.25,65.0
15116,135,1,19.25,65.083336
15117,135,2,19.25,65.166664
15118,135,3,19.25,65.25
15119,135,4,19.25,65.333336
15120,135,5,19.25,65.416664
15121,135,6,19.25,65.5
15122,135,7,19.25,65.583336
15123,135,8,19.25,65.666664
15124,135,9,19.25,65.75
15125,135,10,19.25,65.833336
15126,135,11,19.25,65.916664
15127,135,12,19.25,66.0
15128,135,13,19.25,66.083336
15129,135,14,19.25,66.166664
15130,135,15,19.25,66.25
15131,135,16,19.25,66.333336
15132,135,17,19.25,66.416664
15133,135,18,19.25,66.5
15134,135,19,19.25,66.583336
15135,135,20,19.25,66.666664
15136,135,21,19.25,66.75
15137,135,22,19.25,66.833336
15138,135,23,19.25,66.916664
15139,135,24,19.25,67.0
15140,135,25,19.25,67.083336
15141,135,26,19.25,67.166664
15142,135,27,19.25,67.25
15143,135,28,19.25,67.333336
15144,135,29,19.25,67.416664
15145,135,30,19.25,67.5
15146,135,31,19.25,67.583336
15147,135,32,19.25,67.666664
15148,135,33,19.25,67.75
15149,135,34,19.25,67.833336
15150,135,35,19.25,67.916664
15151,135,36,19.25,68.0
15152,135,37,19.25,68.083336
15153,135,38,19.25,68.166664
15154,135,39,19.25,68.25
15155,135,40,19.25,68.333336
15156,135,41,19.25,68.416664
15157,135,42,19.25,68.5
15158,135,43,19.25,68.583336
15159,135,44,19.25,68.666664
15160,135,45,19.25,68.75
15161,135,46,19.25,68.833336
15162,135,47,19.25,68.916664
15163,135,48,19.25,69.0
15164,135,49,19.25,69.083336
15165,135,50,19.25,69.166664
15166,135,51,19.25,69.25
15167,135,52,19.25,69.333336
15168,135,53,19.25,69.416664
15169,135,54,19.25,69.5
15170,135,55,19.25,69.583336
15171,135,56,19.25,69.666664
15172,135,57,19.25,69.75
15173,135,58,19.25,69.833336
15174,135,59,19.25,69.916664
15175,135,60,19.25,70.0
15176,135,61,19.25,70.083336
15177,135,62,19.25,70.166664
15178,135,63,19.25,70.25
15179,135,64,19.25,70.333336
15180,135,65,19.25,70.416664
15181,135,66,19.25,70.5
15182,135,67,19.25,70.583336
15183,135,68,19.25,70.666664
15184,135,69,19.25,70.75
15185,135,70,19.25,70.833336
15186,135,71,19.25,70.916664
15187,135,72,19.25,71.0
15188,135,73,19.25,71.083336
15189,135,74,19.25,71.166664
15190,135,75,19.25,71.25
15191,135,76,19.25,71.333336
15192,135,77,19.25,71.416664
15193,135,78,19.25,71.5
15194,135,79,19.25,71.583336
15195,135,80,19.25,71.666664
15196,135,81,19.25,71.75
15197,135,82,19.25,71.833336
15198,135,83,19.25,71.916664
15199,135,84,19.25,72.0
15200,135,85,19.25,72.083336
15201,135,86,19.25,72.166664
15202,135,87,19.25,72.25
15203,135,88,19.25,72.333336
15204,135,89,19.25,72.416664
15205,135,90,19.25,72.5
15206,135,91,19.25,72.583336
15207,135,92,19.25,72.666664
15208,135,93,19.25,72.75
15209,136,0,19.333334,65.0
15210,136,1,19.333334,65.083336
15211,136,2,19.333334,65.166664
15212,136,3,19.333334,65.25
15213,136,4,19.333334,65.333336
15214,136,5,19.333334,65.416664
15215,136,6,19.333334,65.5
15216,136,7,19.333334,65.583336
15217,136,8,19.333334,65.666664
15218,136,9,19.333334,65.75
15219,136,10,19.333334,65.833336
15220,136,11,19.333334,65.916664
15221,136,12,19.333334,66.0
15222,136,13,19.333334,66.083336
15223,136,14,19.333334,66.166664
15224,136,15,19.333334,66.25
15225,136,16,19.333334,66.333336
15226,136,17,19.333334,66.416664
15227,136,18,19.333334,66.5
15228,136,19,19.333334,66.583336
15229,136,20,19.333334,66.666664
15230,136,21,19.333334,66.75
15231,136,22,19.333334,66.833336
15232,136,23,19.333334,66.916664
15233,136,24,19.333334,67.0
15234,136,25,19.333334,67.083336
15235,136,26,19.333334,67.166664
15236,136,27,19.333334,67.25
15237,136,28,19.333334,67.333336
15238,136,29,19.333334,67.416664
15239,136,30,19.333334,67.5
15240,136,31,19.333334,67.583336
15241,136,32,19.333334,67.666664
15242,136,33,19.333334,67.75
15243,136,34,19.333334,67.833336
15244,136,35,19.333334,67.916664
15245,136,36,19.333334,68.0
15246,136,37,19.333334,68.083336
15247,136,38,19.333334,68.166664
15248,136,39,19.333334,68.25
15249,136,40,19.333334,68.333336
15250,136,41,19.333334,68.416664
15251,136,42,19.333334,68.5
15252,136,43,19.333334,68.583336
15253,136,44,19.333334,68.666664
15254,136,45,19.333334,68.75
15255,136,46,19.333334,68.833336
15256,136,47,19.333334,68.916664
15257,136,48,19.333334,69.0
15258,136,49,19.333334,69.083336
15259,136,50,19.333334,69.166664
15260,136,51,19.333334,69.25
15261,136,52,19.333334,69.333336
15262,136,53,19.333334,69.416664
15263,136,54,19.333334,69.5
15264,136,55,19.333334,69.583336
15265,136,56,19.333334,69.666664
15266,136,57,19.333334,69.75
15267,136,58,19.333334,69.833336
15268,136,59,19.333334,69.916664
15269,136,60,19.333334,70.0
15270,136,61,19.333334,70.083336
15271,136,62,19.333334,70.166664
15272,136,63,19.333334,70.25
15273,136,64,19.333334,70.333336
15274,136,65,19.333334,70.416664
15275,136,66,19.333334,70.5
15276,136,67,19.333334,70.583336
15277,136,68,19.333334,70.666664
15278,136,69,19.333334,70.75
15279,136,70,19.333334,70.833336
15280,136,71,19.333334,70.916664
15281,136,72,19.333334,71.0
15282,136,73,19.333334,71.083336
15283,136,74,19.333334,71.166664
15284,136,75,19.333334,71.25
15285,136,76,19.333334,71.333336
15286,136,77,19.333334,71.416664
15287,136,78,19.333334,71.5
15288,136,79,19.333334,71.583336
15289,136,80,19.333334,71.666664
15290,136,81,19.333334,71.75
15291,136,82,19.333334,71.833336
15292,136,83,19.333334,71.916664
15293,136,84,19.333334,72.0
15294,136,85,19.333334,72.083336
15295,136,86,19.333334,72.166664
15296,136,87,19.333334,72.25
15297,136,88,19.333334,72.333336
15298,136,89,19.333334,72.416664
15299,136,90,19.333334,72.5
15300,136,91,19.333334,72.583336
15301,136,92,19.333334,72.666664
15302,136,93,19.333334,72.75
15303,137,0,19.416666,65.0
15304,137,1,19.416666,65.083336
15305,137,2,19.416666,65.166664
15306,137,3,19.416666,65.25
15307,137,4,19.416666,65.333336
15308,137,5,19.416666,65.416664
15309,137,6,19.416666,65.5
15310,137,7,19.416666,65.583336
15311,137,8,19.416666,65.666664
15312,137,9,19.416666,65.75
15313,137,10,19.416666,65.833336
15314,137,11,19.416666,65.916664
15315,137,12,19.416666,66.0
15316,137,13,19.416666,66.083336
15317,137,14,19.416666,66.166664
15318,137,15,19.416666,66.25
15319,137,16,19.416666,66.333336
15320,137,17,19.416666,66.416664
15321,137,18,19.416666,66.5
15322,137,19,19.416666,66.583336
15323,137,20,19.416666,66.666664
15324,137,21,19.416666,66.75
15325,137,22,19.416666,66.833336
15326,137,23,19.416666,66.916664
15327,137,24,19.416666,67.0
15328,137,25,19.416666,67.083336
15329,137,26,19.416666,67.166664
15330,137,27,19.416666,67.25
15331,137,28,19.416666,67.333336
15332,137,29,19.416666,67.416664
15333,137,30,19.416666,67.5
15334,137,31,19.416666,67.583336
15335,137,32,19.416666,67.666664
15336,137,33,19.416666,67.75
15337,137,34,19.416666,67.833336
15338,137,35,19.416666,67.916664
15339,137,36,19.416666,68.0
15340,137,37,19.416666,68.083336
15341,137,38,19.416666,68.166664
15342,137,39,19.416666,68.25
15343,137,40,19.416666,68.333336
15344,137,41,19.416666,68.416664
15345,137,42,19.416666,68.5
15346,137,43,19.416666,68.583336
15347,137,44,19.416666,68.666664
15348,137,45,19.416666,68.75
15349,137,46,19.416666,68.833336
15350,137,47,19.416666,68.916664
15351,137,48,19.416666,69.0
15352,137,49,19.416666,69.083336
15353,137,50,19.416666,69.166664
15354,137,51,19.416666,69.25
15355,137,52,19.416666,69.333336
15356,137,53,19.416666,69.416664
15357,137,54,19.416666,69.5
15358,137,55,19.416666,69.583336
15359,137,56,19.416666,69.666664
15360,137,57,19.416666,69.75
15361,137,58,19.416666,69.833336
15362,137,59,19.416666,69.916664
15363,137,60,19.416666,70.0
15364,137,61,19.416666,70.083336
15365,137,62,19.416666,70.166664
15366,137,63,19.416666,70.25
15367,137,64,19.416666,70.333336
15368,137,65,19.416666,70.416664
15369,137,66,19.416666,70.5
15370,137,67,19.416666,70.583336
15371,137,68,19.416666,70.666664
15372,137,69,19.416666,70.75
15373,137,70,19.416666,70.833336
15374,137,71,19.416666,70.916664
15375,137,72,19.416666,71.0
15376,137,73,19.416666,71.083336
15377,137,74,19.416666,71.166664
15378,137,75,19.416666,71.25
15379,137,76,19.416666,71.333336
15380,137,77,19.416666,71.416664
15381,137,78,19.416666,71.5
15382,137,79,19.416666,71.583336
15383,137,80,19.416666,71.666664
15384,137,81,19.416666,71.75
15385,137,82,19.416666,71.833336
15386,137,83,19.416666,71.916664
15387,137,84,19.416666,72.0
15388,137,85,19.416666,72.083336
15389,137,86,19.416666,72.166664
15390,137,87,19.416666,72.25
15391,137,88,19.416666,72.333336
15392,137,89,19.416666,72.416664
15393,137,90,19.416666,72.5
15394,137,91,19.416666,72.583336
15395,137,92,19.416666,72.666664
15396,137,93,19.416666,72.75
15397,138,0,19.5,65.0
15398,138,1,19.5,65.083336
15399,138,2,19.5,65.166664
15400,138,3,19.5,65.25
15401,138,4,19.5,65.333336
15402,138,5,19.5,65.416664
15403,138,6,19.5,65.5
15404,138,7,19.5,65.583336
15405,138,8,19.5,65.666664
15406,138,9,19.5,65.75
15407,138,10,19.5,65.833336
15408,138,11,19.5,65.916664
15409,138,12,19.5,66.0
15410,138,13,19.5,66.083336
15411,138,14,19.5,66.166664
15412,138,15,19.5,66.25
15413,138,16,19.5,66.333336
15414,138,17,19.5,66.416664
15415,138,18,19.5,66.5
15416,138,19,19.5,66.583336
15417,138,20,19.5,66.666664
15418,138,21,19.5,66.75
15419,138,22,19.5,66.833336
15420,138,23,19.5,66.916664
15421,138,24,19.5,67.0
15422,138,25,19.5,67.083336
15423,138,26,19.5,67.166664
15424,138,27,19.5,67.25
15425,138,28,19.5,67.333336
15426,138,29,19.5,67.416664
15427,138,30,19.5,67.5
15428,138,31,19.5,67.583336
15429,138,32,19.5,67.666664
15430,138,33,19.5,67.75
15431,138,34,19.5,67.833336
15432,138,35,19.5,67.916664
15433,138,36,19.5,68.0
15434,138,37,19.5,68.083336
15435,138,38,19.5,68.166664
15436,138,39,19.5,68.25
15437,138,40,19.5,68.333336
15438,138,41,19.5,68.416664
15439,138,42,19.5,68.5
15440,138,43,19.5,68.583336
15441,138,44,19.5,68.666664
15442,138,45,19.5,68.75
15443,138,46,19.5,68.833336
15444,138,47,19.5,68.916664
15445,138,48,19.5,69.0
15446,138,49,19.5,69.083336
15447,138,50,19.5,69.166664
15448,138,51,19.5,69.25
15449,138,52,19.5,69.333336
15450,138,53,19.5,69.416664
15451,138,54,19.5,69.5
15452,138,55,19.5,69.583336
15453,138,56,19.5,69.666664
15454,138,57,19.5,69.75
15455,138,58,19.5,69.833336
15456,138,59,19.5,69.916664
15457,138,60,19.5,70.0
15458,138,61,19.5,70.083336
15459,138,62,19.5,70.166664
15460,138,63,19.5,70.25
15461,138,64,19.5,70.333336
15462,138,65,19.5,70.416664
15463,138,66,19.5,70.5
15464,138,67,19.5,70.583336
15465,138,68,19.5,70.666664
15466,138,69,19.5,70.75
15467,138,70,19.5,70.833336
15468,138,71,19.5,70.916664
15469,138,72,19.5,71.0
15470,138,73,19.5,71.083336
15471,138,74,19.5,71.166664
15472,138,75,19.5,71.25
15473,138,76,19.5,71.333336
15474,138,77,19.5,71.416664
15475,138,78,19.5,71.5
15476,138,79,19.5,71.583336
15477,138,80,19.5,71.666664
15478,138,81,19.5,71.75
15479,138,82,19.5,71.833336
15480,138,83,19.5,71.916664
15481,138,84,19.5,72.0
15482,138,85,19.5,72.083336
15483,138,86,19.5,72.166664
15484,138,87,19.5,72.25
15485,138,88,19.5,72.333336
15486,138,89,19.5,72.416664
15487,138,90,19.5,72.5
15488,138,91,19.5,72.583336
15489,138,92,19.5,72.666664
15490,138,93,19.5,72.75
15491,139,0,19.583334,65.0
15492,139,1,19.583334,65.083336
15493,139,2,19.583334,65.166664
15494,139,3,19.583334,65.25
15495,139,4,19.583334,65.333336
15496,139,5,19.583334,65.416664
15497,139,6,19.583334,65.5
15498,139,7,19.583334,65.583336
15499,139,8,19.583334,65.666664
15500,139,9,19.583334,65.75
15501,139,10,19.583334,65.833336
15502,139,11,19.583334,65.916664
15503,139,12,19.583334,66.0
15504,139,13,19.583334,66.083336
15505,139,14,19.583334,66.166664
15506,139,15,19.583334,66.25
15507,139,16,19.583334,66.333336
15508,139,17,19.583334,66.416664
15509,139,18,19.583334,66.5
15510,139,19,19.583334,66.583336
15511,139,20,19.583334,66.666664
15512,139,21,19.583334,66.75
15513,139,22,19.583334,66.833336
15514,139,23,19.583334,66.916664
15515,139,24,19.583334,67.0
15516,139,25,19.583334,67.083336
15517,139,26,19.583334,67.166664
15518,139,27,19.583334,67.25
15519,139,28,19.583334,67.333336
15520,139,29,19.583334,67.416664
15521,139,30,19.583334,67.5
15522,139,31,19.583334,67.583336
15523,139,32,19.583334,67.666664
15524,139,33,19.583334,67.75
15525,139,34,19.583334,67.833336
15526,139,35,19.583334,67.916664
15527,139,36,19.583334,68.0
15528,139,37,19.583334,68.083336
15529,139,38,19.583334,68.166664
15530,139,39,19.583334,68.25
15531,139,40,19.583334,68.333336
15532,139,41,19.583334,68.416664
15533,139,42,19.583334,68.5
15534,139,43,19.583334,68.583336
15535,139,44,19.583334,68.666664
15536,139,45,19.583334,68.75
15537,139,46,19.583334,68.833336
15538,139,47,19.583334,68.916664
15539,139,48,19.583334,69.0
15540,139,49,19.583334,69.083336
15541,139,50,19.583334,69.166664
15542,139,51,19.583334,69.25
15543,139,52,19.583334,69.333336
15544,139,53,19.583334,69.416664
15545,139,54,19.583334,69.5
15546,139,55,19.583334,69.583336
15547,139,56,19.583334,69.666664
15548,139,57,19.583334,69.75
15549,139,58,19.583334,69.833336
15550,139,59,19.583334,69.916664
15551,139,60,19.583334,70.0
15552,139,61,19.583334,70.083336
15553,139,62,19.583334,70.166664
15554,139,63,19.583334,70.25
15555,139,64,19.583334,70.333336
15556,139,65,19.583334,70.416664
15557,139,66,19.583334,70.5
15558,139,67,19.583334,70.583336
15559,139,68,19.583334,70.666664
15560,139,69,19.583334,70.75
15561,139,70,19.583334,70.833336
15562,139,71,19.583334,70.916664
15563,139,72,19.583334,71.0
15564,139,73,19.583334,71.083336
15565,139,74,19.583334,71.166664
15566,139,75,19.583334,71.25
15567,139,76,19.583334,71.333336
15568,139,77,19.583334,71.416664
15569,139,78,19.583334,71.5
15570,139,79,19.583334,71.583336
15571,139,80,19.583334,71.666664
15572,139,81,19.583334,71.75
15573,139,82,19.583334,71.833336
15574,139,83,19.583334,71.916664
15575,139,84,19.583334,72.0
15576,139,85,19.583334,72.083336
15577,139,86,19.583334,72.166664
15578,139,87,19.583334,72.25
15579,139,88,19.583334,72.333336
15580,139,89,19.583334,72.416664
15581,139,90,19.583334,72.5
15582,139,91,19.583334,72.583336
15583,139,92,19.583334,72.666664
15584,140,0,19.666666,65.0
15585,140,1,19.666666,65.083336
15586,140,2,19.666666,65.166664
15587,140,3,19.666666,65.25
15588,140,4,19.666666,65.333336
15589,140,5,19.666666,65.416664
15590,140,6,19.666666,65.5
15591,140,7,19.666666,65.583336
15592,140,8,19.666666,65.666664
15593,140,9,19.666666,65.75
15594,140,10,19.666666,65.833336
15595,140,11,19.666666,65.916664
15596,140,12,19.666666,66.0
15597,140,13,19.666666,66.083336
15598,140,14,19.666666,66.166664
15599,140,15,19.666666,66.25
15600,140,16,19.666666,66.333336
15601,140,17,19.666666,66.416664
15602,140,18,19.666666,66.5
15603,140,19,19.666666,66.583336
15604,140,20,19.666666,66.666664
15605,140,21,19.666666,66.75
15606,140,22,19.666666,66.833336
15607,140,23,19.666666,66.916664
15608,140,24,19.666666,67.0
15609,140,25,19.666666,67.083336
15610,140,26,19.666666,67.166664
15611,140,27,19.666666,67.25
15612,140,28,19.666666,67.333336
15613,140,29,19.666666,67.416664
15614,140,30,19.666666,67.5
15615,140,31,19.666666,67.583336
15616,140,32,19.666666,67.666664
15617,140,33,19.666666,67.75
15618,140,34,19.666666,67.833336
15619,140,35,19.666666,67.916664
15620,140,36,19.666666,68.0
15621,140,37,19.666666,68.083336
15622,140,38,19.666666,68.166664
15623,140,39,19.666666,68.25
15624,140,40,19.666666,68.333336
15625,140,41,19.666666,68.416664
15626,140,42,19.666666,68.5
15627,140,43,19.666666,68.583336
15628,140,44,19.666666,68.666664
15629,140,45,19.666666,68.75
15630,140,46,19.666666,68.833336
15631,140,47,19.666666,68.916664
15632,140,48,19.666666,69.0
15633,140,49,19.666666,69.083336
15634,140,50,19.666666,69.166664
15635,140,51,19.666666,69.25
15636,140,52,19.666666,69.333336
15637,140,53,19.666666,69.416664
15638,140,54,19.666666,69.5
15639,140,55,19.666666,69.583336
15640,140,56,19.666666,69.666664
15641,140,57,19.666666,69.75
15642,140,58,19.666666,69.833336
15643,140,59,19.666666,69.916664
15644,140,60,19.666666,70.0
15645,140,61,19.666666,70.083336
15646,140,62,19.666666,70.166664
15647,140,63,19.666666,70.25
15648,140,64,19.666666,70.333336
15649,140,65,19.666666,70.416664
15650,140,66,19.666666,70.5
15651,140,67,19.666666,70.583336
15652,140,68,19.666666,70.666664
15653,140,69,19.666666,70.75
15654,140,70,19.666666,70.833336
15655,140,71,19.666666,70.916664
15656,140,72,19.666666,71.0
15657,140,73,19.666666,71.083336
15658,140,74,19.666666,71.166664
15659,140,75,19.666666,71.25
15660,140,76,19.666666,71.333336
15661,140,77,19.666666,71.416664
15662,140,78,19.666666,71.5
15663,140,79,19.666666,71.583336
15664,140,80,19.666666,71.666664
15665,140,81,19.666666,71.75
15666,140,82,19.666666,71.833336
15667,140,83,19.666666,71.916664
15668,140,84,19.666666,72.0
15669,140,85,19.666666,72.083336
15670,140,86,19.666666,72.166664
15671,140,87,19.666666,72.25
15672,140,88,19.666666,72.333336
15673,140,89,19.666666,72.416664
15674,140,90,19.666666,72.5
15675,140,91,19.666666,72.583336
15676,140,92,19.666666,72.666664
15677,141,0,19.75,65.0
15678,141,1,19.75,65.083336
15679,141,2,19.75,65.166664
15680,141,3,19.75,65.25
15681,141,4,19.75,65.333336
15682,141,5,19.75,65.416664
15683,141,6,19.75,65.5
15684,141,7,19.75,65.583336
15685,141,8,19.75,65.666664
15686,141,9,19.75,65.75
15687,141,10,19.75,65.833336
15688,141,11,19.75,65.916664
15689,141,12,19.75,66.0
15690,141,13,19.75,66.083336
15691,141,14,19.75,66.166664
15692,141,15,19.75,66.25
15693,141,16,19.75,66.333336
15694,141,17,19.75,66.416664
15695,141,18,19.75,66.5
15696,141,19,19.75,66.583336
15697,141,20,19.75,66.666664
15698,141,21,19.75,66.75
15699,141,22,19.75,66.833336
15700,141,23,19.75,66.916664
15701,141,24,19.75,67.0
15702,141,25,19.75,67.083336
15703,141,26,19.75,67.166664
15704,141,27,19.75,67.25
15705,141,28,19.75,67.333336
15706,141,29,19.75,67.416664
15707,141,30,19.75,67.5
15708,141,31,19.75,67.583336
15709,141,32,19.75,67.666664
15710,141,33,19.75,67.75
15711,141,34,19.75,67.833336
15712,141,35,19.75,67.916664
15713,141,36,19.75,68.0
15714,141,37,19.75,68.083336
15715,141,38,19.75,68.166664
15716,141,39,19.75,68.25
15717,141,40,19.75,68.333336
15718,141,41,19.75,68.416664
15719,141,42,19.75,68.5
15720,141,43,19.75,68.583336
15721,141,44,19.75,68.666664
15722,141,45,19.75,68.75
15723,141,46,19.75,68.833336
15724,141,47,19.75,68.916664
15725,141,48,19.75,69.0
15726,141,49,19.75,69.083336
15727,141,50,19.75,69.166664
15728,141,51,19.75,69.25
15729,141,52,19.75,69.333336
15730,141,53,19.75,69.416664
15731,141,54,19.75,69.5
15732,141,55,19.75,69.583336
15733,141,56,19.75,69.666664
15734,141,57,19.75,69.75
15735,141,58,19.75,69.833336
15736,141,59,19.75,69.916664
15737,141,60,19.75,70.0
15738,141,61,19.75,70.083336
15739,141,62,19.75,70.166664
15740,141,63,19.75,70.25
15741,141,64,19.75,70.333336
15742,141,65,19.75,70.416664
15743,141,66,19.75,70.5
15744,141,67,19.75,70.583336
15745,141,68,19.75,70.666664
15746,141,69,19.75,70.75
15747,141,70,19.75,70.833336
15748,141,71,19.75,70.916664
15749,141,72,19.75,71.0
15750,141,73,19.75,71.083336
15751,141,74,19.75,71.166664
15752,141,75,19.75,71.25
15753,141,76,19.75,71.333336
15754,141,77,19.75,71.416664
15755,141,78,19.75,71.5
15756,141,79,19.75,71.583336
15757,141,80,19.75,71.666664
15758,141,81,19.75,71.75
15759,141,82,19.75,71.833336
15760,141,83,19.75,71.916664
15761,141,84,19.75,72.0
15762,141,85,19.75,72.083336
15763,141,86,19.75,72.166664
15764,141,87,19.75,72.25
15765,141,88,19.75,72.333336
15766,141,89,19.75,72.416664
15767,141,90,19.75,72.5
15768,141,91,19.75,72.583336
15769,141,92,19.75,72.666664
15770,142,0,19.833334,65.0
15771,142,1,19.833334,65.083336
15772,142,2,19.833334,65.166664
15773,142,3,19.833334,65.25
15774,142,4,19.833334,65.333336
15775,142,5,19.833334,65.416664
15776,142,6,19.833334,65.5
15777,142,7,19.833334,65.583336
15778,142,8,19.833334,65.666664
15779,142,9,19.833334,65.75
15780,142,10,19.833334,65.833336
15781,142,11,19.833334,65.916664
15782,142,12,19.833334,66.0
15783,142,13,19.833334,66.083336
15784,142,14,19.833334,66.166664
15785,142,15,19.833334,66.25
15786,142,16,19.833334,66.333336
15787,142,17,19.833334,66.416664
15788,142,18,19.833334,66.5
15789,142,19,19.833334,66.583336
15790,142,20,19.833334,66.666664
15791,142,21,19.833334,66.75
15792,142,22,19.833334,66.833336
15793,142,23,19.833334,66.916664
15794,142,24,19.833334,67.0
15795,142,25,19.833334,67.083336
15796,142,26,19.833334,67.166664
15797,142,27,19.833334,67.25
15798,142,28,19.833334,67.333336
15799,142,29,19.833334,67.416664
15800,142,30,19.833334,67.5
15801,142,31,19.833334,67.583336
15802,142,32,19.833334,67.666664
15803,142,33,19.833334,67.75
15804,142,34,19.833334,67.833336
15805,142,35,19.833334,67.916664
15806,142,36,19.833334,68.0
15807,142,37,19.833334,68.083336
15808,142,38,19.833334,68.166664
15809,142,39,19.833334,68.25
15810,142,40,19.833334,68.333336
15811,142,41,19.833334,68.416664
15812,142,42,19.833334,68.5
15813,142,43,19.833334,68.583336
15814,142,44,19.833334,68.666664
15815,142,45,19.833334,68.75
15816,142,46,19.833334,68.833336
15817,142,47,19.833334,68.916664
15818,142,48,19.833334,69.0
15819,142,49,19.833334,69.083336
15820,142,50,19.833334,69.166664
15821,142,51,19.833334,69.25
15822,142,52,19.833334,69.333336
15823,142,53,19.833334,69.416664
15824,142,54,19.833334,69.5
15825,142,55,19.833334,69.583336
15826,142,56,19.833334,69.666664
15827,142,57,19.833334,69.75
15828,142,58,19.833334,69.833336
15829,142,59,19.833334,69.916664
15830,142,60,19.833334,70.0
15831,142,61,19.833334,70.083336
15832,142,62,19.833334,70.166664
15833,142,63,19.833334,70.25
15834,142,64,19.833334,70.333336
15835,142,65,19.833334,70.416664
15836,142,66,19.833334,70.5
15837,142,67,19.833334,70.583336
15838,142,68,19.833334,70.666664
15839,142,69,19.833334,70.75
15840,142,70,19.833334,70.833336
15841,142,71,19.833334,70.916664
15842,142,72,19.833334,71.0
15843,142,73,19.833334,71.083336
15844,142,74,19.833334,71.166664
15845,142,75,19.833334,71.25
15846,142,76,19.833334,71.333336
15847,142,77,19.833334,71.416664
15848,142,78,19.833334,71.5
15849,142,79,19.833334,71.583336
15850,142,80,19.833334,71.666664
15851,142,81,19.833334,71.75
15852,142,82,19.833334,71.833336
15853,142,83,19.833334,71.916664
15854,142,84,19.833334,72.0
15855,142,85,19.833334,72.083336
15856,142,86,19.833334,72.166664
15857,142,87,19.833334,72.25
15858,142,88,19.833334,72.333336
15859,142,89,19.833334,72.416664
15860,142,90,19.833334,72.5
15861,142,91,19.833334,72.583336
15862,142,92,19.833334,72.666664
15863,143,0,19.916666,65.0
15864,143,1,19.916666,65.083336
15865,143,2,19.916666,65.166664
15866,143,3,19.916666,65.25
15867,143,4,19.916666,65.333336
15868,143,5,19.916666,65.416664
15869,143,6,19.916666,65.5
15870,143,7,19.916666,65.583336
15871,143,8,19.916666,65.666664
15872,143,9,19.916666,65.75
15873,143,10,19.916666,65.833336
15874,143,11,19.916666,65.916664
15875,143,12,19.916666,66.0
15876,143,13,19.916666,66.083336
15877,143,14,19.916666,66.166664
15878,143,15,19.916666,66.25
15879,143,16,19.916666,66.333336
15880,143,17,19.916666,66.416664
15881,143,18,19.916666,66.5
15882,143,19,19.916666,66.583336
15883,143,20,19.916666,66.666664
15884,143,21,19.916666,66.75
15885,143,22,19.916666,66.833336
15886,143,23,19.916666,66.916664
15887,143,24,19.916666,67.0
15888,143,25,19.916666,67.083336
15889,143,26,19.916666,67.166664
15890,143,27,19.916666,67.25
15891,143,28,19.916666,67.333336
15892,143,29,19.916666,67.416664
15893,143,30,19.916666,67.5
15894,143,31,19.916666,67.583336
15895,143,32,19.916666,67.666664
15896,143,33,19.916666,67.75
15897,143,34,19.916666,67.833336
15898,143,35,19.916666,67.916664
15899,143,36,19.916666,68.0
15900,143,37,19.916666,68.083336
15901,143,38,19.916666,68.166664
15902,143,39,19.916666,68.25
15903,143,40,19.916666,68.333336
15904,143,41,19.916666,68.416664
15905,143,42,19.916666,68.5
15906,143,43,19.916666,68.583336
15907,143,44,19.916666,68.666664
15908,143,45,19.916666,68.75
15909,143,46,19.916666,68.833336
15910,143,47,19.916666,68.916664
15911,143,48,19.916666,69.0
15912,143,49,19.916666,69.083336
15913,143,50,19.916666,69.166664
15914,143,51,19.916666,69.25
15915,143,52,19.916666,69.333336
15916,143,53,19.916666,69.416664
15917,143,54,19.916666,69.5
15918,143,55,19.916666,69.583336
15919,143,56,19.916666,69.666664
15920,143,57,19.916666,69.75
15921,143,58,19.916666,69.833336
15922,143,59,19.916666,69.916664
15923,143,60,19.916666,70.0
15924,143,61,19.916666,70.083336
15925,143,62,19.916666,70.166664
15926,143,63,19.916666,70.25
15927,143,64,19.916666,70.333336
15928,143,65,19.916666,70.416664
15929,143,66,19.916666,70.5
15930,143,67,19.916666,70.583336
15931,143,68,19.916666,70.666664
15932,143,69,19.916666,70.75
15933,143,70,19.916666,70.833336
15934,143,71,19.916666,70.916664
15935,143,72,19.916666,71.0
15936,143,73,19.916666,71.083336
15937,143,74,19.916666,71.166664
15938,143,75,19.916666,71.25
15939,143,76,19.916666,71.333336
15940,143,77,19.916666,71.416664
15941,143,78,19.916666,71.5
15942,143,79,19.916666,71.583336
15943,143,80,19.916666,71.666664
15944,143,81,19.916666,71.75
15945,143,82,19.916666,71.833336
15946,143,83,19.916666,71.916664
15947,143,84,19.916666,72.0
15948,143,85,19.916666,72.083336
15949,143,86,19.916666,72.166664
15950,143,87,19.916666,72.25
15951,143,88,19.916666,72.333336
15952,143,89,19.916666,72.416664
15953,143,90,19.916666,72.5
15954,143,91,19.916666,72.583336
15955,143,92,19.916666,72.666664
15956,144,0,20.0,65.0
15957,144,1,20.0,65.083336
15958,144,2,20.0,65.166664
15959,144,3,20.0,65.25
15960,144,4,20.0,65.333336
15961,144,5,20.0,65.416664
15962,144,6,20.0,65.5
15963,144,7,20.0,65.583336
15964,144,8,20.0,65.666664
15965,144,9,20.0,65.75
15966,144,10,20.0,65.833336
15967,144,11,20.0,65.916664
15968,144,12,20.0,66.0
15969,144,13,20.0,66.083336
15970,144,14,20.0,66.166664
15971,144,15,20.0,66.25
15972,144,16,20.0,66.333336
15973,144,17,20.0,66.416664
15974,144,18,20.0,66.5
15975,144,19,20.0,66.583336
15976,144,20,20.0,66.666664
15977,144,21,20.0,66.75
15978,144,22,20.0,66.833336
15979,144,23,20.0,66.916664
15980,144,24,20.0,67.0
15981,144,25,20.0,67.083336
15982,144,26,20.0,67.166664
15983,144,27,20.0,67.25
15984,144,28,20.0,67.333336
15985,144,29,20.0,67.416664
15986,144,30,20.0,67.5
15987,144,31,20.0,67.583336
15988,144,32,20.0,67.666664
15989,144,33,20.0,67.75
15990,144,34,20.0,67.833336
15991,144,35,20.0,67.916664
15992,144,36,20.0,68.0
15993,144,37,20.0,68.083336
15994,144,38,20.0,68.166664
15995,144,39,20.0,68.25
15996,144,40,20.0,68.333336
15997,144,41,20.0,68.416664
15998,144,42,20.0,68.5
15999,144,43,20.0,68.583336
16000,144,44,20.0,68.666664
16001,144,45,20.0,68.75
16002,144,46,20.0,68.833336
16003,144,47,20.0,68.916664
16004,144,48,20.0,69.0
16005,144,49,20.0,69.083336
16006,144,50,20.0,69.166664
16007,144,51,20.0,69.25
16008,144,52,20.0,69.333336
16009,144,53,20.0,69.416664
16010,144,54,20.0,69.5
16011,144,55,20.0,69.583336
16012,144,56,20.0,69.666664
16013,144,57,20.0,69.75
16014,144,58,20.0,69.833336
16015,144,59,20.0,69.916664
16016,144,60,20.0,70.0
16017,144,61,20.0,70.083336
16018,144,62,20.0,70.166664
16019,144,63,20.0,70.25
16020,144,64,20.0,70.333336
16021,144,65,20.0,70.416664
16022,144,66,20.0,70.5
16023,144,67,20.0,70.583336
16024,144,68,20.0,70.666664
16025,144,69,20.0,70.75
16026,144,70,20.0,70.833336
16027,144,71,20.0,70.916664
16028,144,72,20.0,71.0
16029,144,73,20.0,71.083336
16030,144,74,20.0,71.166664
16031,144,75,20.0,71.25
16032,144,76,20.0,71.333336
16033,144,77,20.0,71.416664
16034,144,78,20.0,71.5
16035,144,79,20.0,71.583336
16036,144,80,20.0,71.666664
16037,144,81,20.0,71.75
16038,144,82,20.0,71.833336
16039,144,83,20.0,71.916664
16040,144,84,20.0,72.0
16041,144,85,20.0,72.083336
16042,144,86,20.0,72.166664
16043,144,87,20.0,72.25
16044,144,88,20.0,72.333336
16045,144,89,20.0,72.416664
16046,144,90,20.0,72.5
16047,144,91,20.0,72.583336
16048,144,92,20.0,72.666664
